数据年月,商品编码,商品名称,贸易伙伴编码,贸易伙伴名称,美元
202607,1,第1章   活动物,106,缅甸,1000.0
202607,1,第1章   活动物,114,伊拉克,6840.0
202607,1,第1章   活动物,115,以色列,4500.0
202607,1,第1章   活动物,121,中国澳门,3506754.0
202607,1,第1章   活动物,131,沙特阿拉伯,6040.0
202607,1,第1章   活动物,302,丹麦,31226.0
202607,1,第1章   活动物,330,瑞典,7056.0
202607,1,第1章   活动物,331,瑞士,732.0
202607,2,第2章   肉及食用杂碎,101,阿富汗,681708.0
202607,2,第2章   肉及食用杂碎,106,缅甸,1745749.0
202607,2,第2章   肉及食用杂碎,107,柬埔寨,14592307.0
202607,2,第2章   肉及食用杂碎,114,伊拉克,6181043.0
202607,2,第2章   肉及食用杂碎,117,约旦,3942940.0
202607,2,第2章   肉及食用杂碎,121,中国澳门,6044009.0
202607,2,第2章   肉及食用杂碎,130,卡塔尔,4041852.0
202607,2,第2章   肉及食用杂碎,146,吉尔吉斯斯坦,7069921.0
202607,2,第2章   肉及食用杂碎,214,吉布提,40085.0
202607,2,第2章   肉及食用杂碎,216,赤道几内亚,227421.0
202607,2,第2章   肉及食用杂碎,226,利比亚,4386105.0
202607,2,第2章   肉及食用杂碎,236,尼日利亚,681850.0
202607,2,第2章   肉及食用杂碎,247,坦桑尼亚,214911.0
202607,2,第2章   肉及食用杂碎,248,多哥,116602.0
202607,2,第2章   肉及食用杂碎,352,捷克,345174.0
202607,2,第2章   肉及食用杂碎,606,瑙鲁,133031.0
202607,2,第2章   肉及食用杂碎,609,新西兰,24500.0
202607,2,第2章   肉及食用杂碎,611,巴布亚新几内亚,34381.0
202607,3,第3章   鱼、甲壳动物、软体动物及其他水生无脊椎动物,101,阿富汗,117.0
202607,3,第3章   鱼、甲壳动物、软体动物及其他水生无脊椎动物,103,孟加拉国,28328.0
202607,3,第3章   鱼、甲壳动物、软体动物及其他水生无脊椎动物,105,文莱,136808.0
202607,3,第3章   鱼、甲壳动物、软体动物及其他水生无脊椎动物,106,缅甸,23672.0
202607,3,第3章   鱼、甲壳动物、软体动物及其他水生无脊椎动物,107,柬埔寨,97864.0
202607,3,第3章   鱼、甲壳动物、软体动物及其他水生无脊椎动物,115,以色列,1697011.0
202607,3,第3章   鱼、甲壳动物、软体动物及其他水生无脊椎动物,117,约旦,152402.0
202607,3,第3章   鱼、甲壳动物、软体动物及其他水生无脊椎动物,121,中国澳门,3003229.0
202607,3,第3章   鱼、甲壳动物、软体动物及其他水生无脊椎动物,130,卡塔尔,42659.0
202607,3,第3章   鱼、甲壳动物、软体动物及其他水生无脊椎动物,134,斯里兰卡,1680704.0
202607,3,第3章   鱼、甲壳动物、软体动物及其他水生无脊椎动物,144,东帝汶,91600.0
202607,3,第3章   鱼、甲壳动物、软体动物及其他水生无脊椎动物,146,吉尔吉斯斯坦,39500.0
202607,3,第3章   鱼、甲壳动物、软体动物及其他水生无脊椎动物,201,阿尔及利亚,329460.0
202607,3,第3章   鱼、甲壳动物、软体动物及其他水生无脊椎动物,215,埃及,1093565.0
202607,3,第3章   鱼、甲壳动物、软体动物及其他水生无脊椎动物,216,赤道几内亚,123240.0
202607,3,第3章   鱼、甲壳动物、软体动物及其他水生无脊椎动物,226,利比亚,346040.0
202607,3,第3章   鱼、甲壳动物、软体动物及其他水生无脊椎动物,229,马里,3471447.0
202607,3,第3章   鱼、甲壳动物、软体动物及其他水生无脊椎动物,232,摩洛哥,956082.0
202607,3,第3章   鱼、甲壳动物、软体动物及其他水生无脊椎动物,236,尼日利亚,4563714.0
202607,3,第3章   鱼、甲壳动物、软体动物及其他水生无脊椎动物,238,卢旺达,4489374.0
202607,3,第3章   鱼、甲壳动物、软体动物及其他水生无脊椎动物,247,坦桑尼亚,862679.0
202607,3,第3章   鱼、甲壳动物、软体动物及其他水生无脊椎动物,248,多哥,440371.0
202607,3,第3章   鱼、甲壳动物、软体动物及其他水生无脊椎动物,251,布基纳法索,8366469.0
202607,3,第3章   鱼、甲壳动物、软体动物及其他水生无脊椎动物,253,赞比亚,188089.0
202607,3,第3章   鱼、甲壳动物、软体动物及其他水生无脊椎动物,302,丹麦,2129637.0
202607,3,第3章   鱼、甲壳动物、软体动物及其他水生无脊椎动物,311,葡萄牙,18944943.0
202607,3,第3章   鱼、甲壳动物、软体动物及其他水生无脊椎动物,328,罗马尼亚,308573.0
202607,3,第3章   鱼、甲壳动物、软体动物及其他水生无脊椎动物,330,瑞典,7132515.0
202607,3,第3章   鱼、甲壳动物、软体动物及其他水生无脊椎动物,331,瑞士,234000.0
202607,3,第3章   鱼、甲壳动物、软体动物及其他水生无脊椎动物,335,拉脱维亚,205206.0
202607,3,第3章   鱼、甲壳动物、软体动物及其他水生无脊椎动物,343,摩尔多瓦,64663.0
202607,3,第3章   鱼、甲壳动物、软体动物及其他水生无脊椎动物,347,乌克兰,1715674.0
202607,3,第3章   鱼、甲壳动物、软体动物及其他水生无脊椎动物,352,捷克,553998.0
202607,3,第3章   鱼、甲壳动物、软体动物及其他水生无脊椎动物,353,斯洛伐克,630562.0
202607,3,第3章   鱼、甲壳动物、软体动物及其他水生无脊椎动物,412,智利,1690854.0
202607,3,第3章   鱼、甲壳动物、软体动物及其他水生无脊椎动物,413,哥伦比亚,1402555.0
202607,3,第3章   鱼、甲壳动物、软体动物及其他水生无脊椎动物,418,多米尼加 ,2504771.0
202607,3,第3章   鱼、甲壳动物、软体动物及其他水生无脊椎动物,419,厄瓜多尔,611657.0
202607,3,第3章   鱼、甲壳动物、软体动物及其他水生无脊椎动物,423,危地马拉,1159340.0
202607,3,第3章   鱼、甲壳动物、软体动物及其他水生无脊椎动物,432,巴拿马,227808.0
202607,3,第3章   鱼、甲壳动物、软体动物及其他水生无脊椎动物,434,秘鲁,1502370.0
202607,3,第3章   鱼、甲壳动物、软体动物及其他水生无脊椎动物,603,斐济,1041026.0
202607,3,第3章   鱼、甲壳动物、软体动物及其他水生无脊椎动物,609,新西兰,2312795.0
202607,3,第3章   鱼、甲壳动物、软体动物及其他水生无脊椎动物,611,巴布亚新几内亚,19620.0
202607,3,第3章   鱼、甲壳动物、软体动物及其他水生无脊椎动物,613,所罗门群岛,289360.0
202607,4,第4章   乳品；蛋品；天然蜂蜜；其他食用动物产品,103,孟加拉国,965007.0
202607,4,第4章   乳品；蛋品；天然蜂蜜；其他食用动物产品,105,文莱,90373.0
202607,4,第4章   乳品；蛋品；天然蜂蜜；其他食用动物产品,106,缅甸,930288.0
202607,4,第4章   乳品；蛋品；天然蜂蜜；其他食用动物产品,107,柬埔寨,343873.0
202607,4,第4章   乳品；蛋品；天然蜂蜜；其他食用动物产品,114,伊拉克,14750.0
202607,4,第4章   乳品；蛋品；天然蜂蜜；其他食用动物产品,115,以色列,54628.0
202607,4,第4章   乳品；蛋品；天然蜂蜜；其他食用动物产品,121,中国澳门,2572505.0
202607,4,第4章   乳品；蛋品；天然蜂蜜；其他食用动物产品,130,卡塔尔,58537.0
202607,4,第4章   乳品；蛋品；天然蜂蜜；其他食用动物产品,131,沙特阿拉伯,867438.0
202607,4,第4章   乳品；蛋品；天然蜂蜜；其他食用动物产品,134,斯里兰卡,172748.0
202607,4,第4章   乳品；蛋品；天然蜂蜜；其他食用动物产品,146,吉尔吉斯斯坦,3205.0
202607,4,第4章   乳品；蛋品；天然蜂蜜；其他食用动物产品,215,埃及,9500.0
202607,4,第4章   乳品；蛋品；天然蜂蜜；其他食用动物产品,226,利比亚,71943.0
202607,4,第4章   乳品；蛋品；天然蜂蜜；其他食用动物产品,232,摩洛哥,436849.0
202607,4,第4章   乳品；蛋品；天然蜂蜜；其他食用动物产品,236,尼日利亚,3794058.0
202607,4,第4章   乳品；蛋品；天然蜂蜜；其他食用动物产品,246,苏丹,37853.0
202607,4,第4章   乳品；蛋品；天然蜂蜜；其他食用动物产品,302,丹麦,471699.0
202607,4,第4章   乳品；蛋品；天然蜂蜜；其他食用动物产品,311,葡萄牙,154774.0
202607,4,第4章   乳品；蛋品；天然蜂蜜；其他食用动物产品,328,罗马尼亚,323921.0
202607,4,第4章   乳品；蛋品；天然蜂蜜；其他食用动物产品,343,摩尔多瓦,1548.0
202607,4,第4章   乳品；蛋品；天然蜂蜜；其他食用动物产品,353,斯洛伐克,163250.0
202607,4,第4章   乳品；蛋品；天然蜂蜜；其他食用动物产品,354,北马其顿,32454.0
202607,4,第4章   乳品；蛋品；天然蜂蜜；其他食用动物产品,402,阿根廷,15800.0
202607,4,第4章   乳品；蛋品；天然蜂蜜；其他食用动物产品,606,瑙鲁,66979.0
202607,4,第4章   乳品；蛋品；天然蜂蜜；其他食用动物产品,609,新西兰,268044.0
202607,4,第4章   乳品；蛋品；天然蜂蜜；其他食用动物产品,622,帕劳,2751.0
202607,5,第5章   其他动物产品,103,孟加拉国,2486199.0
202607,5,第5章   其他动物产品,106,缅甸,3365980.0
202607,5,第5章   其他动物产品,107,柬埔寨,1722139.0
202607,5,第5章   其他动物产品,115,以色列,40.0
202607,5,第5章   其他动物产品,121,中国澳门,54292.0
202607,5,第5章   其他动物产品,134,斯里兰卡,31120.0
202607,5,第5章   其他动物产品,201,阿尔及利亚,25031.0
202607,5,第5章   其他动物产品,215,埃及,94919.0
202607,5,第5章   其他动物产品,226,利比亚,3988.0
202607,5,第5章   其他动物产品,232,摩洛哥,604128.0
202607,5,第5章   其他动物产品,247,坦桑尼亚,44.0
202607,5,第5章   其他动物产品,302,丹麦,568537.0
202607,5,第5章   其他动物产品,311,葡萄牙,512869.0
202607,5,第5章   其他动物产品,328,罗马尼亚,648462.0
202607,5,第5章   其他动物产品,330,瑞典,15066.0
202607,5,第5章   其他动物产品,331,瑞士,481901.0
202607,5,第5章   其他动物产品,347,乌克兰,253000.0
202607,5,第5章   其他动物产品,352,捷克,281479.0
202607,5,第5章   其他动物产品,402,阿根廷,7450.0
202607,5,第5章   其他动物产品,412,智利,85866.0
202607,5,第5章   其他动物产品,413,哥伦比亚,82885.0
202607,5,第5章   其他动物产品,434,秘鲁,76804.0
202607,5,第5章   其他动物产品,609,新西兰,21092.0
202607,6,第6章   活树及其他活植物；鳞茎、根及类似品；插花及装饰用簇叶,103,孟加拉国,51558.0
202607,6,第6章   活树及其他活植物；鳞茎、根及类似品；插花及装饰用簇叶,105,文莱,14422.0
202607,6,第6章   活树及其他活植物；鳞茎、根及类似品；插花及装饰用簇叶,106,缅甸,115984.0
202607,6,第6章   活树及其他活植物；鳞茎、根及类似品；插花及装饰用簇叶,107,柬埔寨,37055.0
202607,6,第6章   活树及其他活植物；鳞茎、根及类似品；插花及装饰用簇叶,114,伊拉克,28838.0
202607,6,第6章   活树及其他活植物；鳞茎、根及类似品；插花及装饰用簇叶,115,以色列,104653.0
202607,6,第6章   活树及其他活植物；鳞茎、根及类似品；插花及装饰用簇叶,117,约旦,86503.0
202607,6,第6章   活树及其他活植物；鳞茎、根及类似品；插花及装饰用簇叶,121,中国澳门,182183.0
202607,6,第6章   活树及其他活植物；鳞茎、根及类似品；插花及装饰用簇叶,130,卡塔尔,6468.0
202607,6,第6章   活树及其他活植物；鳞茎、根及类似品；插花及装饰用簇叶,131,沙特阿拉伯,63118.0
202607,6,第6章   活树及其他活植物；鳞茎、根及类似品；插花及装饰用簇叶,134,斯里兰卡,81828.0
202607,6,第6章   活树及其他活植物；鳞茎、根及类似品；插花及装饰用簇叶,146,吉尔吉斯斯坦,392025.0
202607,6,第6章   活树及其他活植物；鳞茎、根及类似品；插花及装饰用簇叶,215,埃及,6562.0
202607,6,第6章   活树及其他活植物；鳞茎、根及类似品；插花及装饰用簇叶,226,利比亚,90968.0
202607,6,第6章   活树及其他活植物；鳞茎、根及类似品；插花及装饰用簇叶,232,摩洛哥,6750.0
202607,6,第6章   活树及其他活植物；鳞茎、根及类似品；插花及装饰用簇叶,253,赞比亚,307.0
202607,6,第6章   活树及其他活植物；鳞茎、根及类似品；插花及装饰用簇叶,302,丹麦,207002.0
202607,6,第6章   活树及其他活植物；鳞茎、根及类似品；插花及装饰用簇叶,311,葡萄牙,61869.0
202607,6,第6章   活树及其他活植物；鳞茎、根及类似品；插花及装饰用簇叶,328,罗马尼亚,40428.0
202607,6,第6章   活树及其他活植物；鳞茎、根及类似品；插花及装饰用簇叶,330,瑞典,494.0
202607,6,第6章   活树及其他活植物；鳞茎、根及类似品；插花及装饰用簇叶,331,瑞士,2389.0
202607,6,第6章   活树及其他活植物；鳞茎、根及类似品；插花及装饰用簇叶,347,乌克兰,2557.0
202607,6,第6章   活树及其他活植物；鳞茎、根及类似品；插花及装饰用簇叶,353,斯洛伐克,833.0
202607,6,第6章   活树及其他活植物；鳞茎、根及类似品；插花及装饰用簇叶,402,阿根廷,17140.0
202607,6,第6章   活树及其他活植物；鳞茎、根及类似品；插花及装饰用簇叶,412,智利,36830.0
202607,6,第6章   活树及其他活植物；鳞茎、根及类似品；插花及装饰用簇叶,413,哥伦比亚,10400.0
202607,6,第6章   活树及其他活植物；鳞茎、根及类似品；插花及装饰用簇叶,418,多米尼加 ,25284.0
202607,6,第6章   活树及其他活植物；鳞茎、根及类似品；插花及装饰用簇叶,433,巴拉圭,195.0
202607,6,第6章   活树及其他活植物；鳞茎、根及类似品；插花及装饰用簇叶,609,新西兰,126650.0
202607,7,第7章   食用蔬菜、根及块茎,101,阿富汗,502.0
202607,7,第7章   食用蔬菜、根及块茎,103,孟加拉国,6588201.0
202607,7,第7章   食用蔬菜、根及块茎,105,文莱,768842.0
202607,7,第7章   食用蔬菜、根及块茎,106,缅甸,2248146.0
202607,7,第7章   食用蔬菜、根及块茎,107,柬埔寨,432346.0
202607,7,第7章   食用蔬菜、根及块茎,114,伊拉克,397900.0
202607,7,第7章   食用蔬菜、根及块茎,115,以色列,3902191.0
202607,7,第7章   食用蔬菜、根及块茎,117,约旦,22900.0
202607,7,第7章   食用蔬菜、根及块茎,121,中国澳门,1783369.0
202607,7,第7章   食用蔬菜、根及块茎,130,卡塔尔,199180.0
202607,7,第7章   食用蔬菜、根及块茎,131,沙特阿拉伯,5518197.0
202607,7,第7章   食用蔬菜、根及块茎,134,斯里兰卡,4170485.0
202607,7,第7章   食用蔬菜、根及块茎,144,东帝汶,193898.0
202607,7,第7章   食用蔬菜、根及块茎,146,吉尔吉斯斯坦,13623108.0
202607,7,第7章   食用蔬菜、根及块茎,201,阿尔及利亚,132234.0
202607,7,第7章   食用蔬菜、根及块茎,214,吉布提,62860.0
202607,7,第7章   食用蔬菜、根及块茎,215,埃及,443838.0
202607,7,第7章   食用蔬菜、根及块茎,216,赤道几内亚,143146.0
202607,7,第7章   食用蔬菜、根及块茎,226,利比亚,154690.0
202607,7,第7章   食用蔬菜、根及块茎,229,马里,431245.0
202607,7,第7章   食用蔬菜、根及块茎,232,摩洛哥,127605.0
202607,7,第7章   食用蔬菜、根及块茎,236,尼日利亚,477870.0
202607,7,第7章   食用蔬菜、根及块茎,247,坦桑尼亚,228878.0
202607,7,第7章   食用蔬菜、根及块茎,248,多哥,186165.0
202607,7,第7章   食用蔬菜、根及块茎,251,布基纳法索,242540.0
202607,7,第7章   食用蔬菜、根及块茎,253,赞比亚,65166.0
202607,7,第7章   食用蔬菜、根及块茎,302,丹麦,624196.0
202607,7,第7章   食用蔬菜、根及块茎,311,葡萄牙,69557.0
202607,7,第7章   食用蔬菜、根及块茎,328,罗马尼亚,341137.0
202607,7,第7章   食用蔬菜、根及块茎,330,瑞典,856551.0
202607,7,第7章   食用蔬菜、根及块茎,331,瑞士,563706.0
202607,7,第7章   食用蔬菜、根及块茎,334,爱沙尼亚,306419.0
202607,7,第7章   食用蔬菜、根及块茎,335,拉脱维亚,126941.0
202607,7,第7章   食用蔬菜、根及块茎,343,摩尔多瓦,283769.0
202607,7,第7章   食用蔬菜、根及块茎,347,乌克兰,621899.0
202607,7,第7章   食用蔬菜、根及块茎,352,捷克,444526.0
202607,7,第7章   食用蔬菜、根及块茎,353,斯洛伐克,196620.0
202607,7,第7章   食用蔬菜、根及块茎,355,波斯尼亚和黑塞哥维那,32517.0
202607,7,第7章   食用蔬菜、根及块茎,402,阿根廷,605868.0
202607,7,第7章   食用蔬菜、根及块茎,412,智利,2778509.0
202607,7,第7章   食用蔬菜、根及块茎,413,哥伦比亚,4605954.0
202607,7,第7章   食用蔬菜、根及块茎,416,古巴,13000.0
202607,7,第7章   食用蔬菜、根及块茎,418,多米尼加 ,839674.0
202607,7,第7章   食用蔬菜、根及块茎,419,厄瓜多尔,1177129.0
202607,7,第7章   食用蔬菜、根及块茎,423,危地马拉,926397.0
202607,7,第7章   食用蔬菜、根及块茎,426,洪都拉斯,395768.0
202607,7,第7章   食用蔬菜、根及块茎,432,巴拿马,631147.0
202607,7,第7章   食用蔬菜、根及块茎,433,巴拉圭,746597.0
202607,7,第7章   食用蔬菜、根及块茎,434,秘鲁,363842.0
202607,7,第7章   食用蔬菜、根及块茎,445,委内瑞拉,286111.0
202607,7,第7章   食用蔬菜、根及块茎,603,斐济,379739.0
202607,7,第7章   食用蔬菜、根及块茎,606,瑙鲁,4239.0
202607,7,第7章   食用蔬菜、根及块茎,609,新西兰,1512216.0
202607,7,第7章   食用蔬菜、根及块茎,611,巴布亚新几内亚,186989.0
202607,7,第7章   食用蔬菜、根及块茎,613,所罗门群岛,31228.0
202607,7,第7章   食用蔬菜、根及块茎,622,帕劳,6493.0
202607,7,第7章   食用蔬菜、根及块茎,623,法属波利尼西亚,12288.0
202607,8,第8章   食用水果及坚果；甜瓜或柑橘属水果的果皮,101,阿富汗,3752435.0
202607,8,第8章   食用水果及坚果；甜瓜或柑橘属水果的果皮,103,孟加拉国,13739869.0
202607,8,第8章   食用水果及坚果；甜瓜或柑橘属水果的果皮,105,文莱,37007.0
202607,8,第8章   食用水果及坚果；甜瓜或柑橘属水果的果皮,106,缅甸,624201.0
202607,8,第8章   食用水果及坚果；甜瓜或柑橘属水果的果皮,107,柬埔寨,493808.0
202607,8,第8章   食用水果及坚果；甜瓜或柑橘属水果的果皮,114,伊拉克,1165469.0
202607,8,第8章   食用水果及坚果；甜瓜或柑橘属水果的果皮,115,以色列,2539143.0
202607,8,第8章   食用水果及坚果；甜瓜或柑橘属水果的果皮,117,约旦,94010.0
202607,8,第8章   食用水果及坚果；甜瓜或柑橘属水果的果皮,121,中国澳门,1134467.0
202607,8,第8章   食用水果及坚果；甜瓜或柑橘属水果的果皮,130,卡塔尔,210040.0
202607,8,第8章   食用水果及坚果；甜瓜或柑橘属水果的果皮,131,沙特阿拉伯,962335.0
202607,8,第8章   食用水果及坚果；甜瓜或柑橘属水果的果皮,134,斯里兰卡,1325365.0
202607,8,第8章   食用水果及坚果；甜瓜或柑橘属水果的果皮,144,东帝汶,161069.0
202607,8,第8章   食用水果及坚果；甜瓜或柑橘属水果的果皮,146,吉尔吉斯斯坦,26775853.0
202607,8,第8章   食用水果及坚果；甜瓜或柑橘属水果的果皮,201,阿尔及利亚,98200.0
202607,8,第8章   食用水果及坚果；甜瓜或柑橘属水果的果皮,215,埃及,657785.0
202607,8,第8章   食用水果及坚果；甜瓜或柑橘属水果的果皮,226,利比亚,820229.0
202607,8,第8章   食用水果及坚果；甜瓜或柑橘属水果的果皮,232,摩洛哥,552905.0
202607,8,第8章   食用水果及坚果；甜瓜或柑橘属水果的果皮,236,尼日利亚,216037.0
202607,8,第8章   食用水果及坚果；甜瓜或柑橘属水果的果皮,247,坦桑尼亚,1388.0
202607,8,第8章   食用水果及坚果；甜瓜或柑橘属水果的果皮,302,丹麦,169424.0
202607,8,第8章   食用水果及坚果；甜瓜或柑橘属水果的果皮,311,葡萄牙,188066.0
202607,8,第8章   食用水果及坚果；甜瓜或柑橘属水果的果皮,328,罗马尼亚,1102089.0
202607,8,第8章   食用水果及坚果；甜瓜或柑橘属水果的果皮,330,瑞典,151769.0
202607,8,第8章   食用水果及坚果；甜瓜或柑橘属水果的果皮,331,瑞士,10.0
202607,8,第8章   食用水果及坚果；甜瓜或柑橘属水果的果皮,334,爱沙尼亚,1200.0
202607,8,第8章   食用水果及坚果；甜瓜或柑橘属水果的果皮,335,拉脱维亚,167635.0
202607,8,第8章   食用水果及坚果；甜瓜或柑橘属水果的果皮,343,摩尔多瓦,155325.0
202607,8,第8章   食用水果及坚果；甜瓜或柑橘属水果的果皮,347,乌克兰,269080.0
202607,8,第8章   食用水果及坚果；甜瓜或柑橘属水果的果皮,352,捷克,1926658.0
202607,8,第8章   食用水果及坚果；甜瓜或柑橘属水果的果皮,353,斯洛伐克,1284675.0
202607,8,第8章   食用水果及坚果；甜瓜或柑橘属水果的果皮,355,波斯尼亚和黑塞哥维那,455583.0
202607,8,第8章   食用水果及坚果；甜瓜或柑橘属水果的果皮,402,阿根廷,249505.0
202607,8,第8章   食用水果及坚果；甜瓜或柑橘属水果的果皮,412,智利,245410.0
202607,8,第8章   食用水果及坚果；甜瓜或柑橘属水果的果皮,413,哥伦比亚,89160.0
202607,8,第8章   食用水果及坚果；甜瓜或柑橘属水果的果皮,418,多米尼加 ,488329.0
202607,8,第8章   食用水果及坚果；甜瓜或柑橘属水果的果皮,419,厄瓜多尔,147276.0
202607,8,第8章   食用水果及坚果；甜瓜或柑橘属水果的果皮,423,危地马拉,363788.0
202607,8,第8章   食用水果及坚果；甜瓜或柑橘属水果的果皮,432,巴拿马,120837.0
202607,8,第8章   食用水果及坚果；甜瓜或柑橘属水果的果皮,434,秘鲁,51330.0
202607,8,第8章   食用水果及坚果；甜瓜或柑橘属水果的果皮,603,斐济,6560.0
202607,8,第8章   食用水果及坚果；甜瓜或柑橘属水果的果皮,606,瑙鲁,6412.0
202607,8,第8章   食用水果及坚果；甜瓜或柑橘属水果的果皮,609,新西兰,1511961.0
202607,8,第8章   食用水果及坚果；甜瓜或柑橘属水果的果皮,611,巴布亚新几内亚,144510.0
202607,9,第9章   咖啡、茶、马黛茶及调味香料,101,阿富汗,483256.0
202607,9,第9章   咖啡、茶、马黛茶及调味香料,103,孟加拉国,7647743.0
202607,9,第9章   咖啡、茶、马黛茶及调味香料,105,文莱,99114.0
202607,9,第9章   咖啡、茶、马黛茶及调味香料,106,缅甸,536796.0
202607,9,第9章   咖啡、茶、马黛茶及调味香料,107,柬埔寨,301041.0
202607,9,第9章   咖啡、茶、马黛茶及调味香料,114,伊拉克,481772.0
202607,9,第9章   咖啡、茶、马黛茶及调味香料,115,以色列,602813.0
202607,9,第9章   咖啡、茶、马黛茶及调味香料,117,约旦,332223.0
202607,9,第9章   咖啡、茶、马黛茶及调味香料,121,中国澳门,222476.0
202607,9,第9章   咖啡、茶、马黛茶及调味香料,130,卡塔尔,239773.0
202607,9,第9章   咖啡、茶、马黛茶及调味香料,131,沙特阿拉伯,5022762.0
202607,9,第9章   咖啡、茶、马黛茶及调味香料,134,斯里兰卡,403948.0
202607,9,第9章   咖啡、茶、马黛茶及调味香料,146,吉尔吉斯斯坦,689952.0
202607,9,第9章   咖啡、茶、马黛茶及调味香料,201,阿尔及利亚,2581759.0
202607,9,第9章   咖啡、茶、马黛茶及调味香料,214,吉布提,243650.0
202607,9,第9章   咖啡、茶、马黛茶及调味香料,215,埃及,1050320.0
202607,9,第9章   咖啡、茶、马黛茶及调味香料,226,利比亚,1440966.0
202607,9,第9章   咖啡、茶、马黛茶及调味香料,229,马里,4065437.0
202607,9,第9章   咖啡、茶、马黛茶及调味香料,232,摩洛哥,16043580.0
202607,9,第9章   咖啡、茶、马黛茶及调味香料,236,尼日利亚,1169273.0
202607,9,第9章   咖啡、茶、马黛茶及调味香料,246,苏丹,2830311.0
202607,9,第9章   咖啡、茶、马黛茶及调味香料,248,多哥,1181699.0
202607,9,第9章   咖啡、茶、马黛茶及调味香料,251,布基纳法索,927386.0
202607,9,第9章   咖啡、茶、马黛茶及调味香料,302,丹麦,11026.0
202607,9,第9章   咖啡、茶、马黛茶及调味香料,311,葡萄牙,62550.0
202607,9,第9章   咖啡、茶、马黛茶及调味香料,328,罗马尼亚,785386.0
202607,9,第9章   咖啡、茶、马黛茶及调味香料,330,瑞典,266065.0
202607,9,第9章   咖啡、茶、马黛茶及调味香料,331,瑞士,108247.0
202607,9,第9章   咖啡、茶、马黛茶及调味香料,335,拉脱维亚,64812.0
202607,9,第9章   咖啡、茶、马黛茶及调味香料,343,摩尔多瓦,9735.0
202607,9,第9章   咖啡、茶、马黛茶及调味香料,347,乌克兰,861545.0
202607,9,第9章   咖啡、茶、马黛茶及调味香料,352,捷克,204399.0
202607,9,第9章   咖啡、茶、马黛茶及调味香料,353,斯洛伐克,62453.0
202607,9,第9章   咖啡、茶、马黛茶及调味香料,402,阿根廷,270322.0
202607,9,第9章   咖啡、茶、马黛茶及调味香料,411,开曼群岛,370.0
202607,9,第9章   咖啡、茶、马黛茶及调味香料,412,智利,255221.0
202607,9,第9章   咖啡、茶、马黛茶及调味香料,413,哥伦比亚,189619.0
202607,9,第9章   咖啡、茶、马黛茶及调味香料,416,古巴,51565.0
202607,9,第9章   咖啡、茶、马黛茶及调味香料,418,多米尼加 ,28940.0
202607,9,第9章   咖啡、茶、马黛茶及调味香料,419,厄瓜多尔,14725.0
202607,9,第9章   咖啡、茶、马黛茶及调味香料,423,危地马拉,21853.0
202607,9,第9章   咖啡、茶、马黛茶及调味香料,426,洪都拉斯,10000.0
202607,9,第9章   咖啡、茶、马黛茶及调味香料,432,巴拿马,61483.0
202607,9,第9章   咖啡、茶、马黛茶及调味香料,434,秘鲁,166119.0
202607,9,第9章   咖啡、茶、马黛茶及调味香料,445,委内瑞拉,42256.0
202607,9,第9章   咖啡、茶、马黛茶及调味香料,609,新西兰,90000.0
202607,10,第10章  谷物,103,孟加拉国,20.0
202607,10,第10章  谷物,105,文莱,167042.0
202607,10,第10章  谷物,121,中国澳门,103696.0
202607,10,第10章  谷物,134,斯里兰卡,28845.0
202607,10,第10章  谷物,146,吉尔吉斯斯坦,16738.0
202607,10,第10章  谷物,232,摩洛哥,313.0
202607,10,第10章  谷物,236,尼日利亚,10200.0
202607,10,第10章  谷物,416,古巴,12247993.0
202607,10,第10章  谷物,432,巴拿马,600.0
202607,10,第10章  谷物,609,新西兰,6026.0
202607,10,第10章  谷物,611,巴布亚新几内亚,11723760.0
202607,11,第11章  制粉工业产品；麦芽；淀粉；菊粉；面筋,101,阿富汗,196.0
202607,11,第11章  制粉工业产品；麦芽；淀粉；菊粉；面筋,103,孟加拉国,45435.0
202607,11,第11章  制粉工业产品；麦芽；淀粉；菊粉；面筋,106,缅甸,2335997.0
202607,11,第11章  制粉工业产品；麦芽；淀粉；菊粉；面筋,107,柬埔寨,5584568.0
202607,11,第11章  制粉工业产品；麦芽；淀粉；菊粉；面筋,114,伊拉克,66570.0
202607,11,第11章  制粉工业产品；麦芽；淀粉；菊粉；面筋,115,以色列,39232.0
202607,11,第11章  制粉工业产品；麦芽；淀粉；菊粉；面筋,121,中国澳门,288999.0
202607,11,第11章  制粉工业产品；麦芽；淀粉；菊粉；面筋,131,沙特阿拉伯,58635.0
202607,11,第11章  制粉工业产品；麦芽；淀粉；菊粉；面筋,134,斯里兰卡,818078.0
202607,11,第11章  制粉工业产品；麦芽；淀粉；菊粉；面筋,146,吉尔吉斯斯坦,10794.0
202607,11,第11章  制粉工业产品；麦芽；淀粉；菊粉；面筋,215,埃及,1927.0
202607,11,第11章  制粉工业产品；麦芽；淀粉；菊粉；面筋,236,尼日利亚,38247.0
202607,11,第11章  制粉工业产品；麦芽；淀粉；菊粉；面筋,248,多哥,21250.0
202607,11,第11章  制粉工业产品；麦芽；淀粉；菊粉；面筋,308,卢森堡,1708.0
202607,11,第11章  制粉工业产品；麦芽；淀粉；菊粉；面筋,330,瑞典,4600.0
202607,11,第11章  制粉工业产品；麦芽；淀粉；菊粉；面筋,334,爱沙尼亚,5402.0
202607,11,第11章  制粉工业产品；麦芽；淀粉；菊粉；面筋,352,捷克,98564.0
202607,11,第11章  制粉工业产品；麦芽；淀粉；菊粉；面筋,353,斯洛伐克,19447.0
202607,11,第11章  制粉工业产品；麦芽；淀粉；菊粉；面筋,402,阿根廷,373680.0
202607,11,第11章  制粉工业产品；麦芽；淀粉；菊粉；面筋,412,智利,2406148.0
202607,11,第11章  制粉工业产品；麦芽；淀粉；菊粉；面筋,413,哥伦比亚,83440.0
202607,11,第11章  制粉工业产品；麦芽；淀粉；菊粉；面筋,423,危地马拉,186360.0
202607,11,第11章  制粉工业产品；麦芽；淀粉；菊粉；面筋,432,巴拿马,7795.0
202607,11,第11章  制粉工业产品；麦芽；淀粉；菊粉；面筋,433,巴拉圭,900.0
202607,11,第11章  制粉工业产品；麦芽；淀粉；菊粉；面筋,434,秘鲁,76541.0
202607,11,第11章  制粉工业产品；麦芽；淀粉；菊粉；面筋,445,委内瑞拉,11704.0
202607,11,第11章  制粉工业产品；麦芽；淀粉；菊粉；面筋,603,斐济,2879.0
202607,11,第11章  制粉工业产品；麦芽；淀粉；菊粉；面筋,609,新西兰,260963.0
202607,11,第11章  制粉工业产品；麦芽；淀粉；菊粉；面筋,611,巴布亚新几内亚,9535.0
202607,12,第12章  含油子仁及果实；杂项子仁及果仁；工业用或药用植物；稻草、秸秆及饲料,101,阿富汗,2238124.0
202607,12,第12章  含油子仁及果实；杂项子仁及果仁；工业用或药用植物；稻草、秸秆及饲料,103,孟加拉国,659395.0
202607,12,第12章  含油子仁及果实；杂项子仁及果仁；工业用或药用植物；稻草、秸秆及饲料,105,文莱,26800.0
202607,12,第12章  含油子仁及果实；杂项子仁及果仁；工业用或药用植物；稻草、秸秆及饲料,106,缅甸,679101.0
202607,12,第12章  含油子仁及果实；杂项子仁及果仁；工业用或药用植物；稻草、秸秆及饲料,107,柬埔寨,37185.0
202607,12,第12章  含油子仁及果实；杂项子仁及果仁；工业用或药用植物；稻草、秸秆及饲料,114,伊拉克,7183050.0
202607,12,第12章  含油子仁及果实；杂项子仁及果仁；工业用或药用植物；稻草、秸秆及饲料,115,以色列,4083528.0
202607,12,第12章  含油子仁及果实；杂项子仁及果仁；工业用或药用植物；稻草、秸秆及饲料,117,约旦,2757617.0
202607,12,第12章  含油子仁及果实；杂项子仁及果仁；工业用或药用植物；稻草、秸秆及饲料,121,中国澳门,354025.0
202607,12,第12章  含油子仁及果实；杂项子仁及果仁；工业用或药用植物；稻草、秸秆及饲料,130,卡塔尔,131989.0
202607,12,第12章  含油子仁及果实；杂项子仁及果仁；工业用或药用植物；稻草、秸秆及饲料,131,沙特阿拉伯,3436492.0
202607,12,第12章  含油子仁及果实；杂项子仁及果仁；工业用或药用植物；稻草、秸秆及饲料,134,斯里兰卡,109923.0
202607,12,第12章  含油子仁及果实；杂项子仁及果仁；工业用或药用植物；稻草、秸秆及饲料,146,吉尔吉斯斯坦,1185137.0
202607,12,第12章  含油子仁及果实；杂项子仁及果仁；工业用或药用植物；稻草、秸秆及饲料,201,阿尔及利亚,3530739.0
202607,12,第12章  含油子仁及果实；杂项子仁及果仁；工业用或药用植物；稻草、秸秆及饲料,214,吉布提,157563.0
202607,12,第12章  含油子仁及果实；杂项子仁及果仁；工业用或药用植物；稻草、秸秆及饲料,215,埃及,5954010.0
202607,12,第12章  含油子仁及果实；杂项子仁及果仁；工业用或药用植物；稻草、秸秆及饲料,226,利比亚,1353110.0
202607,12,第12章  含油子仁及果实；杂项子仁及果仁；工业用或药用植物；稻草、秸秆及饲料,232,摩洛哥,869596.0
202607,12,第12章  含油子仁及果实；杂项子仁及果仁；工业用或药用植物；稻草、秸秆及饲料,236,尼日利亚,53592.0
202607,12,第12章  含油子仁及果实；杂项子仁及果仁；工业用或药用植物；稻草、秸秆及饲料,247,坦桑尼亚,425000.0
202607,12,第12章  含油子仁及果实；杂项子仁及果仁；工业用或药用植物；稻草、秸秆及饲料,302,丹麦,428088.0
202607,12,第12章  含油子仁及果实；杂项子仁及果仁；工业用或药用植物；稻草、秸秆及饲料,311,葡萄牙,25896.0
202607,12,第12章  含油子仁及果实；杂项子仁及果仁；工业用或药用植物；稻草、秸秆及饲料,328,罗马尼亚,228267.0
202607,12,第12章  含油子仁及果实；杂项子仁及果仁；工业用或药用植物；稻草、秸秆及饲料,330,瑞典,471787.0
202607,12,第12章  含油子仁及果实；杂项子仁及果仁；工业用或药用植物；稻草、秸秆及饲料,331,瑞士,90099.0
202607,12,第12章  含油子仁及果实；杂项子仁及果仁；工业用或药用植物；稻草、秸秆及饲料,334,爱沙尼亚,65495.0
202607,12,第12章  含油子仁及果实；杂项子仁及果仁；工业用或药用植物；稻草、秸秆及饲料,335,拉脱维亚,90454.0
202607,12,第12章  含油子仁及果实；杂项子仁及果仁；工业用或药用植物；稻草、秸秆及饲料,343,摩尔多瓦,28865.0
202607,12,第12章  含油子仁及果实；杂项子仁及果仁；工业用或药用植物；稻草、秸秆及饲料,347,乌克兰,888123.0
202607,12,第12章  含油子仁及果实；杂项子仁及果仁；工业用或药用植物；稻草、秸秆及饲料,352,捷克,103739.0
202607,12,第12章  含油子仁及果实；杂项子仁及果仁；工业用或药用植物；稻草、秸秆及饲料,354,北马其顿,32238.0
202607,12,第12章  含油子仁及果实；杂项子仁及果仁；工业用或药用植物；稻草、秸秆及饲料,402,阿根廷,594785.0
202607,12,第12章  含油子仁及果实；杂项子仁及果仁；工业用或药用植物；稻草、秸秆及饲料,412,智利,714566.0
202607,12,第12章  含油子仁及果实；杂项子仁及果仁；工业用或药用植物；稻草、秸秆及饲料,413,哥伦比亚,318412.0
202607,12,第12章  含油子仁及果实；杂项子仁及果仁；工业用或药用植物；稻草、秸秆及饲料,416,古巴,4021.0
202607,12,第12章  含油子仁及果实；杂项子仁及果仁；工业用或药用植物；稻草、秸秆及饲料,418,多米尼加 ,86290.0
202607,12,第12章  含油子仁及果实；杂项子仁及果仁；工业用或药用植物；稻草、秸秆及饲料,419,厄瓜多尔,47988.0
202607,12,第12章  含油子仁及果实；杂项子仁及果仁；工业用或药用植物；稻草、秸秆及饲料,423,危地马拉,2124.0
202607,12,第12章  含油子仁及果实；杂项子仁及果仁；工业用或药用植物；稻草、秸秆及饲料,432,巴拿马,16763.0
202607,12,第12章  含油子仁及果实；杂项子仁及果仁；工业用或药用植物；稻草、秸秆及饲料,434,秘鲁,323067.0
202607,12,第12章  含油子仁及果实；杂项子仁及果仁；工业用或药用植物；稻草、秸秆及饲料,445,委内瑞拉,267530.0
202607,12,第12章  含油子仁及果实；杂项子仁及果仁；工业用或药用植物；稻草、秸秆及饲料,609,新西兰,502806.0
202607,13,第13章  虫胶；树胶、树脂及其他植物液、汁,101,阿富汗,65781.0
202607,13,第13章  虫胶；树胶、树脂及其他植物液、汁,103,孟加拉国,1379103.0
202607,13,第13章  虫胶；树胶、树脂及其他植物液、汁,106,缅甸,66344.0
202607,13,第13章  虫胶；树胶、树脂及其他植物液、汁,107,柬埔寨,199576.0
202607,13,第13章  虫胶；树胶、树脂及其他植物液、汁,114,伊拉克,4903.0
202607,13,第13章  虫胶；树胶、树脂及其他植物液、汁,115,以色列,218906.0
202607,13,第13章  虫胶；树胶、树脂及其他植物液、汁,117,约旦,122818.0
202607,13,第13章  虫胶；树胶、树脂及其他植物液、汁,121,中国澳门,199336.0
202607,13,第13章  虫胶；树胶、树脂及其他植物液、汁,128,巴勒斯坦,23800.0
202607,13,第13章  虫胶；树胶、树脂及其他植物液、汁,131,沙特阿拉伯,636494.0
202607,13,第13章  虫胶；树胶、树脂及其他植物液、汁,134,斯里兰卡,110674.0
202607,13,第13章  虫胶；树胶、树脂及其他植物液、汁,146,吉尔吉斯斯坦,18949.0
202607,13,第13章  虫胶；树胶、树脂及其他植物液、汁,201,阿尔及利亚,17737.0
202607,13,第13章  虫胶；树胶、树脂及其他植物液、汁,215,埃及,1973682.0
202607,13,第13章  虫胶；树胶、树脂及其他植物液、汁,226,利比亚,13806.0
202607,13,第13章  虫胶；树胶、树脂及其他植物液、汁,232,摩洛哥,281330.0
202607,13,第13章  虫胶；树胶、树脂及其他植物液、汁,236,尼日利亚,1.0
202607,13,第13章  虫胶；树胶、树脂及其他植物液、汁,253,赞比亚,6248.0
202607,13,第13章  虫胶；树胶、树脂及其他植物液、汁,302,丹麦,1917423.0
202607,13,第13章  虫胶；树胶、树脂及其他植物液、汁,308,卢森堡,12166.0
202607,13,第13章  虫胶；树胶、树脂及其他植物液、汁,311,葡萄牙,42960.0
202607,13,第13章  虫胶；树胶、树脂及其他植物液、汁,328,罗马尼亚,450772.0
202607,13,第13章  虫胶；树胶、树脂及其他植物液、汁,330,瑞典,197771.0
202607,13,第13章  虫胶；树胶、树脂及其他植物液、汁,331,瑞士,39971.0
202607,13,第13章  虫胶；树胶、树脂及其他植物液、汁,334,爱沙尼亚,12936.0
202607,13,第13章  虫胶；树胶、树脂及其他植物液、汁,335,拉脱维亚,27342.0
202607,13,第13章  虫胶；树胶、树脂及其他植物液、汁,343,摩尔多瓦,28461.0
202607,13,第13章  虫胶；树胶、树脂及其他植物液、汁,347,乌克兰,734166.0
202607,13,第13章  虫胶；树胶、树脂及其他植物液、汁,352,捷克,488124.0
202607,13,第13章  虫胶；树胶、树脂及其他植物液、汁,353,斯洛伐克,148044.0
202607,13,第13章  虫胶；树胶、树脂及其他植物液、汁,354,北马其顿,3501.0
202607,13,第13章  虫胶；树胶、树脂及其他植物液、汁,355,波斯尼亚和黑塞哥维那,11707.0
202607,13,第13章  虫胶；树胶、树脂及其他植物液、汁,402,阿根廷,1060310.0
202607,13,第13章  虫胶；树胶、树脂及其他植物液、汁,412,智利,2225505.0
202607,13,第13章  虫胶；树胶、树脂及其他植物液、汁,413,哥伦比亚,840606.0
202607,13,第13章  虫胶；树胶、树脂及其他植物液、汁,418,多米尼加 ,158438.0
202607,13,第13章  虫胶；树胶、树脂及其他植物液、汁,419,厄瓜多尔,807910.0
202607,13,第13章  虫胶；树胶、树脂及其他植物液、汁,423,危地马拉,149565.0
202607,13,第13章  虫胶；树胶、树脂及其他植物液、汁,426,洪都拉斯,3307.0
202607,13,第13章  虫胶；树胶、树脂及其他植物液、汁,433,巴拉圭,10946.0
202607,13,第13章  虫胶；树胶、树脂及其他植物液、汁,434,秘鲁,1605310.0
202607,13,第13章  虫胶；树胶、树脂及其他植物液、汁,445,委内瑞拉,178116.0
202607,13,第13章  虫胶；树胶、树脂及其他植物液、汁,609,新西兰,1828084.0
202607,13,第13章  虫胶；树胶、树脂及其他植物液、汁,623,法属波利尼西亚,1600.0
202607,14,第14章  编结用植物材料；其他植物产品,105,文莱,43401.0
202607,14,第14章  编结用植物材料；其他植物产品,106,缅甸,3964.0
202607,14,第14章  编结用植物材料；其他植物产品,107,柬埔寨,133.0
202607,14,第14章  编结用植物材料；其他植物产品,115,以色列,252556.0
202607,14,第14章  编结用植物材料；其他植物产品,121,中国澳门,27917.0
202607,14,第14章  编结用植物材料；其他植物产品,130,卡塔尔,35657.0
202607,14,第14章  编结用植物材料；其他植物产品,131,沙特阿拉伯,47316.0
202607,14,第14章  编结用植物材料；其他植物产品,134,斯里兰卡,2549.0
202607,14,第14章  编结用植物材料；其他植物产品,146,吉尔吉斯斯坦,9792.0
202607,14,第14章  编结用植物材料；其他植物产品,215,埃及,549.0
202607,14,第14章  编结用植物材料；其他植物产品,236,尼日利亚,6958.0
202607,14,第14章  编结用植物材料；其他植物产品,302,丹麦,313825.0
202607,14,第14章  编结用植物材料；其他植物产品,311,葡萄牙,341591.0
202607,14,第14章  编结用植物材料；其他植物产品,328,罗马尼亚,189663.0
202607,14,第14章  编结用植物材料；其他植物产品,329,圣马力诺,31646.0
202607,14,第14章  编结用植物材料；其他植物产品,330,瑞典,795.0
202607,14,第14章  编结用植物材料；其他植物产品,334,爱沙尼亚,26692.0
202607,14,第14章  编结用植物材料；其他植物产品,335,拉脱维亚,23190.0
202607,14,第14章  编结用植物材料；其他植物产品,343,摩尔多瓦,3575.0
202607,14,第14章  编结用植物材料；其他植物产品,347,乌克兰,25888.0
202607,14,第14章  编结用植物材料；其他植物产品,352,捷克,115794.0
202607,14,第14章  编结用植物材料；其他植物产品,354,北马其顿,1205.0
202607,14,第14章  编结用植物材料；其他植物产品,402,阿根廷,94161.0
202607,14,第14章  编结用植物材料；其他植物产品,412,智利,64690.0
202607,14,第14章  编结用植物材料；其他植物产品,413,哥伦比亚,285505.0
202607,14,第14章  编结用植物材料；其他植物产品,418,多米尼加 ,1528.0
202607,14,第14章  编结用植物材料；其他植物产品,419,厄瓜多尔,682.0
202607,14,第14章  编结用植物材料；其他植物产品,432,巴拿马,12870.0
202607,14,第14章  编结用植物材料；其他植物产品,434,秘鲁,35049.0
202607,14,第14章  编结用植物材料；其他植物产品,603,斐济,1679.0
202607,14,第14章  编结用植物材料；其他植物产品,609,新西兰,158319.0
202607,15,动、植物或微生物油、脂及其分解产品；精制的食用油脂；动、植物蜡,101,阿富汗,110359.0
202607,15,动、植物或微生物油、脂及其分解产品；精制的食用油脂；动、植物蜡,103,孟加拉国,210131.0
202607,15,动、植物或微生物油、脂及其分解产品；精制的食用油脂；动、植物蜡,105,文莱,6866.0
202607,15,动、植物或微生物油、脂及其分解产品；精制的食用油脂；动、植物蜡,106,缅甸,2201832.0
202607,15,动、植物或微生物油、脂及其分解产品；精制的食用油脂；动、植物蜡,107,柬埔寨,211368.0
202607,15,动、植物或微生物油、脂及其分解产品；精制的食用油脂；动、植物蜡,114,伊拉克,8500.0
202607,15,动、植物或微生物油、脂及其分解产品；精制的食用油脂；动、植物蜡,115,以色列,109197.0
202607,15,动、植物或微生物油、脂及其分解产品；精制的食用油脂；动、植物蜡,117,约旦,571038.0
202607,15,动、植物或微生物油、脂及其分解产品；精制的食用油脂；动、植物蜡,121,中国澳门,812147.0
202607,15,动、植物或微生物油、脂及其分解产品；精制的食用油脂；动、植物蜡,130,卡塔尔,617280.0
202607,15,动、植物或微生物油、脂及其分解产品；精制的食用油脂；动、植物蜡,131,沙特阿拉伯,1112238.0
202607,15,动、植物或微生物油、脂及其分解产品；精制的食用油脂；动、植物蜡,134,斯里兰卡,1000540.0
202607,15,动、植物或微生物油、脂及其分解产品；精制的食用油脂；动、植物蜡,146,吉尔吉斯斯坦,276399.0
202607,15,动、植物或微生物油、脂及其分解产品；精制的食用油脂；动、植物蜡,215,埃及,197320.0
202607,15,动、植物或微生物油、脂及其分解产品；精制的食用油脂；动、植物蜡,226,利比亚,2318.0
202607,15,动、植物或微生物油、脂及其分解产品；精制的食用油脂；动、植物蜡,232,摩洛哥,43570.0
202607,15,动、植物或微生物油、脂及其分解产品；精制的食用油脂；动、植物蜡,236,尼日利亚,75242.0
202607,15,动、植物或微生物油、脂及其分解产品；精制的食用油脂；动、植物蜡,302,丹麦,12660.0
202607,15,动、植物或微生物油、脂及其分解产品；精制的食用油脂；动、植物蜡,311,葡萄牙,11742.0
202607,15,动、植物或微生物油、脂及其分解产品；精制的食用油脂；动、植物蜡,330,瑞典,109727.0
202607,15,动、植物或微生物油、脂及其分解产品；精制的食用油脂；动、植物蜡,331,瑞士,575764.0
202607,15,动、植物或微生物油、脂及其分解产品；精制的食用油脂；动、植物蜡,335,拉脱维亚,2978.0
202607,15,动、植物或微生物油、脂及其分解产品；精制的食用油脂；动、植物蜡,347,乌克兰,26200.0
202607,15,动、植物或微生物油、脂及其分解产品；精制的食用油脂；动、植物蜡,353,斯洛伐克,22519.0
202607,15,动、植物或微生物油、脂及其分解产品；精制的食用油脂；动、植物蜡,402,阿根廷,1415.0
202607,15,动、植物或微生物油、脂及其分解产品；精制的食用油脂；动、植物蜡,412,智利,16562448.0
202607,15,动、植物或微生物油、脂及其分解产品；精制的食用油脂；动、植物蜡,413,哥伦比亚,110642.0
202607,15,动、植物或微生物油、脂及其分解产品；精制的食用油脂；动、植物蜡,418,多米尼加 ,2035.0
202607,15,动、植物或微生物油、脂及其分解产品；精制的食用油脂；动、植物蜡,419,厄瓜多尔,16609.0
202607,15,动、植物或微生物油、脂及其分解产品；精制的食用油脂；动、植物蜡,423,危地马拉,49843.0
202607,15,动、植物或微生物油、脂及其分解产品；精制的食用油脂；动、植物蜡,426,洪都拉斯,10.0
202607,15,动、植物或微生物油、脂及其分解产品；精制的食用油脂；动、植物蜡,432,巴拿马,8121.0
202607,15,动、植物或微生物油、脂及其分解产品；精制的食用油脂；动、植物蜡,433,巴拉圭,39770.0
202607,15,动、植物或微生物油、脂及其分解产品；精制的食用油脂；动、植物蜡,434,秘鲁,220207.0
202607,15,动、植物或微生物油、脂及其分解产品；精制的食用油脂；动、植物蜡,603,斐济,3075.0
202607,15,动、植物或微生物油、脂及其分解产品；精制的食用油脂；动、植物蜡,609,新西兰,5159820.0
202607,15,动、植物或微生物油、脂及其分解产品；精制的食用油脂；动、植物蜡,611,巴布亚新几内亚,14378.0
202607,16,第16章  肉、鱼、甲壳动物、软体动物及其他水生无脊椎动物、昆虫的制品,101,阿富汗,84073.0
202607,16,第16章  肉、鱼、甲壳动物、软体动物及其他水生无脊椎动物、昆虫的制品,105,文莱,190057.0
202607,16,第16章  肉、鱼、甲壳动物、软体动物及其他水生无脊椎动物、昆虫的制品,106,缅甸,5042978.0
202607,16,第16章  肉、鱼、甲壳动物、软体动物及其他水生无脊椎动物、昆虫的制品,107,柬埔寨,7098281.0
202607,16,第16章  肉、鱼、甲壳动物、软体动物及其他水生无脊椎动物、昆虫的制品,114,伊拉克,1628402.0
202607,16,第16章  肉、鱼、甲壳动物、软体动物及其他水生无脊椎动物、昆虫的制品,115,以色列,6790266.0
202607,16,第16章  肉、鱼、甲壳动物、软体动物及其他水生无脊椎动物、昆虫的制品,117,约旦,328910.0
202607,16,第16章  肉、鱼、甲壳动物、软体动物及其他水生无脊椎动物、昆虫的制品,121,中国澳门,2038075.0
202607,16,第16章  肉、鱼、甲壳动物、软体动物及其他水生无脊椎动物、昆虫的制品,128,巴勒斯坦,247512.0
202607,16,第16章  肉、鱼、甲壳动物、软体动物及其他水生无脊椎动物、昆虫的制品,130,卡塔尔,169298.0
202607,16,第16章  肉、鱼、甲壳动物、软体动物及其他水生无脊椎动物、昆虫的制品,131,沙特阿拉伯,106536.0
202607,16,第16章  肉、鱼、甲壳动物、软体动物及其他水生无脊椎动物、昆虫的制品,134,斯里兰卡,529856.0
202607,16,第16章  肉、鱼、甲壳动物、软体动物及其他水生无脊椎动物、昆虫的制品,144,东帝汶,78859.0
202607,16,第16章  肉、鱼、甲壳动物、软体动物及其他水生无脊椎动物、昆虫的制品,146,吉尔吉斯斯坦,121794.0
202607,16,第16章  肉、鱼、甲壳动物、软体动物及其他水生无脊椎动物、昆虫的制品,201,阿尔及利亚,3631913.0
202607,16,第16章  肉、鱼、甲壳动物、软体动物及其他水生无脊椎动物、昆虫的制品,215,埃及,3515679.0
202607,16,第16章  肉、鱼、甲壳动物、软体动物及其他水生无脊椎动物、昆虫的制品,216,赤道几内亚,412339.0
202607,16,第16章  肉、鱼、甲壳动物、软体动物及其他水生无脊椎动物、昆虫的制品,226,利比亚,44256.0
202607,16,第16章  肉、鱼、甲壳动物、软体动物及其他水生无脊椎动物、昆虫的制品,229,马里,891989.0
202607,16,第16章  肉、鱼、甲壳动物、软体动物及其他水生无脊椎动物、昆虫的制品,232,摩洛哥,228819.0
202607,16,第16章  肉、鱼、甲壳动物、软体动物及其他水生无脊椎动物、昆虫的制品,236,尼日利亚,1939900.0
202607,16,第16章  肉、鱼、甲壳动物、软体动物及其他水生无脊椎动物、昆虫的制品,238,卢旺达,987354.0
202607,16,第16章  肉、鱼、甲壳动物、软体动物及其他水生无脊椎动物、昆虫的制品,247,坦桑尼亚,352625.0
202607,16,第16章  肉、鱼、甲壳动物、软体动物及其他水生无脊椎动物、昆虫的制品,248,多哥,1812057.0
202607,16,第16章  肉、鱼、甲壳动物、软体动物及其他水生无脊椎动物、昆虫的制品,251,布基纳法索,1067838.0
202607,16,第16章  肉、鱼、甲壳动物、软体动物及其他水生无脊椎动物、昆虫的制品,302,丹麦,908555.0
202607,16,第16章  肉、鱼、甲壳动物、软体动物及其他水生无脊椎动物、昆虫的制品,308,卢森堡,76326.0
202607,16,第16章  肉、鱼、甲壳动物、软体动物及其他水生无脊椎动物、昆虫的制品,311,葡萄牙,2424263.0
202607,16,第16章  肉、鱼、甲壳动物、软体动物及其他水生无脊椎动物、昆虫的制品,322,冰岛,15030.0
202607,16,第16章  肉、鱼、甲壳动物、软体动物及其他水生无脊椎动物、昆虫的制品,328,罗马尼亚,408787.0
202607,16,第16章  肉、鱼、甲壳动物、软体动物及其他水生无脊椎动物、昆虫的制品,330,瑞典,805631.0
202607,16,第16章  肉、鱼、甲壳动物、软体动物及其他水生无脊椎动物、昆虫的制品,331,瑞士,69650.0
202607,16,第16章  肉、鱼、甲壳动物、软体动物及其他水生无脊椎动物、昆虫的制品,334,爱沙尼亚,356962.0
202607,16,第16章  肉、鱼、甲壳动物、软体动物及其他水生无脊椎动物、昆虫的制品,335,拉脱维亚,280822.0
202607,16,第16章  肉、鱼、甲壳动物、软体动物及其他水生无脊椎动物、昆虫的制品,343,摩尔多瓦,334090.0
202607,16,第16章  肉、鱼、甲壳动物、软体动物及其他水生无脊椎动物、昆虫的制品,347,乌克兰,3132153.0
202607,16,第16章  肉、鱼、甲壳动物、软体动物及其他水生无脊椎动物、昆虫的制品,352,捷克,43684.0
202607,16,第16章  肉、鱼、甲壳动物、软体动物及其他水生无脊椎动物、昆虫的制品,355,波斯尼亚和黑塞哥维那,225950.0
202607,16,第16章  肉、鱼、甲壳动物、软体动物及其他水生无脊椎动物、昆虫的制品,402,阿根廷,24716.0
202607,16,第16章  肉、鱼、甲壳动物、软体动物及其他水生无脊椎动物、昆虫的制品,412,智利,17072909.0
202607,16,第16章  肉、鱼、甲壳动物、软体动物及其他水生无脊椎动物、昆虫的制品,413,哥伦比亚,2357402.0
202607,16,第16章  肉、鱼、甲壳动物、软体动物及其他水生无脊椎动物、昆虫的制品,418,多米尼加 ,5155321.0
202607,16,第16章  肉、鱼、甲壳动物、软体动物及其他水生无脊椎动物、昆虫的制品,419,厄瓜多尔,2692290.0
202607,16,第16章  肉、鱼、甲壳动物、软体动物及其他水生无脊椎动物、昆虫的制品,423,危地马拉,303391.0
202607,16,第16章  肉、鱼、甲壳动物、软体动物及其他水生无脊椎动物、昆虫的制品,426,洪都拉斯,18094.0
202607,16,第16章  肉、鱼、甲壳动物、软体动物及其他水生无脊椎动物、昆虫的制品,432,巴拿马,1636727.0
202607,16,第16章  肉、鱼、甲壳动物、软体动物及其他水生无脊椎动物、昆虫的制品,433,巴拉圭,111829.0
202607,16,第16章  肉、鱼、甲壳动物、软体动物及其他水生无脊椎动物、昆虫的制品,434,秘鲁,2997300.0
202607,16,第16章  肉、鱼、甲壳动物、软体动物及其他水生无脊椎动物、昆虫的制品,445,委内瑞拉,5863030.0
202607,16,第16章  肉、鱼、甲壳动物、软体动物及其他水生无脊椎动物、昆虫的制品,603,斐济,1047778.0
202607,16,第16章  肉、鱼、甲壳动物、软体动物及其他水生无脊椎动物、昆虫的制品,606,瑙鲁,5405.0
202607,16,第16章  肉、鱼、甲壳动物、软体动物及其他水生无脊椎动物、昆虫的制品,608,瓦努阿图,189171.0
202607,16,第16章  肉、鱼、甲壳动物、软体动物及其他水生无脊椎动物、昆虫的制品,609,新西兰,1540633.0
202607,16,第16章  肉、鱼、甲壳动物、软体动物及其他水生无脊椎动物、昆虫的制品,611,巴布亚新几内亚,973724.0
202607,16,第16章  肉、鱼、甲壳动物、软体动物及其他水生无脊椎动物、昆虫的制品,613,所罗门群岛,323042.0
202607,16,第16章  肉、鱼、甲壳动物、软体动物及其他水生无脊椎动物、昆虫的制品,619,图瓦卢,60758.0
202607,16,第16章  肉、鱼、甲壳动物、软体动物及其他水生无脊椎动物、昆虫的制品,620,密克罗尼西亚联邦,87437.0
202607,16,第16章  肉、鱼、甲壳动物、软体动物及其他水生无脊椎动物、昆虫的制品,623,法属波利尼西亚,80625.0
202607,17,第17章  糖及糖食,101,阿富汗,1240243.0
202607,17,第17章  糖及糖食,103,孟加拉国,1709119.0
202607,17,第17章  糖及糖食,105,文莱,62796.0
202607,17,第17章  糖及糖食,106,缅甸,877439.0
202607,17,第17章  糖及糖食,107,柬埔寨,985609.0
202607,17,第17章  糖及糖食,114,伊拉克,1043585.0
202607,17,第17章  糖及糖食,115,以色列,4468055.0
202607,17,第17章  糖及糖食,117,约旦,730235.0
202607,17,第17章  糖及糖食,121,中国澳门,574838.0
202607,17,第17章  糖及糖食,128,巴勒斯坦,270695.0
202607,17,第17章  糖及糖食,130,卡塔尔,172784.0
202607,17,第17章  糖及糖食,131,沙特阿拉伯,1476904.0
202607,17,第17章  糖及糖食,134,斯里兰卡,123446.0
202607,17,第17章  糖及糖食,144,东帝汶,507.0
202607,17,第17章  糖及糖食,146,吉尔吉斯斯坦,249299.0
202607,17,第17章  糖及糖食,201,阿尔及利亚,142408.0
202607,17,第17章  糖及糖食,214,吉布提,208.0
202607,17,第17章  糖及糖食,215,埃及,810055.0
202607,17,第17章  糖及糖食,216,赤道几内亚,218346.0
202607,17,第17章  糖及糖食,226,利比亚,255958.0
202607,17,第17章  糖及糖食,229,马里,37267.0
202607,17,第17章  糖及糖食,232,摩洛哥,452831.0
202607,17,第17章  糖及糖食,236,尼日利亚,2452576.0
202607,17,第17章  糖及糖食,238,卢旺达,28739.0
202607,17,第17章  糖及糖食,246,苏丹,226155.0
202607,17,第17章  糖及糖食,247,坦桑尼亚,558592.0
202607,17,第17章  糖及糖食,248,多哥,856021.0
202607,17,第17章  糖及糖食,251,布基纳法索,51072.0
202607,17,第17章  糖及糖食,253,赞比亚,28242.0
202607,17,第17章  糖及糖食,257,斯威士兰,78073.0
202607,17,第17章  糖及糖食,302,丹麦,1278266.0
202607,17,第17章  糖及糖食,311,葡萄牙,11753.0
202607,17,第17章  糖及糖食,322,冰岛,2.0
202607,17,第17章  糖及糖食,325,摩纳哥,2.0
202607,17,第17章  糖及糖食,328,罗马尼亚,112266.0
202607,17,第17章  糖及糖食,330,瑞典,286997.0
202607,17,第17章  糖及糖食,331,瑞士,13600.0
202607,17,第17章  糖及糖食,335,拉脱维亚,67247.0
202607,17,第17章  糖及糖食,343,摩尔多瓦,38872.0
202607,17,第17章  糖及糖食,347,乌克兰,1038196.0
202607,17,第17章  糖及糖食,352,捷克,400248.0
202607,17,第17章  糖及糖食,353,斯洛伐克,4716.0
202607,17,第17章  糖及糖食,402,阿根廷,457611.0
202607,17,第17章  糖及糖食,412,智利,3311534.0
202607,17,第17章  糖及糖食,413,哥伦比亚,2306065.0
202607,17,第17章  糖及糖食,416,古巴,440.0
202607,17,第17章  糖及糖食,418,多米尼加 ,456189.0
202607,17,第17章  糖及糖食,419,厄瓜多尔,994866.0
202607,17,第17章  糖及糖食,423,危地马拉,1476738.0
202607,17,第17章  糖及糖食,426,洪都拉斯,427245.0
202607,17,第17章  糖及糖食,432,巴拿马,417575.0
202607,17,第17章  糖及糖食,433,巴拉圭,100318.0
202607,17,第17章  糖及糖食,434,秘鲁,1618109.0
202607,17,第17章  糖及糖食,445,委内瑞拉,131722.0
202607,17,第17章  糖及糖食,603,斐济,7461.0
202607,17,第17章  糖及糖食,609,新西兰,2175347.0
202607,17,第17章  糖及糖食,611,巴布亚新几内亚,1195613.0
202607,18,第18章  可可及可可制品,101,阿富汗,49290.0
202607,18,第18章  可可及可可制品,103,孟加拉国,39664.0
202607,18,第18章  可可及可可制品,105,文莱,369.0
202607,18,第18章  可可及可可制品,106,缅甸,10507.0
202607,18,第18章  可可及可可制品,107,柬埔寨,117656.0
202607,18,第18章  可可及可可制品,114,伊拉克,1163007.0
202607,18,第18章  可可及可可制品,115,以色列,284695.0
202607,18,第18章  可可及可可制品,117,约旦,57914.0
202607,18,第18章  可可及可可制品,121,中国澳门,47774.0
202607,18,第18章  可可及可可制品,128,巴勒斯坦,85594.0
202607,18,第18章  可可及可可制品,130,卡塔尔,1815.0
202607,18,第18章  可可及可可制品,131,沙特阿拉伯,119076.0
202607,18,第18章  可可及可可制品,134,斯里兰卡,41975.0
202607,18,第18章  可可及可可制品,146,吉尔吉斯斯坦,3000.0
202607,18,第18章  可可及可可制品,201,阿尔及利亚,320097.0
202607,18,第18章  可可及可可制品,214,吉布提,146746.0
202607,18,第18章  可可及可可制品,215,埃及,33638.0
202607,18,第18章  可可及可可制品,216,赤道几内亚,51319.0
202607,18,第18章  可可及可可制品,226,利比亚,15163.0
202607,18,第18章  可可及可可制品,232,摩洛哥,246222.0
202607,18,第18章  可可及可可制品,236,尼日利亚,353291.0
202607,18,第18章  可可及可可制品,238,卢旺达,27689.0
202607,18,第18章  可可及可可制品,248,多哥,12062.0
202607,18,第18章  可可及可可制品,251,布基纳法索,45050.0
202607,18,第18章  可可及可可制品,347,乌克兰,9160.0
202607,18,第18章  可可及可可制品,402,阿根廷,112234.0
202607,18,第18章  可可及可可制品,412,智利,956524.0
202607,18,第18章  可可及可可制品,413,哥伦比亚,586006.0
202607,18,第18章  可可及可可制品,418,多米尼加 ,496433.0
202607,18,第18章  可可及可可制品,419,厄瓜多尔,117156.0
202607,18,第18章  可可及可可制品,423,危地马拉,377704.0
202607,18,第18章  可可及可可制品,426,洪都拉斯,131084.0
202607,18,第18章  可可及可可制品,432,巴拿马,95745.0
202607,18,第18章  可可及可可制品,433,巴拉圭,45360.0
202607,18,第18章  可可及可可制品,434,秘鲁,115079.0
202607,18,第18章  可可及可可制品,445,委内瑞拉,323217.0
202607,18,第18章  可可及可可制品,609,新西兰,105064.0
202607,18,第18章  可可及可可制品,611,巴布亚新几内亚,78647.0
202607,19,第19章  谷物、粮食粉、淀粉或乳的制品；糕饼点心,101,阿富汗,52186.0
202607,19,第19章  谷物、粮食粉、淀粉或乳的制品；糕饼点心,103,孟加拉国,48844.0
202607,19,第19章  谷物、粮食粉、淀粉或乳的制品；糕饼点心,105,文莱,98146.0
202607,19,第19章  谷物、粮食粉、淀粉或乳的制品；糕饼点心,106,缅甸,4091770.0
202607,19,第19章  谷物、粮食粉、淀粉或乳的制品；糕饼点心,107,柬埔寨,3374535.0
202607,19,第19章  谷物、粮食粉、淀粉或乳的制品；糕饼点心,114,伊拉克,275082.0
202607,19,第19章  谷物、粮食粉、淀粉或乳的制品；糕饼点心,115,以色列,1063406.0
202607,19,第19章  谷物、粮食粉、淀粉或乳的制品；糕饼点心,117,约旦,473900.0
202607,19,第19章  谷物、粮食粉、淀粉或乳的制品；糕饼点心,121,中国澳门,5650031.0
202607,19,第19章  谷物、粮食粉、淀粉或乳的制品；糕饼点心,128,巴勒斯坦,95858.0
202607,19,第19章  谷物、粮食粉、淀粉或乳的制品；糕饼点心,130,卡塔尔,77280.0
202607,19,第19章  谷物、粮食粉、淀粉或乳的制品；糕饼点心,131,沙特阿拉伯,1212728.0
202607,19,第19章  谷物、粮食粉、淀粉或乳的制品；糕饼点心,134,斯里兰卡,88043.0
202607,19,第19章  谷物、粮食粉、淀粉或乳的制品；糕饼点心,146,吉尔吉斯斯坦,230112.0
202607,19,第19章  谷物、粮食粉、淀粉或乳的制品；糕饼点心,214,吉布提,3285.0
202607,19,第19章  谷物、粮食粉、淀粉或乳的制品；糕饼点心,215,埃及,159618.0
202607,19,第19章  谷物、粮食粉、淀粉或乳的制品；糕饼点心,216,赤道几内亚,51236.0
202607,19,第19章  谷物、粮食粉、淀粉或乳的制品；糕饼点心,226,利比亚,30391.0
202607,19,第19章  谷物、粮食粉、淀粉或乳的制品；糕饼点心,229,马里,24891.0
202607,19,第19章  谷物、粮食粉、淀粉或乳的制品；糕饼点心,232,摩洛哥,557709.0
202607,19,第19章  谷物、粮食粉、淀粉或乳的制品；糕饼点心,236,尼日利亚,741185.0
202607,19,第19章  谷物、粮食粉、淀粉或乳的制品；糕饼点心,238,卢旺达,3448.0
202607,19,第19章  谷物、粮食粉、淀粉或乳的制品；糕饼点心,247,坦桑尼亚,344552.0
202607,19,第19章  谷物、粮食粉、淀粉或乳的制品；糕饼点心,248,多哥,411967.0
202607,19,第19章  谷物、粮食粉、淀粉或乳的制品；糕饼点心,251,布基纳法索,14500.0
202607,19,第19章  谷物、粮食粉、淀粉或乳的制品；糕饼点心,302,丹麦,448681.0
202607,19,第19章  谷物、粮食粉、淀粉或乳的制品；糕饼点心,311,葡萄牙,586089.0
202607,19,第19章  谷物、粮食粉、淀粉或乳的制品；糕饼点心,322,冰岛,20735.0
202607,19,第19章  谷物、粮食粉、淀粉或乳的制品；糕饼点心,328,罗马尼亚,98955.0
202607,19,第19章  谷物、粮食粉、淀粉或乳的制品；糕饼点心,330,瑞典,544485.0
202607,19,第19章  谷物、粮食粉、淀粉或乳的制品；糕饼点心,331,瑞士,182441.0
202607,19,第19章  谷物、粮食粉、淀粉或乳的制品；糕饼点心,334,爱沙尼亚,30973.0
202607,19,第19章  谷物、粮食粉、淀粉或乳的制品；糕饼点心,335,拉脱维亚,46249.0
202607,19,第19章  谷物、粮食粉、淀粉或乳的制品；糕饼点心,343,摩尔多瓦,3425.0
202607,19,第19章  谷物、粮食粉、淀粉或乳的制品；糕饼点心,347,乌克兰,250973.0
202607,19,第19章  谷物、粮食粉、淀粉或乳的制品；糕饼点心,352,捷克,443781.0
202607,19,第19章  谷物、粮食粉、淀粉或乳的制品；糕饼点心,402,阿根廷,1235018.0
202607,19,第19章  谷物、粮食粉、淀粉或乳的制品；糕饼点心,412,智利,3016448.0
202607,19,第19章  谷物、粮食粉、淀粉或乳的制品；糕饼点心,413,哥伦比亚,174631.0
202607,19,第19章  谷物、粮食粉、淀粉或乳的制品；糕饼点心,416,古巴,28704.0
202607,19,第19章  谷物、粮食粉、淀粉或乳的制品；糕饼点心,418,多米尼加 ,543752.0
202607,19,第19章  谷物、粮食粉、淀粉或乳的制品；糕饼点心,419,厄瓜多尔,123197.0
202607,19,第19章  谷物、粮食粉、淀粉或乳的制品；糕饼点心,423,危地马拉,719379.0
202607,19,第19章  谷物、粮食粉、淀粉或乳的制品；糕饼点心,426,洪都拉斯,142735.0
202607,19,第19章  谷物、粮食粉、淀粉或乳的制品；糕饼点心,432,巴拿马,355982.0
202607,19,第19章  谷物、粮食粉、淀粉或乳的制品；糕饼点心,433,巴拉圭,32630.0
202607,19,第19章  谷物、粮食粉、淀粉或乳的制品；糕饼点心,434,秘鲁,537480.0
202607,19,第19章  谷物、粮食粉、淀粉或乳的制品；糕饼点心,445,委内瑞拉,476112.0
202607,19,第19章  谷物、粮食粉、淀粉或乳的制品；糕饼点心,603,斐济,39971.0
202607,19,第19章  谷物、粮食粉、淀粉或乳的制品；糕饼点心,606,瑙鲁,804.0
202607,19,第19章  谷物、粮食粉、淀粉或乳的制品；糕饼点心,608,瓦努阿图,22566.0
202607,19,第19章  谷物、粮食粉、淀粉或乳的制品；糕饼点心,609,新西兰,2503024.0
202607,19,第19章  谷物、粮食粉、淀粉或乳的制品；糕饼点心,611,巴布亚新几内亚,901009.0
202607,19,第19章  谷物、粮食粉、淀粉或乳的制品；糕饼点心,613,所罗门群岛,200495.0
202607,19,第19章  谷物、粮食粉、淀粉或乳的制品；糕饼点心,620,密克罗尼西亚联邦,106994.0
202607,19,第19章  谷物、粮食粉、淀粉或乳的制品；糕饼点心,623,法属波利尼西亚,14958.0
202607,20,第20章  蔬菜、水果、坚果或植物其他部分的制品,101,阿富汗,131476.0
202607,20,第20章  蔬菜、水果、坚果或植物其他部分的制品,103,孟加拉国,911398.0
202607,20,第20章  蔬菜、水果、坚果或植物其他部分的制品,105,文莱,289618.0
202607,20,第20章  蔬菜、水果、坚果或植物其他部分的制品,106,缅甸,829117.0
202607,20,第20章  蔬菜、水果、坚果或植物其他部分的制品,107,柬埔寨,1310306.0
202607,20,第20章  蔬菜、水果、坚果或植物其他部分的制品,114,伊拉克,21241893.0
202607,20,第20章  蔬菜、水果、坚果或植物其他部分的制品,115,以色列,5894025.0
202607,20,第20章  蔬菜、水果、坚果或植物其他部分的制品,117,约旦,1439926.0
202607,20,第20章  蔬菜、水果、坚果或植物其他部分的制品,121,中国澳门,594103.0
202607,20,第20章  蔬菜、水果、坚果或植物其他部分的制品,128,巴勒斯坦,235520.0
202607,20,第20章  蔬菜、水果、坚果或植物其他部分的制品,130,卡塔尔,560084.0
202607,20,第20章  蔬菜、水果、坚果或植物其他部分的制品,131,沙特阿拉伯,8535097.0
202607,20,第20章  蔬菜、水果、坚果或植物其他部分的制品,134,斯里兰卡,244561.0
202607,20,第20章  蔬菜、水果、坚果或植物其他部分的制品,146,吉尔吉斯斯坦,5083419.0
202607,20,第20章  蔬菜、水果、坚果或植物其他部分的制品,201,阿尔及利亚,65856.0
202607,20,第20章  蔬菜、水果、坚果或植物其他部分的制品,214,吉布提,303772.0
202607,20,第20章  蔬菜、水果、坚果或植物其他部分的制品,215,埃及,2654105.0
202607,20,第20章  蔬菜、水果、坚果或植物其他部分的制品,216,赤道几内亚,46562.0
202607,20,第20章  蔬菜、水果、坚果或植物其他部分的制品,226,利比亚,522594.0
202607,20,第20章  蔬菜、水果、坚果或植物其他部分的制品,229,马里,538288.0
202607,20,第20章  蔬菜、水果、坚果或植物其他部分的制品,232,摩洛哥,287472.0
202607,20,第20章  蔬菜、水果、坚果或植物其他部分的制品,236,尼日利亚,5191738.0
202607,20,第20章  蔬菜、水果、坚果或植物其他部分的制品,238,卢旺达,107684.0
202607,20,第20章  蔬菜、水果、坚果或植物其他部分的制品,246,苏丹,130080.0
202607,20,第20章  蔬菜、水果、坚果或植物其他部分的制品,247,坦桑尼亚,424025.0
202607,20,第20章  蔬菜、水果、坚果或植物其他部分的制品,248,多哥,3227860.0
202607,20,第20章  蔬菜、水果、坚果或植物其他部分的制品,251,布基纳法索,215928.0
202607,20,第20章  蔬菜、水果、坚果或植物其他部分的制品,253,赞比亚,17367.0
202607,20,第20章  蔬菜、水果、坚果或植物其他部分的制品,302,丹麦,2098097.0
202607,20,第20章  蔬菜、水果、坚果或植物其他部分的制品,311,葡萄牙,382922.0
202607,20,第20章  蔬菜、水果、坚果或植物其他部分的制品,328,罗马尼亚,290403.0
202607,20,第20章  蔬菜、水果、坚果或植物其他部分的制品,330,瑞典,1327349.0
202607,20,第20章  蔬菜、水果、坚果或植物其他部分的制品,331,瑞士,508844.0
202607,20,第20章  蔬菜、水果、坚果或植物其他部分的制品,334,爱沙尼亚,27047.0
202607,20,第20章  蔬菜、水果、坚果或植物其他部分的制品,335,拉脱维亚,125024.0
202607,20,第20章  蔬菜、水果、坚果或植物其他部分的制品,343,摩尔多瓦,221779.0
202607,20,第20章  蔬菜、水果、坚果或植物其他部分的制品,347,乌克兰,2767806.0
202607,20,第20章  蔬菜、水果、坚果或植物其他部分的制品,352,捷克,1290578.0
202607,20,第20章  蔬菜、水果、坚果或植物其他部分的制品,353,斯洛伐克,596317.0
202607,20,第20章  蔬菜、水果、坚果或植物其他部分的制品,355,波斯尼亚和黑塞哥维那,43547.0
202607,20,第20章  蔬菜、水果、坚果或植物其他部分的制品,402,阿根廷,1135085.0
202607,20,第20章  蔬菜、水果、坚果或植物其他部分的制品,412,智利,3628626.0
202607,20,第20章  蔬菜、水果、坚果或植物其他部分的制品,413,哥伦比亚,1202209.0
202607,20,第20章  蔬菜、水果、坚果或植物其他部分的制品,416,古巴,284607.0
202607,20,第20章  蔬菜、水果、坚果或植物其他部分的制品,418,多米尼加 ,1530563.0
202607,20,第20章  蔬菜、水果、坚果或植物其他部分的制品,419,厄瓜多尔,874753.0
202607,20,第20章  蔬菜、水果、坚果或植物其他部分的制品,423,危地马拉,783872.0
202607,20,第20章  蔬菜、水果、坚果或植物其他部分的制品,426,洪都拉斯,281127.0
202607,20,第20章  蔬菜、水果、坚果或植物其他部分的制品,432,巴拿马,1292972.0
202607,20,第20章  蔬菜、水果、坚果或植物其他部分的制品,433,巴拉圭,11700.0
202607,20,第20章  蔬菜、水果、坚果或植物其他部分的制品,434,秘鲁,1529485.0
202607,20,第20章  蔬菜、水果、坚果或植物其他部分的制品,445,委内瑞拉,1123790.0
202607,20,第20章  蔬菜、水果、坚果或植物其他部分的制品,603,斐济,467567.0
202607,20,第20章  蔬菜、水果、坚果或植物其他部分的制品,608,瓦努阿图,68136.0
202607,20,第20章  蔬菜、水果、坚果或植物其他部分的制品,609,新西兰,2983955.0
202607,20,第20章  蔬菜、水果、坚果或植物其他部分的制品,611,巴布亚新几内亚,334653.0
202607,20,第20章  蔬菜、水果、坚果或植物其他部分的制品,613,所罗门群岛,60572.0
202607,20,第20章  蔬菜、水果、坚果或植物其他部分的制品,623,法属波利尼西亚,135576.0
202607,21,第21章  杂项食品,101,阿富汗,1227658.0
202607,21,第21章  杂项食品,103,孟加拉国,2682735.0
202607,21,第21章  杂项食品,105,文莱,77054.0
202607,21,第21章  杂项食品,106,缅甸,4398090.0
202607,21,第21章  杂项食品,107,柬埔寨,8187803.0
202607,21,第21章  杂项食品,114,伊拉克,900790.0
202607,21,第21章  杂项食品,115,以色列,3316969.0
202607,21,第21章  杂项食品,117,约旦,657352.0
202607,21,第21章  杂项食品,121,中国澳门,1178983.0
202607,21,第21章  杂项食品,128,巴勒斯坦,34780.0
202607,21,第21章  杂项食品,130,卡塔尔,232913.0
202607,21,第21章  杂项食品,131,沙特阿拉伯,3263997.0
202607,21,第21章  杂项食品,134,斯里兰卡,1425672.0
202607,21,第21章  杂项食品,144,东帝汶,52580.0
202607,21,第21章  杂项食品,146,吉尔吉斯斯坦,1515189.0
202607,21,第21章  杂项食品,201,阿尔及利亚,888299.0
202607,21,第21章  杂项食品,214,吉布提,245691.0
202607,21,第21章  杂项食品,215,埃及,1515791.0
202607,21,第21章  杂项食品,216,赤道几内亚,43110.0
202607,21,第21章  杂项食品,226,利比亚,69674.0
202607,21,第21章  杂项食品,228,马拉维,20100.0
202607,21,第21章  杂项食品,229,马里,491090.0
202607,21,第21章  杂项食品,232,摩洛哥,644676.0
202607,21,第21章  杂项食品,236,尼日利亚,23573802.0
202607,21,第21章  杂项食品,238,卢旺达,143030.0
202607,21,第21章  杂项食品,246,苏丹,3377567.0
202607,21,第21章  杂项食品,247,坦桑尼亚,1911443.0
202607,21,第21章  杂项食品,248,多哥,2118875.0
202607,21,第21章  杂项食品,251,布基纳法索,1554834.0
202607,21,第21章  杂项食品,253,赞比亚,109440.0
202607,21,第21章  杂项食品,257,斯威士兰,612.0
202607,21,第21章  杂项食品,302,丹麦,1219049.0
202607,21,第21章  杂项食品,308,卢森堡,1282.0
202607,21,第21章  杂项食品,311,葡萄牙,248086.0
202607,21,第21章  杂项食品,328,罗马尼亚,131127.0
202607,21,第21章  杂项食品,330,瑞典,1946547.0
202607,21,第21章  杂项食品,331,瑞士,302299.0
202607,21,第21章  杂项食品,334,爱沙尼亚,51662.0
202607,21,第21章  杂项食品,335,拉脱维亚,510751.0
202607,21,第21章  杂项食品,343,摩尔多瓦,72049.0
202607,21,第21章  杂项食品,347,乌克兰,1204573.0
202607,21,第21章  杂项食品,352,捷克,1371735.0
202607,21,第21章  杂项食品,353,斯洛伐克,369856.0
202607,21,第21章  杂项食品,354,北马其顿,2700.0
202607,21,第21章  杂项食品,402,阿根廷,1424135.0
202607,21,第21章  杂项食品,412,智利,5225970.0
202607,21,第21章  杂项食品,413,哥伦比亚,1744312.0
202607,21,第21章  杂项食品,416,古巴,391719.0
202607,21,第21章  杂项食品,418,多米尼加 ,487121.0
202607,21,第21章  杂项食品,419,厄瓜多尔,1014760.0
202607,21,第21章  杂项食品,423,危地马拉,564123.0
202607,21,第21章  杂项食品,426,洪都拉斯,119403.0
202607,21,第21章  杂项食品,432,巴拿马,548174.0
202607,21,第21章  杂项食品,434,秘鲁,4028112.0
202607,21,第21章  杂项食品,445,委内瑞拉,1405420.0
202607,21,第21章  杂项食品,504,百慕大,24498.0
202607,21,第21章  杂项食品,603,斐济,480217.0
202607,21,第21章  杂项食品,606,瑙鲁,50574.0
202607,21,第21章  杂项食品,608,瓦努阿图,72443.0
202607,21,第21章  杂项食品,609,新西兰,5647572.0
202607,21,第21章  杂项食品,611,巴布亚新几内亚,453942.0
202607,21,第21章  杂项食品,613,所罗门群岛,105748.0
202607,21,第21章  杂项食品,620,密克罗尼西亚联邦,17398.0
202607,21,第21章  杂项食品,623,法属波利尼西亚,167552.0
202607,22,第22章  饮料、酒及醋,101,阿富汗,3058.0
202607,22,第22章  饮料、酒及醋,103,孟加拉国,108418.0
202607,22,第22章  饮料、酒及醋,105,文莱,22018.0
202607,22,第22章  饮料、酒及醋,106,缅甸,9821755.0
202607,22,第22章  饮料、酒及醋,107,柬埔寨,2047174.0
202607,22,第22章  饮料、酒及醋,114,伊拉克,15888.0
202607,22,第22章  饮料、酒及醋,115,以色列,253417.0
202607,22,第22章  饮料、酒及醋,117,约旦,4234.0
202607,22,第22章  饮料、酒及醋,121,中国澳门,11157121.0
202607,22,第22章  饮料、酒及醋,128,巴勒斯坦,270161.0
202607,22,第22章  饮料、酒及醋,130,卡塔尔,10665.0
202607,22,第22章  饮料、酒及醋,131,沙特阿拉伯,220584.0
202607,22,第22章  饮料、酒及醋,134,斯里兰卡,40689.0
202607,22,第22章  饮料、酒及醋,146,吉尔吉斯斯坦,199195.0
202607,22,第22章  饮料、酒及醋,214,吉布提,1445.0
202607,22,第22章  饮料、酒及醋,215,埃及,6726.0
202607,22,第22章  饮料、酒及醋,216,赤道几内亚,24474.0
202607,22,第22章  饮料、酒及醋,226,利比亚,138398.0
202607,22,第22章  饮料、酒及醋,232,摩洛哥,171055.0
202607,22,第22章  饮料、酒及醋,236,尼日利亚,299614.0
202607,22,第22章  饮料、酒及醋,238,卢旺达,204600.0
202607,22,第22章  饮料、酒及醋,247,坦桑尼亚,91398.0
202607,22,第22章  饮料、酒及醋,248,多哥,21094.0
202607,22,第22章  饮料、酒及醋,253,赞比亚,26743.0
202607,22,第22章  饮料、酒及醋,302,丹麦,153967.0
202607,22,第22章  饮料、酒及醋,311,葡萄牙,77725.0
202607,22,第22章  饮料、酒及醋,328,罗马尼亚,495933.0
202607,22,第22章  饮料、酒及醋,330,瑞典,252708.0
202607,22,第22章  饮料、酒及醋,331,瑞士,850.0
202607,22,第22章  饮料、酒及醋,334,爱沙尼亚,1830.0
202607,22,第22章  饮料、酒及醋,335,拉脱维亚,996.0
202607,22,第22章  饮料、酒及醋,343,摩尔多瓦,810.0
202607,22,第22章  饮料、酒及醋,347,乌克兰,1390737.0
202607,22,第22章  饮料、酒及醋,352,捷克,271777.0
202607,22,第22章  饮料、酒及醋,402,阿根廷,140521.0
202607,22,第22章  饮料、酒及醋,412,智利,919049.0
202607,22,第22章  饮料、酒及醋,413,哥伦比亚,65409.0
202607,22,第22章  饮料、酒及醋,416,古巴,755686.0
202607,22,第22章  饮料、酒及醋,418,多米尼加 ,42065.0
202607,22,第22章  饮料、酒及醋,419,厄瓜多尔,831899.0
202607,22,第22章  饮料、酒及醋,423,危地马拉,51425.0
202607,22,第22章  饮料、酒及醋,426,洪都拉斯,14010.0
202607,22,第22章  饮料、酒及醋,432,巴拿马,259118.0
202607,22,第22章  饮料、酒及醋,434,秘鲁,211637.0
202607,22,第22章  饮料、酒及醋,445,委内瑞拉,35013.0
202607,22,第22章  饮料、酒及醋,602,库克群岛,29316.0
202607,22,第22章  饮料、酒及醋,603,斐济,70271.0
202607,22,第22章  饮料、酒及醋,606,瑙鲁,4762.0
202607,22,第22章  饮料、酒及醋,608,瓦努阿图,19581.0
202607,22,第22章  饮料、酒及醋,609,新西兰,1268071.0
202607,22,第22章  饮料、酒及醋,611,巴布亚新几内亚,76919.0
202607,22,第22章  饮料、酒及醋,613,所罗门群岛,1170.0
202607,22,第22章  饮料、酒及醋,620,密克罗尼西亚联邦,44744.0
202607,22,第22章  饮料、酒及醋,622,帕劳,51390.0
202607,23,第23章  食品工业的残渣及废料；配制的动物饲料,101,阿富汗,331601.0
202607,23,第23章  食品工业的残渣及废料；配制的动物饲料,103,孟加拉国,3432037.0
202607,23,第23章  食品工业的残渣及废料；配制的动物饲料,105,文莱,193664.0
202607,23,第23章  食品工业的残渣及废料；配制的动物饲料,106,缅甸,4937424.0
202607,23,第23章  食品工业的残渣及废料；配制的动物饲料,107,柬埔寨,5003262.0
202607,23,第23章  食品工业的残渣及废料；配制的动物饲料,114,伊拉克,546073.0
202607,23,第23章  食品工业的残渣及废料；配制的动物饲料,115,以色列,1688098.0
202607,23,第23章  食品工业的残渣及废料；配制的动物饲料,117,约旦,714999.0
202607,23,第23章  食品工业的残渣及废料；配制的动物饲料,130,卡塔尔,54898.0
202607,23,第23章  食品工业的残渣及废料；配制的动物饲料,131,沙特阿拉伯,608728.0
202607,23,第23章  食品工业的残渣及废料；配制的动物饲料,134,斯里兰卡,376859.0
202607,23,第23章  食品工业的残渣及废料；配制的动物饲料,144,东帝汶,23492.0
202607,23,第23章  食品工业的残渣及废料；配制的动物饲料,146,吉尔吉斯斯坦,214718.0
202607,23,第23章  食品工业的残渣及废料；配制的动物饲料,201,阿尔及利亚,41004.0
202607,23,第23章  食品工业的残渣及废料；配制的动物饲料,215,埃及,360037.0
202607,23,第23章  食品工业的残渣及废料；配制的动物饲料,226,利比亚,92089.0
202607,23,第23章  食品工业的残渣及废料；配制的动物饲料,232,摩洛哥,197808.0
202607,23,第23章  食品工业的残渣及废料；配制的动物饲料,236,尼日利亚,570924.0
202607,23,第23章  食品工业的残渣及废料；配制的动物饲料,247,坦桑尼亚,365070.0
202607,23,第23章  食品工业的残渣及废料；配制的动物饲料,248,多哥,2652.0
202607,23,第23章  食品工业的残渣及废料；配制的动物饲料,251,布基纳法索,4697.0
202607,23,第23章  食品工业的残渣及废料；配制的动物饲料,253,赞比亚,81910.0
202607,23,第23章  食品工业的残渣及废料；配制的动物饲料,302,丹麦,5798844.0
202607,23,第23章  食品工业的残渣及废料；配制的动物饲料,311,葡萄牙,213286.0
202607,23,第23章  食品工业的残渣及废料；配制的动物饲料,328,罗马尼亚,1.0
202607,23,第23章  食品工业的残渣及废料；配制的动物饲料,330,瑞典,2551048.0
202607,23,第23章  食品工业的残渣及废料；配制的动物饲料,331,瑞士,463183.0
202607,23,第23章  食品工业的残渣及废料；配制的动物饲料,334,爱沙尼亚,64529.0
202607,23,第23章  食品工业的残渣及废料；配制的动物饲料,343,摩尔多瓦,3971.0
202607,23,第23章  食品工业的残渣及废料；配制的动物饲料,347,乌克兰,885471.0
202607,23,第23章  食品工业的残渣及废料；配制的动物饲料,352,捷克,2075370.0
202607,23,第23章  食品工业的残渣及废料；配制的动物饲料,402,阿根廷,275328.0
202607,23,第23章  食品工业的残渣及废料；配制的动物饲料,412,智利,2869836.0
202607,23,第23章  食品工业的残渣及废料；配制的动物饲料,413,哥伦比亚,2035969.0
202607,23,第23章  食品工业的残渣及废料；配制的动物饲料,418,多米尼加 ,148048.0
202607,23,第23章  食品工业的残渣及废料；配制的动物饲料,419,厄瓜多尔,3665439.0
202607,23,第23章  食品工业的残渣及废料；配制的动物饲料,423,危地马拉,1071567.0
202607,23,第23章  食品工业的残渣及废料；配制的动物饲料,426,洪都拉斯,129232.0
202607,23,第23章  食品工业的残渣及废料；配制的动物饲料,432,巴拿马,123575.0
202607,23,第23章  食品工业的残渣及废料；配制的动物饲料,433,巴拉圭,54951.0
202607,23,第23章  食品工业的残渣及废料；配制的动物饲料,434,秘鲁,1445141.0
202607,23,第23章  食品工业的残渣及废料；配制的动物饲料,445,委内瑞拉,351348.0
202607,23,第23章  食品工业的残渣及废料；配制的动物饲料,609,新西兰,971133.0
202607,23,第23章  食品工业的残渣及废料；配制的动物饲料,611,巴布亚新几内亚,56667.0
202607,23,第23章  食品工业的残渣及废料；配制的动物饲料,613,所罗门群岛,11972.0
202607,23,第23章  食品工业的残渣及废料；配制的动物饲料,623,法属波利尼西亚,18044.0
202607,24,第24章  烟草、烟草及烟草代用品的制品；非经燃烧吸用的产品，不论是否含有尼古丁；其他供人体摄入尼古丁的含尼古丁的产品,101,阿富汗,30000.0
202607,24,第24章  烟草、烟草及烟草代用品的制品；非经燃烧吸用的产品，不论是否含有尼古丁；其他供人体摄入尼古丁的含尼古丁的产品,106,缅甸,634716.0
202607,24,第24章  烟草、烟草及烟草代用品的制品；非经燃烧吸用的产品，不论是否含有尼古丁；其他供人体摄入尼古丁的含尼古丁的产品,107,柬埔寨,555765.0
202607,24,第24章  烟草、烟草及烟草代用品的制品；非经燃烧吸用的产品，不论是否含有尼古丁；其他供人体摄入尼古丁的含尼古丁的产品,114,伊拉克,832075.0
202607,24,第24章  烟草、烟草及烟草代用品的制品；非经燃烧吸用的产品，不论是否含有尼古丁；其他供人体摄入尼古丁的含尼古丁的产品,115,以色列,1453679.0
202607,24,第24章  烟草、烟草及烟草代用品的制品；非经燃烧吸用的产品，不论是否含有尼古丁；其他供人体摄入尼古丁的含尼古丁的产品,117,约旦,187869.0
202607,24,第24章  烟草、烟草及烟草代用品的制品；非经燃烧吸用的产品，不论是否含有尼古丁；其他供人体摄入尼古丁的含尼古丁的产品,131,沙特阿拉伯,9004994.0
202607,24,第24章  烟草、烟草及烟草代用品的制品；非经燃烧吸用的产品，不论是否含有尼古丁；其他供人体摄入尼古丁的含尼古丁的产品,214,吉布提,74088.0
202607,24,第24章  烟草、烟草及烟草代用品的制品；非经燃烧吸用的产品，不论是否含有尼古丁；其他供人体摄入尼古丁的含尼古丁的产品,215,埃及,1968816.0
202607,24,第24章  烟草、烟草及烟草代用品的制品；非经燃烧吸用的产品，不论是否含有尼古丁；其他供人体摄入尼古丁的含尼古丁的产品,226,利比亚,868624.0
202607,24,第24章  烟草、烟草及烟草代用品的制品；非经燃烧吸用的产品，不论是否含有尼古丁；其他供人体摄入尼古丁的含尼古丁的产品,232,摩洛哥,6132192.0
202607,24,第24章  烟草、烟草及烟草代用品的制品；非经燃烧吸用的产品，不论是否含有尼古丁；其他供人体摄入尼古丁的含尼古丁的产品,236,尼日利亚,2848998.0
202607,24,第24章  烟草、烟草及烟草代用品的制品；非经燃烧吸用的产品，不论是否含有尼古丁；其他供人体摄入尼古丁的含尼古丁的产品,247,坦桑尼亚,167288.0
202607,24,第24章  烟草、烟草及烟草代用品的制品；非经燃烧吸用的产品，不论是否含有尼古丁；其他供人体摄入尼古丁的含尼古丁的产品,248,多哥,179084.0
202607,24,第24章  烟草、烟草及烟草代用品的制品；非经燃烧吸用的产品，不论是否含有尼古丁；其他供人体摄入尼古丁的含尼古丁的产品,251,布基纳法索,12806.0
202607,24,第24章  烟草、烟草及烟草代用品的制品；非经燃烧吸用的产品，不论是否含有尼古丁；其他供人体摄入尼古丁的含尼古丁的产品,253,赞比亚,107348.0
202607,24,第24章  烟草、烟草及烟草代用品的制品；非经燃烧吸用的产品，不论是否含有尼古丁；其他供人体摄入尼古丁的含尼古丁的产品,302,丹麦,355922.0
202607,24,第24章  烟草、烟草及烟草代用品的制品；非经燃烧吸用的产品，不论是否含有尼古丁；其他供人体摄入尼古丁的含尼古丁的产品,308,卢森堡,996391.0
202607,24,第24章  烟草、烟草及烟草代用品的制品；非经燃烧吸用的产品，不论是否含有尼古丁；其他供人体摄入尼古丁的含尼古丁的产品,311,葡萄牙,70771.0
202607,24,第24章  烟草、烟草及烟草代用品的制品；非经燃烧吸用的产品，不论是否含有尼古丁；其他供人体摄入尼古丁的含尼古丁的产品,322,冰岛,190496.0
202607,24,第24章  烟草、烟草及烟草代用品的制品；非经燃烧吸用的产品，不论是否含有尼古丁；其他供人体摄入尼古丁的含尼古丁的产品,328,罗马尼亚,3197311.0
202607,24,第24章  烟草、烟草及烟草代用品的制品；非经燃烧吸用的产品，不论是否含有尼古丁；其他供人体摄入尼古丁的含尼古丁的产品,329,圣马力诺,45883.0
202607,24,第24章  烟草、烟草及烟草代用品的制品；非经燃烧吸用的产品，不论是否含有尼古丁；其他供人体摄入尼古丁的含尼古丁的产品,330,瑞典,2451922.0
202607,24,第24章  烟草、烟草及烟草代用品的制品；非经燃烧吸用的产品，不论是否含有尼古丁；其他供人体摄入尼古丁的含尼古丁的产品,331,瑞士,2156907.0
202607,24,第24章  烟草、烟草及烟草代用品的制品；非经燃烧吸用的产品，不论是否含有尼古丁；其他供人体摄入尼古丁的含尼古丁的产品,334,爱沙尼亚,1055006.0
202607,24,第24章  烟草、烟草及烟草代用品的制品；非经燃烧吸用的产品，不论是否含有尼古丁；其他供人体摄入尼古丁的含尼古丁的产品,335,拉脱维亚,1139587.0
202607,24,第24章  烟草、烟草及烟草代用品的制品；非经燃烧吸用的产品，不论是否含有尼古丁；其他供人体摄入尼古丁的含尼古丁的产品,343,摩尔多瓦,3692482.0
202607,24,第24章  烟草、烟草及烟草代用品的制品；非经燃烧吸用的产品，不论是否含有尼古丁；其他供人体摄入尼古丁的含尼古丁的产品,347,乌克兰,244532.0
202607,24,第24章  烟草、烟草及烟草代用品的制品；非经燃烧吸用的产品，不论是否含有尼古丁；其他供人体摄入尼古丁的含尼古丁的产品,352,捷克,1827182.0
202607,24,第24章  烟草、烟草及烟草代用品的制品；非经燃烧吸用的产品，不论是否含有尼古丁；其他供人体摄入尼古丁的含尼古丁的产品,353,斯洛伐克,678455.0
202607,24,第24章  烟草、烟草及烟草代用品的制品；非经燃烧吸用的产品，不论是否含有尼古丁；其他供人体摄入尼古丁的含尼古丁的产品,355,波斯尼亚和黑塞哥维那,68552.0
202607,24,第24章  烟草、烟草及烟草代用品的制品；非经燃烧吸用的产品，不论是否含有尼古丁；其他供人体摄入尼古丁的含尼古丁的产品,412,智利,1023291.0
202607,24,第24章  烟草、烟草及烟草代用品的制品；非经燃烧吸用的产品，不论是否含有尼古丁；其他供人体摄入尼古丁的含尼古丁的产品,413,哥伦比亚,2579351.0
202607,24,第24章  烟草、烟草及烟草代用品的制品；非经燃烧吸用的产品，不论是否含有尼古丁；其他供人体摄入尼古丁的含尼古丁的产品,418,多米尼加 ,852012.0
202607,24,第24章  烟草、烟草及烟草代用品的制品；非经燃烧吸用的产品，不论是否含有尼古丁；其他供人体摄入尼古丁的含尼古丁的产品,419,厄瓜多尔,911801.0
202607,24,第24章  烟草、烟草及烟草代用品的制品；非经燃烧吸用的产品，不论是否含有尼古丁；其他供人体摄入尼古丁的含尼古丁的产品,423,危地马拉,315888.0
202607,24,第24章  烟草、烟草及烟草代用品的制品；非经燃烧吸用的产品，不论是否含有尼古丁；其他供人体摄入尼古丁的含尼古丁的产品,426,洪都拉斯,234173.0
202607,24,第24章  烟草、烟草及烟草代用品的制品；非经燃烧吸用的产品，不论是否含有尼古丁；其他供人体摄入尼古丁的含尼古丁的产品,432,巴拿马,1584624.0
202607,24,第24章  烟草、烟草及烟草代用品的制品；非经燃烧吸用的产品，不论是否含有尼古丁；其他供人体摄入尼古丁的含尼古丁的产品,433,巴拉圭,10573951.0
202607,24,第24章  烟草、烟草及烟草代用品的制品；非经燃烧吸用的产品，不论是否含有尼古丁；其他供人体摄入尼古丁的含尼古丁的产品,434,秘鲁,335803.0
202607,24,第24章  烟草、烟草及烟草代用品的制品；非经燃烧吸用的产品，不论是否含有尼古丁；其他供人体摄入尼古丁的含尼古丁的产品,609,新西兰,3338754.0
202607,24,第24章  烟草、烟草及烟草代用品的制品；非经燃烧吸用的产品，不论是否含有尼古丁；其他供人体摄入尼古丁的含尼古丁的产品,623,法属波利尼西亚,104993.0
202607,25,第25章  盐；硫磺；泥土及石料；石膏料、石灰及水泥,101,阿富汗,125646.0
202607,25,第25章  盐；硫磺；泥土及石料；石膏料、石灰及水泥,103,孟加拉国,9595672.0
202607,25,第25章  盐；硫磺；泥土及石料；石膏料、石灰及水泥,105,文莱,12995.0
202607,25,第25章  盐；硫磺；泥土及石料；石膏料、石灰及水泥,106,缅甸,3133258.0
202607,25,第25章  盐；硫磺；泥土及石料；石膏料、石灰及水泥,107,柬埔寨,888674.0
202607,25,第25章  盐；硫磺；泥土及石料；石膏料、石灰及水泥,114,伊拉克,10114.0
202607,25,第25章  盐；硫磺；泥土及石料；石膏料、石灰及水泥,115,以色列,256266.0
202607,25,第25章  盐；硫磺；泥土及石料；石膏料、石灰及水泥,117,约旦,114634.0
202607,25,第25章  盐；硫磺；泥土及石料；石膏料、石灰及水泥,121,中国澳门,5194905.0
202607,25,第25章  盐；硫磺；泥土及石料；石膏料、石灰及水泥,130,卡塔尔,29564.0
202607,25,第25章  盐；硫磺；泥土及石料；石膏料、石灰及水泥,131,沙特阿拉伯,8722289.0
202607,25,第25章  盐；硫磺；泥土及石料；石膏料、石灰及水泥,134,斯里兰卡,512074.0
202607,25,第25章  盐；硫磺；泥土及石料；石膏料、石灰及水泥,146,吉尔吉斯斯坦,1705600.0
202607,25,第25章  盐；硫磺；泥土及石料；石膏料、石灰及水泥,201,阿尔及利亚,116027.0
202607,25,第25章  盐；硫磺；泥土及石料；石膏料、石灰及水泥,214,吉布提,109995.0
202607,25,第25章  盐；硫磺；泥土及石料；石膏料、石灰及水泥,215,埃及,1566735.0
202607,25,第25章  盐；硫磺；泥土及石料；石膏料、石灰及水泥,226,利比亚,3448.0
202607,25,第25章  盐；硫磺；泥土及石料；石膏料、石灰及水泥,228,马拉维,224.0
202607,25,第25章  盐；硫磺；泥土及石料；石膏料、石灰及水泥,232,摩洛哥,99515.0
202607,25,第25章  盐；硫磺；泥土及石料；石膏料、石灰及水泥,236,尼日利亚,1139990.0
202607,25,第25章  盐；硫磺；泥土及石料；石膏料、石灰及水泥,238,卢旺达,3037.0
202607,25,第25章  盐；硫磺；泥土及石料；石膏料、石灰及水泥,246,苏丹,200.0
202607,25,第25章  盐；硫磺；泥土及石料；石膏料、石灰及水泥,247,坦桑尼亚,1047767.0
202607,25,第25章  盐；硫磺；泥土及石料；石膏料、石灰及水泥,248,多哥,691.0
202607,25,第25章  盐；硫磺；泥土及石料；石膏料、石灰及水泥,251,布基纳法索,1292.0
202607,25,第25章  盐；硫磺；泥土及石料；石膏料、石灰及水泥,253,赞比亚,80596.0
202607,25,第25章  盐；硫磺；泥土及石料；石膏料、石灰及水泥,302,丹麦,200328.0
202607,25,第25章  盐；硫磺；泥土及石料；石膏料、石灰及水泥,311,葡萄牙,63049.0
202607,25,第25章  盐；硫磺；泥土及石料；石膏料、石灰及水泥,322,冰岛,666.0
202607,25,第25章  盐；硫磺；泥土及石料；石膏料、石灰及水泥,328,罗马尼亚,83520.0
202607,25,第25章  盐；硫磺；泥土及石料；石膏料、石灰及水泥,330,瑞典,169034.0
202607,25,第25章  盐；硫磺；泥土及石料；石膏料、石灰及水泥,331,瑞士,7805.0
202607,25,第25章  盐；硫磺；泥土及石料；石膏料、石灰及水泥,334,爱沙尼亚,299.0
202607,25,第25章  盐；硫磺；泥土及石料；石膏料、石灰及水泥,335,拉脱维亚,5409.0
202607,25,第25章  盐；硫磺；泥土及石料；石膏料、石灰及水泥,347,乌克兰,119022.0
202607,25,第25章  盐；硫磺；泥土及石料；石膏料、石灰及水泥,352,捷克,253049.0
202607,25,第25章  盐；硫磺；泥土及石料；石膏料、石灰及水泥,353,斯洛伐克,880.0
202607,25,第25章  盐；硫磺；泥土及石料；石膏料、石灰及水泥,354,北马其顿,27392.0
202607,25,第25章  盐；硫磺；泥土及石料；石膏料、石灰及水泥,402,阿根廷,1976614.0
202607,25,第25章  盐；硫磺；泥土及石料；石膏料、石灰及水泥,411,开曼群岛,1849.0
202607,25,第25章  盐；硫磺；泥土及石料；石膏料、石灰及水泥,412,智利,148495.0
202607,25,第25章  盐；硫磺；泥土及石料；石膏料、石灰及水泥,413,哥伦比亚,361602.0
202607,25,第25章  盐；硫磺；泥土及石料；石膏料、石灰及水泥,418,多米尼加 ,147897.0
202607,25,第25章  盐；硫磺；泥土及石料；石膏料、石灰及水泥,419,厄瓜多尔,1034274.0
202607,25,第25章  盐；硫磺；泥土及石料；石膏料、石灰及水泥,423,危地马拉,189588.0
202607,25,第25章  盐；硫磺；泥土及石料；石膏料、石灰及水泥,426,洪都拉斯,610139.0
202607,25,第25章  盐；硫磺；泥土及石料；石膏料、石灰及水泥,432,巴拿马,42233.0
202607,25,第25章  盐；硫磺；泥土及石料；石膏料、石灰及水泥,433,巴拉圭,7240.0
202607,25,第25章  盐；硫磺；泥土及石料；石膏料、石灰及水泥,434,秘鲁,281030.0
202607,25,第25章  盐；硫磺；泥土及石料；石膏料、石灰及水泥,445,委内瑞拉,51367.0
202607,25,第25章  盐；硫磺；泥土及石料；石膏料、石灰及水泥,602,库克群岛,2160.0
202607,25,第25章  盐；硫磺；泥土及石料；石膏料、石灰及水泥,603,斐济,24388.0
202607,25,第25章  盐；硫磺；泥土及石料；石膏料、石灰及水泥,606,瑙鲁,9894.0
202607,25,第25章  盐；硫磺；泥土及石料；石膏料、石灰及水泥,608,瓦努阿图,10726.0
202607,25,第25章  盐；硫磺；泥土及石料；石膏料、石灰及水泥,609,新西兰,1054662.0
202607,25,第25章  盐；硫磺；泥土及石料；石膏料、石灰及水泥,611,巴布亚新几内亚,785045.0
202607,25,第25章  盐；硫磺；泥土及石料；石膏料、石灰及水泥,613,所罗门群岛,1372.0
202607,25,第25章  盐；硫磺；泥土及石料；石膏料、石灰及水泥,620,密克罗尼西亚联邦,5518.0
202607,25,第25章  盐；硫磺；泥土及石料；石膏料、石灰及水泥,622,帕劳,1028.0
202607,25,第25章  盐；硫磺；泥土及石料；石膏料、石灰及水泥,623,法属波利尼西亚,9807.0
202607,26,第26章  矿砂、矿渣及矿灰,103,孟加拉国,1546081.0
202607,26,第26章  矿砂、矿渣及矿灰,105,文莱,2741.0
202607,26,第26章  矿砂、矿渣及矿灰,106,缅甸,8226.0
202607,26,第26章  矿砂、矿渣及矿灰,107,柬埔寨,137.0
202607,26,第26章  矿砂、矿渣及矿灰,115,以色列,24098.0
202607,26,第26章  矿砂、矿渣及矿灰,121,中国澳门,384564.0
202607,26,第26章  矿砂、矿渣及矿灰,134,斯里兰卡,332750.0
202607,26,第26章  矿砂、矿渣及矿灰,146,吉尔吉斯斯坦,676569.0
202607,26,第26章  矿砂、矿渣及矿灰,215,埃及,95040.0
202607,26,第26章  矿砂、矿渣及矿灰,226,利比亚,162708.0
202607,26,第26章  矿砂、矿渣及矿灰,232,摩洛哥,55.0
202607,26,第26章  矿砂、矿渣及矿灰,330,瑞典,118200.0
202607,26,第26章  矿砂、矿渣及矿灰,412,智利,9835658.0
202607,26,第26章  矿砂、矿渣及矿灰,426,洪都拉斯,18441.0
202607,26,第26章  矿砂、矿渣及矿灰,434,秘鲁,31170.0
202607,26,第26章  矿砂、矿渣及矿灰,611,巴布亚新几内亚,11761.0
202607,27,第27章  矿物燃料、矿物油及其蒸馏产品；沥青物质；矿物蜡,101,阿富汗,101857.0
202607,27,第27章  矿物燃料、矿物油及其蒸馏产品；沥青物质；矿物蜡,103,孟加拉国,152664172.0
202607,27,第27章  矿物燃料、矿物油及其蒸馏产品；沥青物质；矿物蜡,105,文莱,41769.0
202607,27,第27章  矿物燃料、矿物油及其蒸馏产品；沥青物质；矿物蜡,106,缅甸,74188702.0
202607,27,第27章  矿物燃料、矿物油及其蒸馏产品；沥青物质；矿物蜡,107,柬埔寨,17881674.0
202607,27,第27章  矿物燃料、矿物油及其蒸馏产品；沥青物质；矿物蜡,114,伊拉克,271371.0
202607,27,第27章  矿物燃料、矿物油及其蒸馏产品；沥青物质；矿物蜡,115,以色列,594149.0
202607,27,第27章  矿物燃料、矿物油及其蒸馏产品；沥青物质；矿物蜡,117,约旦,212310.0
202607,27,第27章  矿物燃料、矿物油及其蒸馏产品；沥青物质；矿物蜡,121,中国澳门,105607769.0
202607,27,第27章  矿物燃料、矿物油及其蒸馏产品；沥青物质；矿物蜡,128,巴勒斯坦,27383.0
202607,27,第27章  矿物燃料、矿物油及其蒸馏产品；沥青物质；矿物蜡,130,卡塔尔,5594162.0
202607,27,第27章  矿物燃料、矿物油及其蒸馏产品；沥青物质；矿物蜡,131,沙特阿拉伯,6150898.0
202607,27,第27章  矿物燃料、矿物油及其蒸馏产品；沥青物质；矿物蜡,134,斯里兰卡,348491.0
202607,27,第27章  矿物燃料、矿物油及其蒸馏产品；沥青物质；矿物蜡,144,东帝汶,366510.0
202607,27,第27章  矿物燃料、矿物油及其蒸馏产品；沥青物质；矿物蜡,146,吉尔吉斯斯坦,1242045.0
202607,27,第27章  矿物燃料、矿物油及其蒸馏产品；沥青物质；矿物蜡,201,阿尔及利亚,429721.0
202607,27,第27章  矿物燃料、矿物油及其蒸馏产品；沥青物质；矿物蜡,214,吉布提,124239.0
202607,27,第27章  矿物燃料、矿物油及其蒸馏产品；沥青物质；矿物蜡,215,埃及,3611150.0
202607,27,第27章  矿物燃料、矿物油及其蒸馏产品；沥青物质；矿物蜡,226,利比亚,342300.0
202607,27,第27章  矿物燃料、矿物油及其蒸馏产品；沥青物质；矿物蜡,228,马拉维,1950.0
202607,27,第27章  矿物燃料、矿物油及其蒸馏产品；沥青物质；矿物蜡,232,摩洛哥,540862.0
202607,27,第27章  矿物燃料、矿物油及其蒸馏产品；沥青物质；矿物蜡,236,尼日利亚,1818372.0
202607,27,第27章  矿物燃料、矿物油及其蒸馏产品；沥青物质；矿物蜡,238,卢旺达,102344.0
202607,27,第27章  矿物燃料、矿物油及其蒸馏产品；沥青物质；矿物蜡,246,苏丹,96617.0
202607,27,第27章  矿物燃料、矿物油及其蒸馏产品；沥青物质；矿物蜡,247,坦桑尼亚,2429582.0
202607,27,第27章  矿物燃料、矿物油及其蒸馏产品；沥青物质；矿物蜡,248,多哥,336182.0
202607,27,第27章  矿物燃料、矿物油及其蒸馏产品；沥青物质；矿物蜡,251,布基纳法索,140252.0
202607,27,第27章  矿物燃料、矿物油及其蒸馏产品；沥青物质；矿物蜡,253,赞比亚,207314.0
202607,27,第27章  矿物燃料、矿物油及其蒸馏产品；沥青物质；矿物蜡,302,丹麦,25350538.0
202607,27,第27章  矿物燃料、矿物油及其蒸馏产品；沥青物质；矿物蜡,308,卢森堡,11529485.0
202607,27,第27章  矿物燃料、矿物油及其蒸馏产品；沥青物质；矿物蜡,311,葡萄牙,20199775.0
202607,27,第27章  矿物燃料、矿物油及其蒸馏产品；沥青物质；矿物蜡,328,罗马尼亚,210579.0
202607,27,第27章  矿物燃料、矿物油及其蒸馏产品；沥青物质；矿物蜡,329,圣马力诺,144682.0
202607,27,第27章  矿物燃料、矿物油及其蒸馏产品；沥青物质；矿物蜡,331,瑞士,3128.0
202607,27,第27章  矿物燃料、矿物油及其蒸馏产品；沥青物质；矿物蜡,334,爱沙尼亚,70875.0
202607,27,第27章  矿物燃料、矿物油及其蒸馏产品；沥青物质；矿物蜡,347,乌克兰,162581.0
202607,27,第27章  矿物燃料、矿物油及其蒸馏产品；沥青物质；矿物蜡,402,阿根廷,818941.0
202607,27,第27章  矿物燃料、矿物油及其蒸馏产品；沥青物质；矿物蜡,411,开曼群岛,77514.0
202607,27,第27章  矿物燃料、矿物油及其蒸馏产品；沥青物质；矿物蜡,412,智利,1636182.0
202607,27,第27章  矿物燃料、矿物油及其蒸馏产品；沥青物质；矿物蜡,413,哥伦比亚,1552368.0
202607,27,第27章  矿物燃料、矿物油及其蒸馏产品；沥青物质；矿物蜡,416,古巴,4673.0
202607,27,第27章  矿物燃料、矿物油及其蒸馏产品；沥青物质；矿物蜡,418,多米尼加 ,434084.0
202607,27,第27章  矿物燃料、矿物油及其蒸馏产品；沥青物质；矿物蜡,419,厄瓜多尔,977783.0
202607,27,第27章  矿物燃料、矿物油及其蒸馏产品；沥青物质；矿物蜡,423,危地马拉,3527298.0
202607,27,第27章  矿物燃料、矿物油及其蒸馏产品；沥青物质；矿物蜡,426,洪都拉斯,128909.0
202607,27,第27章  矿物燃料、矿物油及其蒸馏产品；沥青物质；矿物蜡,432,巴拿马,155000779.0
202607,27,第27章  矿物燃料、矿物油及其蒸馏产品；沥青物质；矿物蜡,433,巴拉圭,167237.0
202607,27,第27章  矿物燃料、矿物油及其蒸馏产品；沥青物质；矿物蜡,434,秘鲁,1894996.0
202607,27,第27章  矿物燃料、矿物油及其蒸馏产品；沥青物质；矿物蜡,438,法属圣马丁 ,2217.0
202607,27,第27章  矿物燃料、矿物油及其蒸馏产品；沥青物质；矿物蜡,439,圣文森特和格林纳丁斯 ,327072.0
202607,27,第27章  矿物燃料、矿物油及其蒸馏产品；沥青物质；矿物蜡,445,委内瑞拉,935103.0
202607,27,第27章  矿物燃料、矿物油及其蒸馏产品；沥青物质；矿物蜡,447,圣基茨和尼维斯 ,168383.0
202607,27,第27章  矿物燃料、矿物油及其蒸馏产品；沥青物质；矿物蜡,504,百慕大,1583599.0
202607,27,第27章  矿物燃料、矿物油及其蒸馏产品；沥青物质；矿物蜡,603,斐济,346333.0
202607,27,第27章  矿物燃料、矿物油及其蒸馏产品；沥青物质；矿物蜡,606,瑙鲁,646747.0
202607,27,第27章  矿物燃料、矿物油及其蒸馏产品；沥青物质；矿物蜡,608,瓦努阿图,5864121.0
202607,27,第27章  矿物燃料、矿物油及其蒸馏产品；沥青物质；矿物蜡,609,新西兰,3571782.0
202607,27,第27章  矿物燃料、矿物油及其蒸馏产品；沥青物质；矿物蜡,611,巴布亚新几内亚,400001.0
202607,27,第27章  矿物燃料、矿物油及其蒸馏产品；沥青物质；矿物蜡,613,所罗门群岛,281532.0
202607,27,第27章  矿物燃料、矿物油及其蒸馏产品；沥青物质；矿物蜡,619,图瓦卢,349628.0
202607,27,第27章  矿物燃料、矿物油及其蒸馏产品；沥青物质；矿物蜡,620,密克罗尼西亚联邦,29498.0
202607,27,第27章  矿物燃料、矿物油及其蒸馏产品；沥青物质；矿物蜡,622,帕劳,1219501.0
202607,28,第28章  无机化学品；贵金属、稀土金属、放射性元素及其同位素的有机及无机化合物,101,阿富汗,127383.0
202607,28,第28章  无机化学品；贵金属、稀土金属、放射性元素及其同位素的有机及无机化合物,103,孟加拉国,17635661.0
202607,28,第28章  无机化学品；贵金属、稀土金属、放射性元素及其同位素的有机及无机化合物,105,文莱,336687.0
202607,28,第28章  无机化学品；贵金属、稀土金属、放射性元素及其同位素的有机及无机化合物,106,缅甸,5495087.0
202607,28,第28章  无机化学品；贵金属、稀土金属、放射性元素及其同位素的有机及无机化合物,107,柬埔寨,17923323.0
202607,28,第28章  无机化学品；贵金属、稀土金属、放射性元素及其同位素的有机及无机化合物,114,伊拉克,422829.0
202607,28,第28章  无机化学品；贵金属、稀土金属、放射性元素及其同位素的有机及无机化合物,115,以色列,3284539.0
202607,28,第28章  无机化学品；贵金属、稀土金属、放射性元素及其同位素的有机及无机化合物,117,约旦,2982543.0
202607,28,第28章  无机化学品；贵金属、稀土金属、放射性元素及其同位素的有机及无机化合物,121,中国澳门,715978.0
202607,28,第28章  无机化学品；贵金属、稀土金属、放射性元素及其同位素的有机及无机化合物,130,卡塔尔,835914.0
202607,28,第28章  无机化学品；贵金属、稀土金属、放射性元素及其同位素的有机及无机化合物,131,沙特阿拉伯,10371493.0
202607,28,第28章  无机化学品；贵金属、稀土金属、放射性元素及其同位素的有机及无机化合物,134,斯里兰卡,3067284.0
202607,28,第28章  无机化学品；贵金属、稀土金属、放射性元素及其同位素的有机及无机化合物,144,东帝汶,14107.0
202607,28,第28章  无机化学品；贵金属、稀土金属、放射性元素及其同位素的有机及无机化合物,146,吉尔吉斯斯坦,1292880.0
202607,28,第28章  无机化学品；贵金属、稀土金属、放射性元素及其同位素的有机及无机化合物,201,阿尔及利亚,1213150.0
202607,28,第28章  无机化学品；贵金属、稀土金属、放射性元素及其同位素的有机及无机化合物,214,吉布提,760933.0
202607,28,第28章  无机化学品；贵金属、稀土金属、放射性元素及其同位素的有机及无机化合物,215,埃及,5136227.0
202607,28,第28章  无机化学品；贵金属、稀土金属、放射性元素及其同位素的有机及无机化合物,216,赤道几内亚,13673.0
202607,28,第28章  无机化学品；贵金属、稀土金属、放射性元素及其同位素的有机及无机化合物,226,利比亚,170480.0
202607,28,第28章  无机化学品；贵金属、稀土金属、放射性元素及其同位素的有机及无机化合物,228,马拉维,39870.0
202607,28,第28章  无机化学品；贵金属、稀土金属、放射性元素及其同位素的有机及无机化合物,229,马里,1737584.0
202607,28,第28章  无机化学品；贵金属、稀土金属、放射性元素及其同位素的有机及无机化合物,232,摩洛哥,3839107.0
202607,28,第28章  无机化学品；贵金属、稀土金属、放射性元素及其同位素的有机及无机化合物,236,尼日利亚,10923266.0
202607,28,第28章  无机化学品；贵金属、稀土金属、放射性元素及其同位素的有机及无机化合物,238,卢旺达,32391.0
202607,28,第28章  无机化学品；贵金属、稀土金属、放射性元素及其同位素的有机及无机化合物,246,苏丹,991009.0
202607,28,第28章  无机化学品；贵金属、稀土金属、放射性元素及其同位素的有机及无机化合物,247,坦桑尼亚,11001963.0
202607,28,第28章  无机化学品；贵金属、稀土金属、放射性元素及其同位素的有机及无机化合物,248,多哥,117776.0
202607,28,第28章  无机化学品；贵金属、稀土金属、放射性元素及其同位素的有机及无机化合物,251,布基纳法索,3603434.0
202607,28,第28章  无机化学品；贵金属、稀土金属、放射性元素及其同位素的有机及无机化合物,253,赞比亚,898970.0
202607,28,第28章  无机化学品；贵金属、稀土金属、放射性元素及其同位素的有机及无机化合物,257,斯威士兰,11000.0
202607,28,第28章  无机化学品；贵金属、稀土金属、放射性元素及其同位素的有机及无机化合物,302,丹麦,2064200.0
202607,28,第28章  无机化学品；贵金属、稀土金属、放射性元素及其同位素的有机及无机化合物,308,卢森堡,41231.0
202607,28,第28章  无机化学品；贵金属、稀土金属、放射性元素及其同位素的有机及无机化合物,311,葡萄牙,1975844.0
202607,28,第28章  无机化学品；贵金属、稀土金属、放射性元素及其同位素的有机及无机化合物,322,冰岛,81781.0
202607,28,第28章  无机化学品；贵金属、稀土金属、放射性元素及其同位素的有机及无机化合物,323,列支敦士登,14317.0
202607,28,第28章  无机化学品；贵金属、稀土金属、放射性元素及其同位素的有机及无机化合物,328,罗马尼亚,1426706.0
202607,28,第28章  无机化学品；贵金属、稀土金属、放射性元素及其同位素的有机及无机化合物,330,瑞典,1730664.0
202607,28,第28章  无机化学品；贵金属、稀土金属、放射性元素及其同位素的有机及无机化合物,331,瑞士,1154097.0
202607,28,第28章  无机化学品；贵金属、稀土金属、放射性元素及其同位素的有机及无机化合物,334,爱沙尼亚,306369.0
202607,28,第28章  无机化学品；贵金属、稀土金属、放射性元素及其同位素的有机及无机化合物,335,拉脱维亚,71301.0
202607,28,第28章  无机化学品；贵金属、稀土金属、放射性元素及其同位素的有机及无机化合物,343,摩尔多瓦,1440.0
202607,28,第28章  无机化学品；贵金属、稀土金属、放射性元素及其同位素的有机及无机化合物,347,乌克兰,2007696.0
202607,28,第28章  无机化学品；贵金属、稀土金属、放射性元素及其同位素的有机及无机化合物,352,捷克,2517247.0
202607,28,第28章  无机化学品；贵金属、稀土金属、放射性元素及其同位素的有机及无机化合物,353,斯洛伐克,1628.0
202607,28,第28章  无机化学品；贵金属、稀土金属、放射性元素及其同位素的有机及无机化合物,402,阿根廷,12991516.0
202607,28,第28章  无机化学品；贵金属、稀土金属、放射性元素及其同位素的有机及无机化合物,412,智利,18071655.0
202607,28,第28章  无机化学品；贵金属、稀土金属、放射性元素及其同位素的有机及无机化合物,413,哥伦比亚,8132552.0
202607,28,第28章  无机化学品；贵金属、稀土金属、放射性元素及其同位素的有机及无机化合物,416,古巴,73710.0
202607,28,第28章  无机化学品；贵金属、稀土金属、放射性元素及其同位素的有机及无机化合物,418,多米尼加 ,906509.0
202607,28,第28章  无机化学品；贵金属、稀土金属、放射性元素及其同位素的有机及无机化合物,419,厄瓜多尔,7764355.0
202607,28,第28章  无机化学品；贵金属、稀土金属、放射性元素及其同位素的有机及无机化合物,423,危地马拉,1715852.0
202607,28,第28章  无机化学品；贵金属、稀土金属、放射性元素及其同位素的有机及无机化合物,426,洪都拉斯,1088686.0
202607,28,第28章  无机化学品；贵金属、稀土金属、放射性元素及其同位素的有机及无机化合物,432,巴拿马,496348.0
202607,28,第28章  无机化学品；贵金属、稀土金属、放射性元素及其同位素的有机及无机化合物,433,巴拉圭,288568.0
202607,28,第28章  无机化学品；贵金属、稀土金属、放射性元素及其同位素的有机及无机化合物,434,秘鲁,16128036.0
202607,28,第28章  无机化学品；贵金属、稀土金属、放射性元素及其同位素的有机及无机化合物,445,委内瑞拉,1358261.0
202607,28,第28章  无机化学品；贵金属、稀土金属、放射性元素及其同位素的有机及无机化合物,603,斐济,167310.0
202607,28,第28章  无机化学品；贵金属、稀土金属、放射性元素及其同位素的有机及无机化合物,609,新西兰,4599721.0
202607,28,第28章  无机化学品；贵金属、稀土金属、放射性元素及其同位素的有机及无机化合物,611,巴布亚新几内亚,1091103.0
202607,28,第28章  无机化学品；贵金属、稀土金属、放射性元素及其同位素的有机及无机化合物,613,所罗门群岛,26906.0
202607,28,第28章  无机化学品；贵金属、稀土金属、放射性元素及其同位素的有机及无机化合物,620,密克罗尼西亚联邦,25430.0
202607,28,第28章  无机化学品；贵金属、稀土金属、放射性元素及其同位素的有机及无机化合物,623,法属波利尼西亚,16612.0
202607,29,第29章  有机化学品,101,阿富汗,2001063.0
202607,29,第29章  有机化学品,103,孟加拉国,48077194.0
202607,29,第29章  有机化学品,105,文莱,269939.0
202607,29,第29章  有机化学品,106,缅甸,30492403.0
202607,29,第29章  有机化学品,107,柬埔寨,10060438.0
202607,29,第29章  有机化学品,114,伊拉克,6548827.0
202607,29,第29章  有机化学品,115,以色列,30871072.0
202607,29,第29章  有机化学品,117,约旦,18583916.0
202607,29,第29章  有机化学品,121,中国澳门,1280924.0
202607,29,第29章  有机化学品,128,巴勒斯坦,56730.0
202607,29,第29章  有机化学品,130,卡塔尔,2539173.0
202607,29,第29章  有机化学品,131,沙特阿拉伯,90672448.0
202607,29,第29章  有机化学品,134,斯里兰卡,14711439.0
202607,29,第29章  有机化学品,144,东帝汶,24406.0
202607,29,第29章  有机化学品,146,吉尔吉斯斯坦,4156733.0
202607,29,第29章  有机化学品,201,阿尔及利亚,14012569.0
202607,29,第29章  有机化学品,214,吉布提,2154575.0
202607,29,第29章  有机化学品,215,埃及,67477653.0
202607,29,第29章  有机化学品,216,赤道几内亚,70944.0
202607,29,第29章  有机化学品,226,利比亚,1109736.0
202607,29,第29章  有机化学品,228,马拉维,160301.0
202607,29,第29章  有机化学品,229,马里,7455.0
202607,29,第29章  有机化学品,232,摩洛哥,11609986.0
202607,29,第29章  有机化学品,236,尼日利亚,34691710.0
202607,29,第29章  有机化学品,238,卢旺达,94678.0
202607,29,第29章  有机化学品,246,苏丹,390512.0
202607,29,第29章  有机化学品,247,坦桑尼亚,6466351.0
202607,29,第29章  有机化学品,248,多哥,1812126.0
202607,29,第29章  有机化学品,251,布基纳法索,277996.0
202607,29,第29章  有机化学品,253,赞比亚,480671.0
202607,29,第29章  有机化学品,257,斯威士兰,268500.0
202607,29,第29章  有机化学品,302,丹麦,20801246.0
202607,29,第29章  有机化学品,308,卢森堡,260734.0
202607,29,第29章  有机化学品,311,葡萄牙,30870819.0
202607,29,第29章  有机化学品,322,冰岛,90080.0
202607,29,第29章  有机化学品,328,罗马尼亚,4444042.0
202607,29,第29章  有机化学品,330,瑞典,9600704.0
202607,29,第29章  有机化学品,331,瑞士,144644506.0
202607,29,第29章  有机化学品,334,爱沙尼亚,578279.0
202607,29,第29章  有机化学品,335,拉脱维亚,665212.0
202607,29,第29章  有机化学品,343,摩尔多瓦,290342.0
202607,29,第29章  有机化学品,347,乌克兰,11754790.0
202607,29,第29章  有机化学品,352,捷克,4765821.0
202607,29,第29章  有机化学品,353,斯洛伐克,416652.0
202607,29,第29章  有机化学品,354,北马其顿,466563.0
202607,29,第29章  有机化学品,355,波斯尼亚和黑塞哥维那,310184.0
202607,29,第29章  有机化学品,402,阿根廷,90869973.0
202607,29,第29章  有机化学品,411,开曼群岛,44403.0
202607,29,第29章  有机化学品,412,智利,34488998.0
202607,29,第29章  有机化学品,413,哥伦比亚,61698170.0
202607,29,第29章  有机化学品,416,古巴,15545.0
202607,29,第29章  有机化学品,418,多米尼加 ,5641286.0
202607,29,第29章  有机化学品,419,厄瓜多尔,26694564.0
202607,29,第29章  有机化学品,423,危地马拉,11486160.0
202607,29,第29章  有机化学品,426,洪都拉斯,2432734.0
202607,29,第29章  有机化学品,432,巴拿马,3040891.0
202607,29,第29章  有机化学品,433,巴拉圭,33505890.0
202607,29,第29章  有机化学品,434,秘鲁,31276340.0
202607,29,第29章  有机化学品,439,圣文森特和格林纳丁斯 ,37536.0
202607,29,第29章  有机化学品,445,委内瑞拉,11449591.0
202607,29,第29章  有机化学品,603,斐济,226218.0
202607,29,第29章  有机化学品,608,瓦努阿图,4546.0
202607,29,第29章  有机化学品,609,新西兰,11827100.0
202607,29,第29章  有机化学品,611,巴布亚新几内亚,567456.0
202607,29,第29章  有机化学品,622,帕劳,141.0
202607,29,第29章  有机化学品,623,法属波利尼西亚,58293.0
202607,30,第30章  药品,101,阿富汗,3083878.0
202607,30,第30章  药品,103,孟加拉国,5776634.0
202607,30,第30章  药品,105,文莱,69672.0
202607,30,第30章  药品,106,缅甸,2878138.0
202607,30,第30章  药品,107,柬埔寨,3878623.0
202607,30,第30章  药品,114,伊拉克,3999579.0
202607,30,第30章  药品,115,以色列,1504538.0
202607,30,第30章  药品,117,约旦,1505655.0
202607,30,第30章  药品,121,中国澳门,8042844.0
202607,30,第30章  药品,128,巴勒斯坦,60881.0
202607,30,第30章  药品,130,卡塔尔,351568.0
202607,30,第30章  药品,131,沙特阿拉伯,4593760.0
202607,30,第30章  药品,134,斯里兰卡,691662.0
202607,30,第30章  药品,144,东帝汶,26381.0
202607,30,第30章  药品,146,吉尔吉斯斯坦,578517.0
202607,30,第30章  药品,201,阿尔及利亚,4166348.0
202607,30,第30章  药品,214,吉布提,326080.0
202607,30,第30章  药品,215,埃及,7203683.0
202607,30,第30章  药品,216,赤道几内亚,147517.0
202607,30,第30章  药品,226,利比亚,855355.0
202607,30,第30章  药品,228,马拉维,29778.0
202607,30,第30章  药品,229,马里,3817492.0
202607,30,第30章  药品,232,摩洛哥,1443505.0
202607,30,第30章  药品,236,尼日利亚,11568502.0
202607,30,第30章  药品,238,卢旺达,526201.0
202607,30,第30章  药品,246,苏丹,1032809.0
202607,30,第30章  药品,247,坦桑尼亚,4493063.0
202607,30,第30章  药品,248,多哥,1749993.0
202607,30,第30章  药品,251,布基纳法索,1276169.0
202607,30,第30章  药品,253,赞比亚,1146629.0
202607,30,第30章  药品,257,斯威士兰,59930.0
202607,30,第30章  药品,302,丹麦,249593683.0
202607,30,第30章  药品,308,卢森堡,9188.0
202607,30,第30章  药品,311,葡萄牙,3848500.0
202607,30,第30章  药品,328,罗马尼亚,1428297.0
202607,30,第30章  药品,329,圣马力诺,12732.0
202607,30,第30章  药品,330,瑞典,3015811.0
202607,30,第30章  药品,331,瑞士,4245927.0
202607,30,第30章  药品,334,爱沙尼亚,173023.0
202607,30,第30章  药品,335,拉脱维亚,136273.0
202607,30,第30章  药品,343,摩尔多瓦,84332.0
202607,30,第30章  药品,347,乌克兰,359353.0
202607,30,第30章  药品,352,捷克,1956592.0
202607,30,第30章  药品,353,斯洛伐克,583981.0
202607,30,第30章  药品,355,波斯尼亚和黑塞哥维那,36116.0
202607,30,第30章  药品,402,阿根廷,3916600.0
202607,30,第30章  药品,412,智利,6110879.0
202607,30,第30章  药品,413,哥伦比亚,8897999.0
202607,30,第30章  药品,416,古巴,176956.0
202607,30,第30章  药品,418,多米尼加 ,1431416.0
202607,30,第30章  药品,419,厄瓜多尔,985651.0
202607,30,第30章  药品,423,危地马拉,2288793.0
202607,30,第30章  药品,426,洪都拉斯,783684.0
202607,30,第30章  药品,432,巴拿马,1720735.0
202607,30,第30章  药品,433,巴拉圭,703347.0
202607,30,第30章  药品,434,秘鲁,9563952.0
202607,30,第30章  药品,439,圣文森特和格林纳丁斯 ,394.0
202607,30,第30章  药品,445,委内瑞拉,4941209.0
202607,30,第30章  药品,603,斐济,226254.0
202607,30,第30章  药品,608,瓦努阿图,136.0
202607,30,第30章  药品,609,新西兰,6240955.0
202607,30,第30章  药品,611,巴布亚新几内亚,225695.0
202607,30,第30章  药品,613,所罗门群岛,5423.0
202607,30,第30章  药品,623,法属波利尼西亚,25.0
202607,31,第31章  肥料,103,孟加拉国,20459672.0
202607,31,第31章  肥料,105,文莱,23504.0
202607,31,第31章  肥料,106,缅甸,14512240.0
202607,31,第31章  肥料,107,柬埔寨,441721.0
202607,31,第31章  肥料,114,伊拉克,7995.0
202607,31,第31章  肥料,115,以色列,13728.0
202607,31,第31章  肥料,117,约旦,17680.0
202607,31,第31章  肥料,131,沙特阿拉伯,26420.0
202607,31,第31章  肥料,134,斯里兰卡,683016.0
202607,31,第31章  肥料,215,埃及,35495.0
202607,31,第31章  肥料,247,坦桑尼亚,8874295.0
202607,31,第31章  肥料,251,布基纳法索,4312.0
202607,31,第31章  肥料,328,罗马尼亚,5335170.0
202607,31,第31章  肥料,335,拉脱维亚,217441.0
202607,31,第31章  肥料,347,乌克兰,8050000.0
202607,31,第31章  肥料,402,阿根廷,176123.0
202607,31,第31章  肥料,412,智利,213685.0
202607,31,第31章  肥料,413,哥伦比亚,13443118.0
202607,31,第31章  肥料,418,多米尼加 ,738257.0
202607,31,第31章  肥料,419,厄瓜多尔,14055208.0
202607,31,第31章  肥料,423,危地马拉,1170445.0
202607,31,第31章  肥料,426,洪都拉斯,6940.0
202607,31,第31章  肥料,432,巴拿马,18856.0
202607,31,第31章  肥料,433,巴拉圭,26426.0
202607,31,第31章  肥料,434,秘鲁,480650.0
202607,31,第31章  肥料,609,新西兰,20265266.0
202607,31,第31章  肥料,611,巴布亚新几内亚,49950.0
202607,32,第32章  鞣料浸膏及染料浸膏；鞣酸及其衍生物；染料、颜料及其他着色料；油漆及清漆；油灰及其他类似胶粘剂；墨水、油墨,101,阿富汗,415919.0
202607,32,第32章  鞣料浸膏及染料浸膏；鞣酸及其衍生物；染料、颜料及其他着色料；油漆及清漆；油灰及其他类似胶粘剂；墨水、油墨,103,孟加拉国,12151453.0
202607,32,第32章  鞣料浸膏及染料浸膏；鞣酸及其衍生物；染料、颜料及其他着色料；油漆及清漆；油灰及其他类似胶粘剂；墨水、油墨,105,文莱,19925.0
202607,32,第32章  鞣料浸膏及染料浸膏；鞣酸及其衍生物；染料、颜料及其他着色料；油漆及清漆；油灰及其他类似胶粘剂；墨水、油墨,106,缅甸,2304503.0
202607,32,第32章  鞣料浸膏及染料浸膏；鞣酸及其衍生物；染料、颜料及其他着色料；油漆及清漆；油灰及其他类似胶粘剂；墨水、油墨,107,柬埔寨,5136853.0
202607,32,第32章  鞣料浸膏及染料浸膏；鞣酸及其衍生物；染料、颜料及其他着色料；油漆及清漆；油灰及其他类似胶粘剂；墨水、油墨,114,伊拉克,1995631.0
202607,32,第32章  鞣料浸膏及染料浸膏；鞣酸及其衍生物；染料、颜料及其他着色料；油漆及清漆；油灰及其他类似胶粘剂；墨水、油墨,115,以色列,11570672.0
202607,32,第32章  鞣料浸膏及染料浸膏；鞣酸及其衍生物；染料、颜料及其他着色料；油漆及清漆；油灰及其他类似胶粘剂；墨水、油墨,117,约旦,3546421.0
202607,32,第32章  鞣料浸膏及染料浸膏；鞣酸及其衍生物；染料、颜料及其他着色料；油漆及清漆；油灰及其他类似胶粘剂；墨水、油墨,121,中国澳门,605934.0
202607,32,第32章  鞣料浸膏及染料浸膏；鞣酸及其衍生物；染料、颜料及其他着色料；油漆及清漆；油灰及其他类似胶粘剂；墨水、油墨,128,巴勒斯坦,78761.0
202607,32,第32章  鞣料浸膏及染料浸膏；鞣酸及其衍生物；染料、颜料及其他着色料；油漆及清漆；油灰及其他类似胶粘剂；墨水、油墨,130,卡塔尔,228427.0
202607,32,第32章  鞣料浸膏及染料浸膏；鞣酸及其衍生物；染料、颜料及其他着色料；油漆及清漆；油灰及其他类似胶粘剂；墨水、油墨,131,沙特阿拉伯,8680743.0
202607,32,第32章  鞣料浸膏及染料浸膏；鞣酸及其衍生物；染料、颜料及其他着色料；油漆及清漆；油灰及其他类似胶粘剂；墨水、油墨,134,斯里兰卡,2566750.0
202607,32,第32章  鞣料浸膏及染料浸膏；鞣酸及其衍生物；染料、颜料及其他着色料；油漆及清漆；油灰及其他类似胶粘剂；墨水、油墨,144,东帝汶,13922.0
202607,32,第32章  鞣料浸膏及染料浸膏；鞣酸及其衍生物；染料、颜料及其他着色料；油漆及清漆；油灰及其他类似胶粘剂；墨水、油墨,146,吉尔吉斯斯坦,1514801.0
202607,32,第32章  鞣料浸膏及染料浸膏；鞣酸及其衍生物；染料、颜料及其他着色料；油漆及清漆；油灰及其他类似胶粘剂；墨水、油墨,201,阿尔及利亚,5685747.0
202607,32,第32章  鞣料浸膏及染料浸膏；鞣酸及其衍生物；染料、颜料及其他着色料；油漆及清漆；油灰及其他类似胶粘剂；墨水、油墨,214,吉布提,959381.0
202607,32,第32章  鞣料浸膏及染料浸膏；鞣酸及其衍生物；染料、颜料及其他着色料；油漆及清漆；油灰及其他类似胶粘剂；墨水、油墨,215,埃及,18805206.0
202607,32,第32章  鞣料浸膏及染料浸膏；鞣酸及其衍生物；染料、颜料及其他着色料；油漆及清漆；油灰及其他类似胶粘剂；墨水、油墨,216,赤道几内亚,8535.0
202607,32,第32章  鞣料浸膏及染料浸膏；鞣酸及其衍生物；染料、颜料及其他着色料；油漆及清漆；油灰及其他类似胶粘剂；墨水、油墨,226,利比亚,668481.0
202607,32,第32章  鞣料浸膏及染料浸膏；鞣酸及其衍生物；染料、颜料及其他着色料；油漆及清漆；油灰及其他类似胶粘剂；墨水、油墨,228,马拉维,1409.0
202607,32,第32章  鞣料浸膏及染料浸膏；鞣酸及其衍生物；染料、颜料及其他着色料；油漆及清漆；油灰及其他类似胶粘剂；墨水、油墨,229,马里,4447.0
202607,32,第32章  鞣料浸膏及染料浸膏；鞣酸及其衍生物；染料、颜料及其他着色料；油漆及清漆；油灰及其他类似胶粘剂；墨水、油墨,232,摩洛哥,3547302.0
202607,32,第32章  鞣料浸膏及染料浸膏；鞣酸及其衍生物；染料、颜料及其他着色料；油漆及清漆；油灰及其他类似胶粘剂；墨水、油墨,236,尼日利亚,7699452.0
202607,32,第32章  鞣料浸膏及染料浸膏；鞣酸及其衍生物；染料、颜料及其他着色料；油漆及清漆；油灰及其他类似胶粘剂；墨水、油墨,238,卢旺达,6336.0
202607,32,第32章  鞣料浸膏及染料浸膏；鞣酸及其衍生物；染料、颜料及其他着色料；油漆及清漆；油灰及其他类似胶粘剂；墨水、油墨,246,苏丹,1030597.0
202607,32,第32章  鞣料浸膏及染料浸膏；鞣酸及其衍生物；染料、颜料及其他着色料；油漆及清漆；油灰及其他类似胶粘剂；墨水、油墨,247,坦桑尼亚,2620846.0
202607,32,第32章  鞣料浸膏及染料浸膏；鞣酸及其衍生物；染料、颜料及其他着色料；油漆及清漆；油灰及其他类似胶粘剂；墨水、油墨,248,多哥,586374.0
202607,32,第32章  鞣料浸膏及染料浸膏；鞣酸及其衍生物；染料、颜料及其他着色料；油漆及清漆；油灰及其他类似胶粘剂；墨水、油墨,251,布基纳法索,7200.0
202607,32,第32章  鞣料浸膏及染料浸膏；鞣酸及其衍生物；染料、颜料及其他着色料；油漆及清漆；油灰及其他类似胶粘剂；墨水、油墨,253,赞比亚,1390570.0
202607,32,第32章  鞣料浸膏及染料浸膏；鞣酸及其衍生物；染料、颜料及其他着色料；油漆及清漆；油灰及其他类似胶粘剂；墨水、油墨,302,丹麦,2765595.0
202607,32,第32章  鞣料浸膏及染料浸膏；鞣酸及其衍生物；染料、颜料及其他着色料；油漆及清漆；油灰及其他类似胶粘剂；墨水、油墨,308,卢森堡,565281.0
202607,32,第32章  鞣料浸膏及染料浸膏；鞣酸及其衍生物；染料、颜料及其他着色料；油漆及清漆；油灰及其他类似胶粘剂；墨水、油墨,311,葡萄牙,1403857.0
202607,32,第32章  鞣料浸膏及染料浸膏；鞣酸及其衍生物；染料、颜料及其他着色料；油漆及清漆；油灰及其他类似胶粘剂；墨水、油墨,322,冰岛,34.0
202607,32,第32章  鞣料浸膏及染料浸膏；鞣酸及其衍生物；染料、颜料及其他着色料；油漆及清漆；油灰及其他类似胶粘剂；墨水、油墨,323,列支敦士登,102499.0
202607,32,第32章  鞣料浸膏及染料浸膏；鞣酸及其衍生物；染料、颜料及其他着色料；油漆及清漆；油灰及其他类似胶粘剂；墨水、油墨,328,罗马尼亚,1625078.0
202607,32,第32章  鞣料浸膏及染料浸膏；鞣酸及其衍生物；染料、颜料及其他着色料；油漆及清漆；油灰及其他类似胶粘剂；墨水、油墨,330,瑞典,931801.0
202607,32,第32章  鞣料浸膏及染料浸膏；鞣酸及其衍生物；染料、颜料及其他着色料；油漆及清漆；油灰及其他类似胶粘剂；墨水、油墨,331,瑞士,1534056.0
202607,32,第32章  鞣料浸膏及染料浸膏；鞣酸及其衍生物；染料、颜料及其他着色料；油漆及清漆；油灰及其他类似胶粘剂；墨水、油墨,334,爱沙尼亚,3308.0
202607,32,第32章  鞣料浸膏及染料浸膏；鞣酸及其衍生物；染料、颜料及其他着色料；油漆及清漆；油灰及其他类似胶粘剂；墨水、油墨,335,拉脱维亚,60148.0
202607,32,第32章  鞣料浸膏及染料浸膏；鞣酸及其衍生物；染料、颜料及其他着色料；油漆及清漆；油灰及其他类似胶粘剂；墨水、油墨,343,摩尔多瓦,31487.0
202607,32,第32章  鞣料浸膏及染料浸膏；鞣酸及其衍生物；染料、颜料及其他着色料；油漆及清漆；油灰及其他类似胶粘剂；墨水、油墨,347,乌克兰,1494963.0
202607,32,第32章  鞣料浸膏及染料浸膏；鞣酸及其衍生物；染料、颜料及其他着色料；油漆及清漆；油灰及其他类似胶粘剂；墨水、油墨,352,捷克,254450.0
202607,32,第32章  鞣料浸膏及染料浸膏；鞣酸及其衍生物；染料、颜料及其他着色料；油漆及清漆；油灰及其他类似胶粘剂；墨水、油墨,353,斯洛伐克,19999.0
202607,32,第32章  鞣料浸膏及染料浸膏；鞣酸及其衍生物；染料、颜料及其他着色料；油漆及清漆；油灰及其他类似胶粘剂；墨水、油墨,354,北马其顿,33694.0
202607,32,第32章  鞣料浸膏及染料浸膏；鞣酸及其衍生物；染料、颜料及其他着色料；油漆及清漆；油灰及其他类似胶粘剂；墨水、油墨,355,波斯尼亚和黑塞哥维那,69187.0
202607,32,第32章  鞣料浸膏及染料浸膏；鞣酸及其衍生物；染料、颜料及其他着色料；油漆及清漆；油灰及其他类似胶粘剂；墨水、油墨,402,阿根廷,7119180.0
202607,32,第32章  鞣料浸膏及染料浸膏；鞣酸及其衍生物；染料、颜料及其他着色料；油漆及清漆；油灰及其他类似胶粘剂；墨水、油墨,411,开曼群岛,94693.0
202607,32,第32章  鞣料浸膏及染料浸膏；鞣酸及其衍生物；染料、颜料及其他着色料；油漆及清漆；油灰及其他类似胶粘剂；墨水、油墨,412,智利,6146493.0
202607,32,第32章  鞣料浸膏及染料浸膏；鞣酸及其衍生物；染料、颜料及其他着色料；油漆及清漆；油灰及其他类似胶粘剂；墨水、油墨,413,哥伦比亚,10362096.0
202607,32,第32章  鞣料浸膏及染料浸膏；鞣酸及其衍生物；染料、颜料及其他着色料；油漆及清漆；油灰及其他类似胶粘剂；墨水、油墨,416,古巴,60761.0
202607,32,第32章  鞣料浸膏及染料浸膏；鞣酸及其衍生物；染料、颜料及其他着色料；油漆及清漆；油灰及其他类似胶粘剂；墨水、油墨,418,多米尼加 ,2154837.0
202607,32,第32章  鞣料浸膏及染料浸膏；鞣酸及其衍生物；染料、颜料及其他着色料；油漆及清漆；油灰及其他类似胶粘剂；墨水、油墨,419,厄瓜多尔,3167940.0
202607,32,第32章  鞣料浸膏及染料浸膏；鞣酸及其衍生物；染料、颜料及其他着色料；油漆及清漆；油灰及其他类似胶粘剂；墨水、油墨,423,危地马拉,2568557.0
202607,32,第32章  鞣料浸膏及染料浸膏；鞣酸及其衍生物；染料、颜料及其他着色料；油漆及清漆；油灰及其他类似胶粘剂；墨水、油墨,426,洪都拉斯,574861.0
202607,32,第32章  鞣料浸膏及染料浸膏；鞣酸及其衍生物；染料、颜料及其他着色料；油漆及清漆；油灰及其他类似胶粘剂；墨水、油墨,432,巴拿马,4953744.0
202607,32,第32章  鞣料浸膏及染料浸膏；鞣酸及其衍生物；染料、颜料及其他着色料；油漆及清漆；油灰及其他类似胶粘剂；墨水、油墨,433,巴拉圭,501929.0
202607,32,第32章  鞣料浸膏及染料浸膏；鞣酸及其衍生物；染料、颜料及其他着色料；油漆及清漆；油灰及其他类似胶粘剂；墨水、油墨,434,秘鲁,5489986.0
202607,32,第32章  鞣料浸膏及染料浸膏；鞣酸及其衍生物；染料、颜料及其他着色料；油漆及清漆；油灰及其他类似胶粘剂；墨水、油墨,438,法属圣马丁 ,2355.0
202607,32,第32章  鞣料浸膏及染料浸膏；鞣酸及其衍生物；染料、颜料及其他着色料；油漆及清漆；油灰及其他类似胶粘剂；墨水、油墨,445,委内瑞拉,1984106.0
202607,32,第32章  鞣料浸膏及染料浸膏；鞣酸及其衍生物；染料、颜料及其他着色料；油漆及清漆；油灰及其他类似胶粘剂；墨水、油墨,447,圣基茨和尼维斯 ,720.0
202607,32,第32章  鞣料浸膏及染料浸膏；鞣酸及其衍生物；染料、颜料及其他着色料；油漆及清漆；油灰及其他类似胶粘剂；墨水、油墨,603,斐济,202224.0
202607,32,第32章  鞣料浸膏及染料浸膏；鞣酸及其衍生物；染料、颜料及其他着色料；油漆及清漆；油灰及其他类似胶粘剂；墨水、油墨,606,瑙鲁,3500.0
202607,32,第32章  鞣料浸膏及染料浸膏；鞣酸及其衍生物；染料、颜料及其他着色料；油漆及清漆；油灰及其他类似胶粘剂；墨水、油墨,608,瓦努阿图,157072.0
202607,32,第32章  鞣料浸膏及染料浸膏；鞣酸及其衍生物；染料、颜料及其他着色料；油漆及清漆；油灰及其他类似胶粘剂；墨水、油墨,609,新西兰,947709.0
202607,32,第32章  鞣料浸膏及染料浸膏；鞣酸及其衍生物；染料、颜料及其他着色料；油漆及清漆；油灰及其他类似胶粘剂；墨水、油墨,611,巴布亚新几内亚,635073.0
202607,32,第32章  鞣料浸膏及染料浸膏；鞣酸及其衍生物；染料、颜料及其他着色料；油漆及清漆；油灰及其他类似胶粘剂；墨水、油墨,613,所罗门群岛,8543.0
202607,32,第32章  鞣料浸膏及染料浸膏；鞣酸及其衍生物；染料、颜料及其他着色料；油漆及清漆；油灰及其他类似胶粘剂；墨水、油墨,619,图瓦卢,82960.0
202607,32,第32章  鞣料浸膏及染料浸膏；鞣酸及其衍生物；染料、颜料及其他着色料；油漆及清漆；油灰及其他类似胶粘剂；墨水、油墨,620,密克罗尼西亚联邦,1363.0
202607,32,第32章  鞣料浸膏及染料浸膏；鞣酸及其衍生物；染料、颜料及其他着色料；油漆及清漆；油灰及其他类似胶粘剂；墨水、油墨,622,帕劳,14714.0
202607,32,第32章  鞣料浸膏及染料浸膏；鞣酸及其衍生物；染料、颜料及其他着色料；油漆及清漆；油灰及其他类似胶粘剂；墨水、油墨,623,法属波利尼西亚,7909.0
202607,33,第33章  精油及香膏；芳香料制品及化妆盥洗品,101,阿富汗,394718.0
202607,33,第33章  精油及香膏；芳香料制品及化妆盥洗品,103,孟加拉国,801436.0
202607,33,第33章  精油及香膏；芳香料制品及化妆盥洗品,105,文莱,112926.0
202607,33,第33章  精油及香膏；芳香料制品及化妆盥洗品,106,缅甸,959363.0
202607,33,第33章  精油及香膏；芳香料制品及化妆盥洗品,107,柬埔寨,5011997.0
202607,33,第33章  精油及香膏；芳香料制品及化妆盥洗品,114,伊拉克,4682290.0
202607,33,第33章  精油及香膏；芳香料制品及化妆盥洗品,115,以色列,1869344.0
202607,33,第33章  精油及香膏；芳香料制品及化妆盥洗品,117,约旦,1336267.0
202607,33,第33章  精油及香膏；芳香料制品及化妆盥洗品,121,中国澳门,1154543.0
202607,33,第33章  精油及香膏；芳香料制品及化妆盥洗品,128,巴勒斯坦,14661.0
202607,33,第33章  精油及香膏；芳香料制品及化妆盥洗品,130,卡塔尔,137506.0
202607,33,第33章  精油及香膏；芳香料制品及化妆盥洗品,131,沙特阿拉伯,10297268.0
202607,33,第33章  精油及香膏；芳香料制品及化妆盥洗品,134,斯里兰卡,171186.0
202607,33,第33章  精油及香膏；芳香料制品及化妆盥洗品,144,东帝汶,41042.0
202607,33,第33章  精油及香膏；芳香料制品及化妆盥洗品,146,吉尔吉斯斯坦,2869369.0
202607,33,第33章  精油及香膏；芳香料制品及化妆盥洗品,201,阿尔及利亚,468176.0
202607,33,第33章  精油及香膏；芳香料制品及化妆盥洗品,214,吉布提,1190316.0
202607,33,第33章  精油及香膏；芳香料制品及化妆盥洗品,215,埃及,1696546.0
202607,33,第33章  精油及香膏；芳香料制品及化妆盥洗品,216,赤道几内亚,1065.0
202607,33,第33章  精油及香膏；芳香料制品及化妆盥洗品,226,利比亚,530171.0
202607,33,第33章  精油及香膏；芳香料制品及化妆盥洗品,228,马拉维,7905.0
202607,33,第33章  精油及香膏；芳香料制品及化妆盥洗品,229,马里,63273.0
202607,33,第33章  精油及香膏；芳香料制品及化妆盥洗品,232,摩洛哥,2442457.0
202607,33,第33章  精油及香膏；芳香料制品及化妆盥洗品,236,尼日利亚,7601708.0
202607,33,第33章  精油及香膏；芳香料制品及化妆盥洗品,238,卢旺达,49702.0
202607,33,第33章  精油及香膏；芳香料制品及化妆盥洗品,246,苏丹,1636827.0
202607,33,第33章  精油及香膏；芳香料制品及化妆盥洗品,247,坦桑尼亚,2119559.0
202607,33,第33章  精油及香膏；芳香料制品及化妆盥洗品,248,多哥,1259134.0
202607,33,第33章  精油及香膏；芳香料制品及化妆盥洗品,251,布基纳法索,117859.0
202607,33,第33章  精油及香膏；芳香料制品及化妆盥洗品,253,赞比亚,45392.0
202607,33,第33章  精油及香膏；芳香料制品及化妆盥洗品,302,丹麦,2267432.0
202607,33,第33章  精油及香膏；芳香料制品及化妆盥洗品,308,卢森堡,77.0
202607,33,第33章  精油及香膏；芳香料制品及化妆盥洗品,311,葡萄牙,254589.0
202607,33,第33章  精油及香膏；芳香料制品及化妆盥洗品,322,冰岛,3556.0
202607,33,第33章  精油及香膏；芳香料制品及化妆盥洗品,328,罗马尼亚,1343758.0
202607,33,第33章  精油及香膏；芳香料制品及化妆盥洗品,330,瑞典,2121101.0
202607,33,第33章  精油及香膏；芳香料制品及化妆盥洗品,331,瑞士,4962869.0
202607,33,第33章  精油及香膏；芳香料制品及化妆盥洗品,334,爱沙尼亚,108830.0
202607,33,第33章  精油及香膏；芳香料制品及化妆盥洗品,335,拉脱维亚,217073.0
202607,33,第33章  精油及香膏；芳香料制品及化妆盥洗品,343,摩尔多瓦,41837.0
202607,33,第33章  精油及香膏；芳香料制品及化妆盥洗品,347,乌克兰,1004038.0
202607,33,第33章  精油及香膏；芳香料制品及化妆盥洗品,352,捷克,1299452.0
202607,33,第33章  精油及香膏；芳香料制品及化妆盥洗品,353,斯洛伐克,93333.0
202607,33,第33章  精油及香膏；芳香料制品及化妆盥洗品,354,北马其顿,23427.0
202607,33,第33章  精油及香膏；芳香料制品及化妆盥洗品,355,波斯尼亚和黑塞哥维那,5100.0
202607,33,第33章  精油及香膏；芳香料制品及化妆盥洗品,402,阿根廷,4098482.0
202607,33,第33章  精油及香膏；芳香料制品及化妆盥洗品,412,智利,9803378.0
202607,33,第33章  精油及香膏；芳香料制品及化妆盥洗品,413,哥伦比亚,9444190.0
202607,33,第33章  精油及香膏；芳香料制品及化妆盥洗品,416,古巴,19336.0
202607,33,第33章  精油及香膏；芳香料制品及化妆盥洗品,418,多米尼加 ,1113642.0
202607,33,第33章  精油及香膏；芳香料制品及化妆盥洗品,419,厄瓜多尔,1649500.0
202607,33,第33章  精油及香膏；芳香料制品及化妆盥洗品,423,危地马拉,1416506.0
202607,33,第33章  精油及香膏；芳香料制品及化妆盥洗品,426,洪都拉斯,1203926.0
202607,33,第33章  精油及香膏；芳香料制品及化妆盥洗品,432,巴拿马,6272136.0
202607,33,第33章  精油及香膏；芳香料制品及化妆盥洗品,433,巴拉圭,787434.0
202607,33,第33章  精油及香膏；芳香料制品及化妆盥洗品,434,秘鲁,4999248.0
202607,33,第33章  精油及香膏；芳香料制品及化妆盥洗品,439,圣文森特和格林纳丁斯 ,32630.0
202607,33,第33章  精油及香膏；芳香料制品及化妆盥洗品,445,委内瑞拉,3804059.0
202607,33,第33章  精油及香膏；芳香料制品及化妆盥洗品,447,圣基茨和尼维斯 ,1868.0
202607,33,第33章  精油及香膏；芳香料制品及化妆盥洗品,602,库克群岛,31.0
202607,33,第33章  精油及香膏；芳香料制品及化妆盥洗品,603,斐济,72870.0
202607,33,第33章  精油及香膏；芳香料制品及化妆盥洗品,608,瓦努阿图,5466.0
202607,33,第33章  精油及香膏；芳香料制品及化妆盥洗品,609,新西兰,1369188.0
202607,33,第33章  精油及香膏；芳香料制品及化妆盥洗品,611,巴布亚新几内亚,178809.0
202607,33,第33章  精油及香膏；芳香料制品及化妆盥洗品,613,所罗门群岛,602.0
202607,33,第33章  精油及香膏；芳香料制品及化妆盥洗品,622,帕劳,1569.0
202607,33,第33章  精油及香膏；芳香料制品及化妆盥洗品,623,法属波利尼西亚,4965.0
202607,34,第34章  肥皂、有机表面活性剂、洗涤剂、润滑剂、人造蜡、调制蜡、光洁剂、蜡烛及类似品、塑型用膏、“牙科用蜡”及牙科用熟石膏制剂,101,阿富汗,2218410.0
202607,34,第34章  肥皂、有机表面活性剂、洗涤剂、润滑剂、人造蜡、调制蜡、光洁剂、蜡烛及类似品、塑型用膏、“牙科用蜡”及牙科用熟石膏制剂,103,孟加拉国,9965379.0
202607,34,第34章  肥皂、有机表面活性剂、洗涤剂、润滑剂、人造蜡、调制蜡、光洁剂、蜡烛及类似品、塑型用膏、“牙科用蜡”及牙科用熟石膏制剂,105,文莱,127763.0
202607,34,第34章  肥皂、有机表面活性剂、洗涤剂、润滑剂、人造蜡、调制蜡、光洁剂、蜡烛及类似品、塑型用膏、“牙科用蜡”及牙科用熟石膏制剂,106,缅甸,2173602.0
202607,34,第34章  肥皂、有机表面活性剂、洗涤剂、润滑剂、人造蜡、调制蜡、光洁剂、蜡烛及类似品、塑型用膏、“牙科用蜡”及牙科用熟石膏制剂,107,柬埔寨,6349826.0
202607,34,第34章  肥皂、有机表面活性剂、洗涤剂、润滑剂、人造蜡、调制蜡、光洁剂、蜡烛及类似品、塑型用膏、“牙科用蜡”及牙科用熟石膏制剂,114,伊拉克,7573932.0
202607,34,第34章  肥皂、有机表面活性剂、洗涤剂、润滑剂、人造蜡、调制蜡、光洁剂、蜡烛及类似品、塑型用膏、“牙科用蜡”及牙科用熟石膏制剂,115,以色列,7123446.0
202607,34,第34章  肥皂、有机表面活性剂、洗涤剂、润滑剂、人造蜡、调制蜡、光洁剂、蜡烛及类似品、塑型用膏、“牙科用蜡”及牙科用熟石膏制剂,117,约旦,7104899.0
202607,34,第34章  肥皂、有机表面活性剂、洗涤剂、润滑剂、人造蜡、调制蜡、光洁剂、蜡烛及类似品、塑型用膏、“牙科用蜡”及牙科用熟石膏制剂,121,中国澳门,991470.0
202607,34,第34章  肥皂、有机表面活性剂、洗涤剂、润滑剂、人造蜡、调制蜡、光洁剂、蜡烛及类似品、塑型用膏、“牙科用蜡”及牙科用熟石膏制剂,128,巴勒斯坦,115961.0
202607,34,第34章  肥皂、有机表面活性剂、洗涤剂、润滑剂、人造蜡、调制蜡、光洁剂、蜡烛及类似品、塑型用膏、“牙科用蜡”及牙科用熟石膏制剂,130,卡塔尔,599754.0
202607,34,第34章  肥皂、有机表面活性剂、洗涤剂、润滑剂、人造蜡、调制蜡、光洁剂、蜡烛及类似品、塑型用膏、“牙科用蜡”及牙科用熟石膏制剂,131,沙特阿拉伯,15575570.0
202607,34,第34章  肥皂、有机表面活性剂、洗涤剂、润滑剂、人造蜡、调制蜡、光洁剂、蜡烛及类似品、塑型用膏、“牙科用蜡”及牙科用熟石膏制剂,134,斯里兰卡,1150994.0
202607,34,第34章  肥皂、有机表面活性剂、洗涤剂、润滑剂、人造蜡、调制蜡、光洁剂、蜡烛及类似品、塑型用膏、“牙科用蜡”及牙科用熟石膏制剂,144,东帝汶,274592.0
202607,34,第34章  肥皂、有机表面活性剂、洗涤剂、润滑剂、人造蜡、调制蜡、光洁剂、蜡烛及类似品、塑型用膏、“牙科用蜡”及牙科用熟石膏制剂,146,吉尔吉斯斯坦,4746176.0
202607,34,第34章  肥皂、有机表面活性剂、洗涤剂、润滑剂、人造蜡、调制蜡、光洁剂、蜡烛及类似品、塑型用膏、“牙科用蜡”及牙科用熟石膏制剂,201,阿尔及利亚,2744927.0
202607,34,第34章  肥皂、有机表面活性剂、洗涤剂、润滑剂、人造蜡、调制蜡、光洁剂、蜡烛及类似品、塑型用膏、“牙科用蜡”及牙科用熟石膏制剂,214,吉布提,2560319.0
202607,34,第34章  肥皂、有机表面活性剂、洗涤剂、润滑剂、人造蜡、调制蜡、光洁剂、蜡烛及类似品、塑型用膏、“牙科用蜡”及牙科用熟石膏制剂,215,埃及,12078115.0
202607,34,第34章  肥皂、有机表面活性剂、洗涤剂、润滑剂、人造蜡、调制蜡、光洁剂、蜡烛及类似品、塑型用膏、“牙科用蜡”及牙科用熟石膏制剂,216,赤道几内亚,77510.0
202607,34,第34章  肥皂、有机表面活性剂、洗涤剂、润滑剂、人造蜡、调制蜡、光洁剂、蜡烛及类似品、塑型用膏、“牙科用蜡”及牙科用熟石膏制剂,226,利比亚,1659109.0
202607,34,第34章  肥皂、有机表面活性剂、洗涤剂、润滑剂、人造蜡、调制蜡、光洁剂、蜡烛及类似品、塑型用膏、“牙科用蜡”及牙科用熟石膏制剂,228,马拉维,23521.0
202607,34,第34章  肥皂、有机表面活性剂、洗涤剂、润滑剂、人造蜡、调制蜡、光洁剂、蜡烛及类似品、塑型用膏、“牙科用蜡”及牙科用熟石膏制剂,229,马里,1284113.0
202607,34,第34章  肥皂、有机表面活性剂、洗涤剂、润滑剂、人造蜡、调制蜡、光洁剂、蜡烛及类似品、塑型用膏、“牙科用蜡”及牙科用熟石膏制剂,232,摩洛哥,3068125.0
202607,34,第34章  肥皂、有机表面活性剂、洗涤剂、润滑剂、人造蜡、调制蜡、光洁剂、蜡烛及类似品、塑型用膏、“牙科用蜡”及牙科用熟石膏制剂,236,尼日利亚,9316803.0
202607,34,第34章  肥皂、有机表面活性剂、洗涤剂、润滑剂、人造蜡、调制蜡、光洁剂、蜡烛及类似品、塑型用膏、“牙科用蜡”及牙科用熟石膏制剂,238,卢旺达,19078.0
202607,34,第34章  肥皂、有机表面活性剂、洗涤剂、润滑剂、人造蜡、调制蜡、光洁剂、蜡烛及类似品、塑型用膏、“牙科用蜡”及牙科用熟石膏制剂,246,苏丹,459230.0
202607,34,第34章  肥皂、有机表面活性剂、洗涤剂、润滑剂、人造蜡、调制蜡、光洁剂、蜡烛及类似品、塑型用膏、“牙科用蜡”及牙科用熟石膏制剂,247,坦桑尼亚,4786498.0
202607,34,第34章  肥皂、有机表面活性剂、洗涤剂、润滑剂、人造蜡、调制蜡、光洁剂、蜡烛及类似品、塑型用膏、“牙科用蜡”及牙科用熟石膏制剂,248,多哥,1288644.0
202607,34,第34章  肥皂、有机表面活性剂、洗涤剂、润滑剂、人造蜡、调制蜡、光洁剂、蜡烛及类似品、塑型用膏、“牙科用蜡”及牙科用熟石膏制剂,251,布基纳法索,51930.0
202607,34,第34章  肥皂、有机表面活性剂、洗涤剂、润滑剂、人造蜡、调制蜡、光洁剂、蜡烛及类似品、塑型用膏、“牙科用蜡”及牙科用熟石膏制剂,253,赞比亚,327141.0
202607,34,第34章  肥皂、有机表面活性剂、洗涤剂、润滑剂、人造蜡、调制蜡、光洁剂、蜡烛及类似品、塑型用膏、“牙科用蜡”及牙科用熟石膏制剂,302,丹麦,1542572.0
202607,34,第34章  肥皂、有机表面活性剂、洗涤剂、润滑剂、人造蜡、调制蜡、光洁剂、蜡烛及类似品、塑型用膏、“牙科用蜡”及牙科用熟石膏制剂,308,卢森堡,939.0
202607,34,第34章  肥皂、有机表面活性剂、洗涤剂、润滑剂、人造蜡、调制蜡、光洁剂、蜡烛及类似品、塑型用膏、“牙科用蜡”及牙科用熟石膏制剂,311,葡萄牙,354487.0
202607,34,第34章  肥皂、有机表面活性剂、洗涤剂、润滑剂、人造蜡、调制蜡、光洁剂、蜡烛及类似品、塑型用膏、“牙科用蜡”及牙科用熟石膏制剂,322,冰岛,1279.0
202607,34,第34章  肥皂、有机表面活性剂、洗涤剂、润滑剂、人造蜡、调制蜡、光洁剂、蜡烛及类似品、塑型用膏、“牙科用蜡”及牙科用熟石膏制剂,328,罗马尼亚,1342071.0
202607,34,第34章  肥皂、有机表面活性剂、洗涤剂、润滑剂、人造蜡、调制蜡、光洁剂、蜡烛及类似品、塑型用膏、“牙科用蜡”及牙科用熟石膏制剂,329,圣马力诺,1757.0
202607,34,第34章  肥皂、有机表面活性剂、洗涤剂、润滑剂、人造蜡、调制蜡、光洁剂、蜡烛及类似品、塑型用膏、“牙科用蜡”及牙科用熟石膏制剂,330,瑞典,2755464.0
202607,34,第34章  肥皂、有机表面活性剂、洗涤剂、润滑剂、人造蜡、调制蜡、光洁剂、蜡烛及类似品、塑型用膏、“牙科用蜡”及牙科用熟石膏制剂,331,瑞士,574722.0
202607,34,第34章  肥皂、有机表面活性剂、洗涤剂、润滑剂、人造蜡、调制蜡、光洁剂、蜡烛及类似品、塑型用膏、“牙科用蜡”及牙科用熟石膏制剂,334,爱沙尼亚,118657.0
202607,34,第34章  肥皂、有机表面活性剂、洗涤剂、润滑剂、人造蜡、调制蜡、光洁剂、蜡烛及类似品、塑型用膏、“牙科用蜡”及牙科用熟石膏制剂,335,拉脱维亚,72501.0
202607,34,第34章  肥皂、有机表面活性剂、洗涤剂、润滑剂、人造蜡、调制蜡、光洁剂、蜡烛及类似品、塑型用膏、“牙科用蜡”及牙科用熟石膏制剂,343,摩尔多瓦,56575.0
202607,34,第34章  肥皂、有机表面活性剂、洗涤剂、润滑剂、人造蜡、调制蜡、光洁剂、蜡烛及类似品、塑型用膏、“牙科用蜡”及牙科用熟石膏制剂,347,乌克兰,694311.0
202607,34,第34章  肥皂、有机表面活性剂、洗涤剂、润滑剂、人造蜡、调制蜡、光洁剂、蜡烛及类似品、塑型用膏、“牙科用蜡”及牙科用熟石膏制剂,352,捷克,737359.0
202607,34,第34章  肥皂、有机表面活性剂、洗涤剂、润滑剂、人造蜡、调制蜡、光洁剂、蜡烛及类似品、塑型用膏、“牙科用蜡”及牙科用熟石膏制剂,353,斯洛伐克,88891.0
202607,34,第34章  肥皂、有机表面活性剂、洗涤剂、润滑剂、人造蜡、调制蜡、光洁剂、蜡烛及类似品、塑型用膏、“牙科用蜡”及牙科用熟石膏制剂,354,北马其顿,8435.0
202607,34,第34章  肥皂、有机表面活性剂、洗涤剂、润滑剂、人造蜡、调制蜡、光洁剂、蜡烛及类似品、塑型用膏、“牙科用蜡”及牙科用熟石膏制剂,355,波斯尼亚和黑塞哥维那,49414.0
202607,34,第34章  肥皂、有机表面活性剂、洗涤剂、润滑剂、人造蜡、调制蜡、光洁剂、蜡烛及类似品、塑型用膏、“牙科用蜡”及牙科用熟石膏制剂,402,阿根廷,6241136.0
202607,34,第34章  肥皂、有机表面活性剂、洗涤剂、润滑剂、人造蜡、调制蜡、光洁剂、蜡烛及类似品、塑型用膏、“牙科用蜡”及牙科用熟石膏制剂,411,开曼群岛,15854.0
202607,34,第34章  肥皂、有机表面活性剂、洗涤剂、润滑剂、人造蜡、调制蜡、光洁剂、蜡烛及类似品、塑型用膏、“牙科用蜡”及牙科用熟石膏制剂,412,智利,17545180.0
202607,34,第34章  肥皂、有机表面活性剂、洗涤剂、润滑剂、人造蜡、调制蜡、光洁剂、蜡烛及类似品、塑型用膏、“牙科用蜡”及牙科用熟石膏制剂,413,哥伦比亚,9380989.0
202607,34,第34章  肥皂、有机表面活性剂、洗涤剂、润滑剂、人造蜡、调制蜡、光洁剂、蜡烛及类似品、塑型用膏、“牙科用蜡”及牙科用熟石膏制剂,416,古巴,1561851.0
202607,34,第34章  肥皂、有机表面活性剂、洗涤剂、润滑剂、人造蜡、调制蜡、光洁剂、蜡烛及类似品、塑型用膏、“牙科用蜡”及牙科用熟石膏制剂,418,多米尼加 ,5208853.0
202607,34,第34章  肥皂、有机表面活性剂、洗涤剂、润滑剂、人造蜡、调制蜡、光洁剂、蜡烛及类似品、塑型用膏、“牙科用蜡”及牙科用熟石膏制剂,419,厄瓜多尔,4843168.0
202607,34,第34章  肥皂、有机表面活性剂、洗涤剂、润滑剂、人造蜡、调制蜡、光洁剂、蜡烛及类似品、塑型用膏、“牙科用蜡”及牙科用熟石膏制剂,423,危地马拉,1826761.0
202607,34,第34章  肥皂、有机表面活性剂、洗涤剂、润滑剂、人造蜡、调制蜡、光洁剂、蜡烛及类似品、塑型用膏、“牙科用蜡”及牙科用熟石膏制剂,426,洪都拉斯,1441219.0
202607,34,第34章  肥皂、有机表面活性剂、洗涤剂、润滑剂、人造蜡、调制蜡、光洁剂、蜡烛及类似品、塑型用膏、“牙科用蜡”及牙科用熟石膏制剂,432,巴拿马,3154865.0
202607,34,第34章  肥皂、有机表面活性剂、洗涤剂、润滑剂、人造蜡、调制蜡、光洁剂、蜡烛及类似品、塑型用膏、“牙科用蜡”及牙科用熟石膏制剂,433,巴拉圭,1066899.0
202607,34,第34章  肥皂、有机表面活性剂、洗涤剂、润滑剂、人造蜡、调制蜡、光洁剂、蜡烛及类似品、塑型用膏、“牙科用蜡”及牙科用熟石膏制剂,434,秘鲁,9989872.0
202607,34,第34章  肥皂、有机表面活性剂、洗涤剂、润滑剂、人造蜡、调制蜡、光洁剂、蜡烛及类似品、塑型用膏、“牙科用蜡”及牙科用熟石膏制剂,439,圣文森特和格林纳丁斯 ,29291.0
202607,34,第34章  肥皂、有机表面活性剂、洗涤剂、润滑剂、人造蜡、调制蜡、光洁剂、蜡烛及类似品、塑型用膏、“牙科用蜡”及牙科用熟石膏制剂,445,委内瑞拉,14265151.0
202607,34,第34章  肥皂、有机表面活性剂、洗涤剂、润滑剂、人造蜡、调制蜡、光洁剂、蜡烛及类似品、塑型用膏、“牙科用蜡”及牙科用熟石膏制剂,447,圣基茨和尼维斯 ,19139.0
202607,34,第34章  肥皂、有机表面活性剂、洗涤剂、润滑剂、人造蜡、调制蜡、光洁剂、蜡烛及类似品、塑型用膏、“牙科用蜡”及牙科用熟石膏制剂,504,百慕大,50415.0
202607,34,第34章  肥皂、有机表面活性剂、洗涤剂、润滑剂、人造蜡、调制蜡、光洁剂、蜡烛及类似品、塑型用膏、“牙科用蜡”及牙科用熟石膏制剂,602,库克群岛,8917.0
202607,34,第34章  肥皂、有机表面活性剂、洗涤剂、润滑剂、人造蜡、调制蜡、光洁剂、蜡烛及类似品、塑型用膏、“牙科用蜡”及牙科用熟石膏制剂,603,斐济,478200.0
202607,34,第34章  肥皂、有机表面活性剂、洗涤剂、润滑剂、人造蜡、调制蜡、光洁剂、蜡烛及类似品、塑型用膏、“牙科用蜡”及牙科用熟石膏制剂,608,瓦努阿图,102009.0
202607,34,第34章  肥皂、有机表面活性剂、洗涤剂、润滑剂、人造蜡、调制蜡、光洁剂、蜡烛及类似品、塑型用膏、“牙科用蜡”及牙科用熟石膏制剂,609,新西兰,4278104.0
202607,34,第34章  肥皂、有机表面活性剂、洗涤剂、润滑剂、人造蜡、调制蜡、光洁剂、蜡烛及类似品、塑型用膏、“牙科用蜡”及牙科用熟石膏制剂,611,巴布亚新几内亚,646797.0
202607,34,第34章  肥皂、有机表面活性剂、洗涤剂、润滑剂、人造蜡、调制蜡、光洁剂、蜡烛及类似品、塑型用膏、“牙科用蜡”及牙科用熟石膏制剂,613,所罗门群岛,183845.0
202607,34,第34章  肥皂、有机表面活性剂、洗涤剂、润滑剂、人造蜡、调制蜡、光洁剂、蜡烛及类似品、塑型用膏、“牙科用蜡”及牙科用熟石膏制剂,620,密克罗尼西亚联邦,5420.0
202607,34,第34章  肥皂、有机表面活性剂、洗涤剂、润滑剂、人造蜡、调制蜡、光洁剂、蜡烛及类似品、塑型用膏、“牙科用蜡”及牙科用熟石膏制剂,622,帕劳,2707.0
202607,34,第34章  肥皂、有机表面活性剂、洗涤剂、润滑剂、人造蜡、调制蜡、光洁剂、蜡烛及类似品、塑型用膏、“牙科用蜡”及牙科用熟石膏制剂,623,法属波利尼西亚,135867.0
202607,35,第35章  蛋白类物质；改性淀粉；胶；酶,101,阿富汗,355818.0
202607,35,第35章  蛋白类物质；改性淀粉；胶；酶,103,孟加拉国,6978958.0
202607,35,第35章  蛋白类物质；改性淀粉；胶；酶,105,文莱,13866.0
202607,35,第35章  蛋白类物质；改性淀粉；胶；酶,106,缅甸,1359414.0
202607,35,第35章  蛋白类物质；改性淀粉；胶；酶,107,柬埔寨,5969823.0
202607,35,第35章  蛋白类物质；改性淀粉；胶；酶,114,伊拉克,1800950.0
202607,35,第35章  蛋白类物质；改性淀粉；胶；酶,115,以色列,1799408.0
202607,35,第35章  蛋白类物质；改性淀粉；胶；酶,117,约旦,1150313.0
202607,35,第35章  蛋白类物质；改性淀粉；胶；酶,121,中国澳门,107879.0
202607,35,第35章  蛋白类物质；改性淀粉；胶；酶,128,巴勒斯坦,37875.0
202607,35,第35章  蛋白类物质；改性淀粉；胶；酶,130,卡塔尔,401776.0
202607,35,第35章  蛋白类物质；改性淀粉；胶；酶,131,沙特阿拉伯,4528885.0
202607,35,第35章  蛋白类物质；改性淀粉；胶；酶,134,斯里兰卡,783352.0
202607,35,第35章  蛋白类物质；改性淀粉；胶；酶,144,东帝汶,3695.0
202607,35,第35章  蛋白类物质；改性淀粉；胶；酶,146,吉尔吉斯斯坦,2596618.0
202607,35,第35章  蛋白类物质；改性淀粉；胶；酶,201,阿尔及利亚,1712206.0
202607,35,第35章  蛋白类物质；改性淀粉；胶；酶,214,吉布提,170801.0
202607,35,第35章  蛋白类物质；改性淀粉；胶；酶,215,埃及,4084450.0
202607,35,第35章  蛋白类物质；改性淀粉；胶；酶,216,赤道几内亚,2927.0
202607,35,第35章  蛋白类物质；改性淀粉；胶；酶,226,利比亚,560656.0
202607,35,第35章  蛋白类物质；改性淀粉；胶；酶,228,马拉维,723.0
202607,35,第35章  蛋白类物质；改性淀粉；胶；酶,229,马里,53977.0
202607,35,第35章  蛋白类物质；改性淀粉；胶；酶,232,摩洛哥,1035410.0
202607,35,第35章  蛋白类物质；改性淀粉；胶；酶,236,尼日利亚,7435054.0
202607,35,第35章  蛋白类物质；改性淀粉；胶；酶,238,卢旺达,72234.0
202607,35,第35章  蛋白类物质；改性淀粉；胶；酶,246,苏丹,270371.0
202607,35,第35章  蛋白类物质；改性淀粉；胶；酶,247,坦桑尼亚,1291847.0
202607,35,第35章  蛋白类物质；改性淀粉；胶；酶,248,多哥,248656.0
202607,35,第35章  蛋白类物质；改性淀粉；胶；酶,251,布基纳法索,97131.0
202607,35,第35章  蛋白类物质；改性淀粉；胶；酶,253,赞比亚,13104.0
202607,35,第35章  蛋白类物质；改性淀粉；胶；酶,257,斯威士兰,3681.0
202607,35,第35章  蛋白类物质；改性淀粉；胶；酶,302,丹麦,2893732.0
202607,35,第35章  蛋白类物质；改性淀粉；胶；酶,308,卢森堡,91.0
202607,35,第35章  蛋白类物质；改性淀粉；胶；酶,311,葡萄牙,555158.0
202607,35,第35章  蛋白类物质；改性淀粉；胶；酶,322,冰岛,36690.0
202607,35,第35章  蛋白类物质；改性淀粉；胶；酶,328,罗马尼亚,1613874.0
202607,35,第35章  蛋白类物质；改性淀粉；胶；酶,330,瑞典,373617.0
202607,35,第35章  蛋白类物质；改性淀粉；胶；酶,331,瑞士,518030.0
202607,35,第35章  蛋白类物质；改性淀粉；胶；酶,334,爱沙尼亚,227048.0
202607,35,第35章  蛋白类物质；改性淀粉；胶；酶,335,拉脱维亚,61263.0
202607,35,第35章  蛋白类物质；改性淀粉；胶；酶,343,摩尔多瓦,40128.0
202607,35,第35章  蛋白类物质；改性淀粉；胶；酶,347,乌克兰,483474.0
202607,35,第35章  蛋白类物质；改性淀粉；胶；酶,352,捷克,474920.0
202607,35,第35章  蛋白类物质；改性淀粉；胶；酶,353,斯洛伐克,115744.0
202607,35,第35章  蛋白类物质；改性淀粉；胶；酶,354,北马其顿,1342.0
202607,35,第35章  蛋白类物质；改性淀粉；胶；酶,355,波斯尼亚和黑塞哥维那,57235.0
202607,35,第35章  蛋白类物质；改性淀粉；胶；酶,402,阿根廷,3267348.0
202607,35,第35章  蛋白类物质；改性淀粉；胶；酶,411,开曼群岛,1753.0
202607,35,第35章  蛋白类物质；改性淀粉；胶；酶,412,智利,3088248.0
202607,35,第35章  蛋白类物质；改性淀粉；胶；酶,413,哥伦比亚,6670350.0
202607,35,第35章  蛋白类物质；改性淀粉；胶；酶,418,多米尼加 ,949953.0
202607,35,第35章  蛋白类物质；改性淀粉；胶；酶,419,厄瓜多尔,1533287.0
202607,35,第35章  蛋白类物质；改性淀粉；胶；酶,423,危地马拉,981255.0
202607,35,第35章  蛋白类物质；改性淀粉；胶；酶,426,洪都拉斯,419616.0
202607,35,第35章  蛋白类物质；改性淀粉；胶；酶,432,巴拿马,806738.0
202607,35,第35章  蛋白类物质；改性淀粉；胶；酶,433,巴拉圭,102449.0
202607,35,第35章  蛋白类物质；改性淀粉；胶；酶,434,秘鲁,4781679.0
202607,35,第35章  蛋白类物质；改性淀粉；胶；酶,445,委内瑞拉,2381856.0
202607,35,第35章  蛋白类物质；改性淀粉；胶；酶,504,百慕大,11.0
202607,35,第35章  蛋白类物质；改性淀粉；胶；酶,603,斐济,36105.0
202607,35,第35章  蛋白类物质；改性淀粉；胶；酶,608,瓦努阿图,2513.0
202607,35,第35章  蛋白类物质；改性淀粉；胶；酶,609,新西兰,1124999.0
202607,35,第35章  蛋白类物质；改性淀粉；胶；酶,611,巴布亚新几内亚,40034.0
202607,35,第35章  蛋白类物质；改性淀粉；胶；酶,613,所罗门群岛,2131.0
202607,35,第35章  蛋白类物质；改性淀粉；胶；酶,620,密克罗尼西亚联邦,2147.0
202607,35,第35章  蛋白类物质；改性淀粉；胶；酶,622,帕劳,1317.0
202607,35,第35章  蛋白类物质；改性淀粉；胶；酶,623,法属波利尼西亚,12970.0
202607,36,第36章  炸药；烟火制品；引火合金；易燃材料制品,105,文莱,15839.0
202607,36,第36章  炸药；烟火制品；引火合金；易燃材料制品,106,缅甸,806235.0
202607,36,第36章  炸药；烟火制品；引火合金；易燃材料制品,107,柬埔寨,292102.0
202607,36,第36章  炸药；烟火制品；引火合金；易燃材料制品,115,以色列,57488.0
202607,36,第36章  炸药；烟火制品；引火合金；易燃材料制品,117,约旦,29549.0
202607,36,第36章  炸药；烟火制品；引火合金；易燃材料制品,130,卡塔尔,6552.0
202607,36,第36章  炸药；烟火制品；引火合金；易燃材料制品,146,吉尔吉斯斯坦,601086.0
202607,36,第36章  炸药；烟火制品；引火合金；易燃材料制品,247,坦桑尼亚,153613.0
202607,36,第36章  炸药；烟火制品；引火合金；易燃材料制品,302,丹麦,801057.0
202607,36,第36章  炸药；烟火制品；引火合金；易燃材料制品,311,葡萄牙,98984.0
202607,36,第36章  炸药；烟火制品；引火合金；易燃材料制品,330,瑞典,192282.0
202607,36,第36章  炸药；烟火制品；引火合金；易燃材料制品,331,瑞士,42942.0
202607,36,第36章  炸药；烟火制品；引火合金；易燃材料制品,334,爱沙尼亚,115427.0
202607,36,第36章  炸药；烟火制品；引火合金；易燃材料制品,352,捷克,612157.0
202607,36,第36章  炸药；烟火制品；引火合金；易燃材料制品,402,阿根廷,1938908.0
202607,36,第36章  炸药；烟火制品；引火合金；易燃材料制品,412,智利,153462.0
202607,36,第36章  炸药；烟火制品；引火合金；易燃材料制品,413,哥伦比亚,550098.0
202607,36,第36章  炸药；烟火制品；引火合金；易燃材料制品,418,多米尼加 ,57888.0
202607,36,第36章  炸药；烟火制品；引火合金；易燃材料制品,419,厄瓜多尔,5850.0
202607,36,第36章  炸药；烟火制品；引火合金；易燃材料制品,423,危地马拉,1370683.0
202607,36,第36章  炸药；烟火制品；引火合金；易燃材料制品,432,巴拿马,178164.0
202607,36,第36章  炸药；烟火制品；引火合金；易燃材料制品,434,秘鲁,1946395.0
202607,36,第36章  炸药；烟火制品；引火合金；易燃材料制品,609,新西兰,26838.0
202607,37,第37章  照相及电影用品,101,阿富汗,114913.0
202607,37,第37章  照相及电影用品,103,孟加拉国,2089794.0
202607,37,第37章  照相及电影用品,106,缅甸,27851.0
202607,37,第37章  照相及电影用品,107,柬埔寨,223177.0
202607,37,第37章  照相及电影用品,114,伊拉克,103104.0
202607,37,第37章  照相及电影用品,115,以色列,1149147.0
202607,37,第37章  照相及电影用品,117,约旦,139338.0
202607,37,第37章  照相及电影用品,121,中国澳门,165459.0
202607,37,第37章  照相及电影用品,128,巴勒斯坦,1802.0
202607,37,第37章  照相及电影用品,130,卡塔尔,65805.0
202607,37,第37章  照相及电影用品,131,沙特阿拉伯,266253.0
202607,37,第37章  照相及电影用品,134,斯里兰卡,349575.0
202607,37,第37章  照相及电影用品,146,吉尔吉斯斯坦,131525.0
202607,37,第37章  照相及电影用品,201,阿尔及利亚,640158.0
202607,37,第37章  照相及电影用品,215,埃及,1281359.0
202607,37,第37章  照相及电影用品,226,利比亚,31665.0
202607,37,第37章  照相及电影用品,232,摩洛哥,207841.0
202607,37,第37章  照相及电影用品,236,尼日利亚,503912.0
202607,37,第37章  照相及电影用品,246,苏丹,650.0
202607,37,第37章  照相及电影用品,247,坦桑尼亚,36085.0
202607,37,第37章  照相及电影用品,248,多哥,8910.0
202607,37,第37章  照相及电影用品,253,赞比亚,105082.0
202607,37,第37章  照相及电影用品,302,丹麦,300.0
202607,37,第37章  照相及电影用品,328,罗马尼亚,117767.0
202607,37,第37章  照相及电影用品,331,瑞士,28597.0
202607,37,第37章  照相及电影用品,334,爱沙尼亚,1.0
202607,37,第37章  照相及电影用品,335,拉脱维亚,1174742.0
202607,37,第37章  照相及电影用品,343,摩尔多瓦,25702.0
202607,37,第37章  照相及电影用品,347,乌克兰,370936.0
202607,37,第37章  照相及电影用品,352,捷克,771648.0
202607,37,第37章  照相及电影用品,355,波斯尼亚和黑塞哥维那,2664.0
202607,37,第37章  照相及电影用品,402,阿根廷,213335.0
202607,37,第37章  照相及电影用品,412,智利,108908.0
202607,37,第37章  照相及电影用品,413,哥伦比亚,964221.0
202607,37,第37章  照相及电影用品,418,多米尼加 ,139996.0
202607,37,第37章  照相及电影用品,419,厄瓜多尔,132424.0
202607,37,第37章  照相及电影用品,423,危地马拉,279876.0
202607,37,第37章  照相及电影用品,432,巴拿马,149018.0
202607,37,第37章  照相及电影用品,433,巴拉圭,828631.0
202607,37,第37章  照相及电影用品,434,秘鲁,459395.0
202607,37,第37章  照相及电影用品,445,委内瑞拉,108284.0
202607,37,第37章  照相及电影用品,609,新西兰,282342.0
202607,37,第37章  照相及电影用品,611,巴布亚新几内亚,3991.0
202607,38,第38章  杂项化学产品,101,阿富汗,1297411.0
202607,38,第38章  杂项化学产品,103,孟加拉国,26846097.0
202607,38,第38章  杂项化学产品,105,文莱,325869.0
202607,38,第38章  杂项化学产品,106,缅甸,12948599.0
202607,38,第38章  杂项化学产品,107,柬埔寨,31095815.0
202607,38,第38章  杂项化学产品,114,伊拉克,5540033.0
202607,38,第38章  杂项化学产品,115,以色列,8246785.0
202607,38,第38章  杂项化学产品,117,约旦,2458431.0
202607,38,第38章  杂项化学产品,121,中国澳门,675506.0
202607,38,第38章  杂项化学产品,128,巴勒斯坦,62545.0
202607,38,第38章  杂项化学产品,130,卡塔尔,2578856.0
202607,38,第38章  杂项化学产品,131,沙特阿拉伯,34814575.0
202607,38,第38章  杂项化学产品,134,斯里兰卡,2737610.0
202607,38,第38章  杂项化学产品,144,东帝汶,17604.0
202607,38,第38章  杂项化学产品,146,吉尔吉斯斯坦,4378267.0
202607,38,第38章  杂项化学产品,201,阿尔及利亚,6398229.0
202607,38,第38章  杂项化学产品,214,吉布提,7743725.0
202607,38,第38章  杂项化学产品,215,埃及,26884157.0
202607,38,第38章  杂项化学产品,216,赤道几内亚,19448.0
202607,38,第38章  杂项化学产品,226,利比亚,1559631.0
202607,38,第38章  杂项化学产品,228,马拉维,562877.0
202607,38,第38章  杂项化学产品,229,马里,954579.0
202607,38,第38章  杂项化学产品,232,摩洛哥,6299651.0
202607,38,第38章  杂项化学产品,236,尼日利亚,27311540.0
202607,38,第38章  杂项化学产品,238,卢旺达,414647.0
202607,38,第38章  杂项化学产品,246,苏丹,6659657.0
202607,38,第38章  杂项化学产品,247,坦桑尼亚,18422932.0
202607,38,第38章  杂项化学产品,248,多哥,959034.0
202607,38,第38章  杂项化学产品,251,布基纳法索,888958.0
202607,38,第38章  杂项化学产品,253,赞比亚,3942091.0
202607,38,第38章  杂项化学产品,257,斯威士兰,6885.0
202607,38,第38章  杂项化学产品,302,丹麦,4727634.0
202607,38,第38章  杂项化学产品,308,卢森堡,51546.0
202607,38,第38章  杂项化学产品,311,葡萄牙,1937272.0
202607,38,第38章  杂项化学产品,322,冰岛,22809.0
202607,38,第38章  杂项化学产品,323,列支敦士登,667.0
202607,38,第38章  杂项化学产品,328,罗马尼亚,3929881.0
202607,38,第38章  杂项化学产品,330,瑞典,3663227.0
202607,38,第38章  杂项化学产品,331,瑞士,11880816.0
202607,38,第38章  杂项化学产品,334,爱沙尼亚,1592914.0
202607,38,第38章  杂项化学产品,335,拉脱维亚,923477.0
202607,38,第38章  杂项化学产品,343,摩尔多瓦,387525.0
202607,38,第38章  杂项化学产品,347,乌克兰,8594745.0
202607,38,第38章  杂项化学产品,352,捷克,6853210.0
202607,38,第38章  杂项化学产品,353,斯洛伐克,600162.0
202607,38,第38章  杂项化学产品,354,北马其顿,5383069.0
202607,38,第38章  杂项化学产品,355,波斯尼亚和黑塞哥维那,63680.0
202607,38,第38章  杂项化学产品,402,阿根廷,42816276.0
202607,38,第38章  杂项化学产品,411,开曼群岛,159530.0
202607,38,第38章  杂项化学产品,412,智利,21689117.0
202607,38,第38章  杂项化学产品,413,哥伦比亚,19528451.0
202607,38,第38章  杂项化学产品,416,古巴,8240.0
202607,38,第38章  杂项化学产品,418,多米尼加 ,7014019.0
202607,38,第38章  杂项化学产品,419,厄瓜多尔,12466746.0
202607,38,第38章  杂项化学产品,423,危地马拉,4538695.0
202607,38,第38章  杂项化学产品,426,洪都拉斯,1731736.0
202607,38,第38章  杂项化学产品,432,巴拿马,3635323.0
202607,38,第38章  杂项化学产品,433,巴拉圭,11632655.0
202607,38,第38章  杂项化学产品,434,秘鲁,19382437.0
202607,38,第38章  杂项化学产品,438,法属圣马丁 ,265.0
202607,38,第38章  杂项化学产品,439,圣文森特和格林纳丁斯 ,14838.0
202607,38,第38章  杂项化学产品,445,委内瑞拉,4753421.0
202607,38,第38章  杂项化学产品,447,圣基茨和尼维斯 ,272.0
202607,38,第38章  杂项化学产品,449,博纳尔，圣俄斯塔休斯和萨巴 ,4703.0
202607,38,第38章  杂项化学产品,504,百慕大,175.0
202607,38,第38章  杂项化学产品,603,斐济,495219.0
202607,38,第38章  杂项化学产品,608,瓦努阿图,16020.0
202607,38,第38章  杂项化学产品,609,新西兰,10523848.0
202607,38,第38章  杂项化学产品,611,巴布亚新几内亚,631097.0
202607,38,第38章  杂项化学产品,613,所罗门群岛,32453.0
202607,38,第38章  杂项化学产品,619,图瓦卢,2510.0
202607,38,第38章  杂项化学产品,620,密克罗尼西亚联邦,21421.0
202607,38,第38章  杂项化学产品,623,法属波利尼西亚,7924.0
202607,39,第39章  塑料及其制品,101,阿富汗,11916684.0
202607,39,第39章  塑料及其制品,103,孟加拉国,116034333.0
202607,39,第39章  塑料及其制品,105,文莱,1666288.0
202607,39,第39章  塑料及其制品,106,缅甸,36885577.0
202607,39,第39章  塑料及其制品,107,柬埔寨,87020137.0
202607,39,第39章  塑料及其制品,114,伊拉克,63602336.0
202607,39,第39章  塑料及其制品,115,以色列,82913924.0
202607,39,第39章  塑料及其制品,117,约旦,40899403.0
202607,39,第39章  塑料及其制品,121,中国澳门,11184449.0
202607,39,第39章  塑料及其制品,128,巴勒斯坦,2279754.0
202607,39,第39章  塑料及其制品,130,卡塔尔,13510253.0
202607,39,第39章  塑料及其制品,131,沙特阿拉伯,174039656.0
202607,39,第39章  塑料及其制品,134,斯里兰卡,31197127.0
202607,39,第39章  塑料及其制品,144,东帝汶,2856888.0
202607,39,第39章  塑料及其制品,146,吉尔吉斯斯坦,59887507.0
202607,39,第39章  塑料及其制品,201,阿尔及利亚,66195308.0
202607,39,第39章  塑料及其制品,214,吉布提,16876872.0
202607,39,第39章  塑料及其制品,215,埃及,103485277.0
202607,39,第39章  塑料及其制品,216,赤道几内亚,1310229.0
202607,39,第39章  塑料及其制品,226,利比亚,15845414.0
202607,39,第39章  塑料及其制品,228,马拉维,1008958.0
202607,39,第39章  塑料及其制品,229,马里,3053338.0
202607,39,第39章  塑料及其制品,232,摩洛哥,36452191.0
202607,39,第39章  塑料及其制品,236,尼日利亚,187234094.0
202607,39,第39章  塑料及其制品,238,卢旺达,1970519.0
202607,39,第39章  塑料及其制品,246,苏丹,6660900.0
202607,39,第39章  塑料及其制品,247,坦桑尼亚,68663439.0
202607,39,第39章  塑料及其制品,248,多哥,13481395.0
202607,39,第39章  塑料及其制品,251,布基纳法索,3881585.0
202607,39,第39章  塑料及其制品,253,赞比亚,7886476.0
202607,39,第39章  塑料及其制品,257,斯威士兰,91052.0
202607,39,第39章  塑料及其制品,302,丹麦,34261026.0
202607,39,第39章  塑料及其制品,308,卢森堡,732092.0
202607,39,第39章  塑料及其制品,311,葡萄牙,24721489.0
202607,39,第39章  塑料及其制品,322,冰岛,763903.0
202607,39,第39章  塑料及其制品,323,列支敦士登,64986.0
202607,39,第39章  塑料及其制品,325,摩纳哥,8681.0
202607,39,第39章  塑料及其制品,328,罗马尼亚,31649228.0
202607,39,第39章  塑料及其制品,329,圣马力诺,224472.0
202607,39,第39章  塑料及其制品,330,瑞典,27738849.0
202607,39,第39章  塑料及其制品,331,瑞士,12069260.0
202607,39,第39章  塑料及其制品,334,爱沙尼亚,3196374.0
202607,39,第39章  塑料及其制品,335,拉脱维亚,4997701.0
202607,39,第39章  塑料及其制品,343,摩尔多瓦,1330265.0
202607,39,第39章  塑料及其制品,347,乌克兰,20899141.0
202607,39,第39章  塑料及其制品,352,捷克,30797266.0
202607,39,第39章  塑料及其制品,353,斯洛伐克,7980331.0
202607,39,第39章  塑料及其制品,354,北马其顿,1645825.0
202607,39,第39章  塑料及其制品,355,波斯尼亚和黑塞哥维那,788937.0
202607,39,第39章  塑料及其制品,402,阿根廷,61692890.0
202607,39,第39章  塑料及其制品,411,开曼群岛,260974.0
202607,39,第39章  塑料及其制品,412,智利,112354498.0
202607,39,第39章  塑料及其制品,413,哥伦比亚,101339151.0
202607,39,第39章  塑料及其制品,416,古巴,814221.0
202607,39,第39章  塑料及其制品,418,多米尼加 ,36035937.0
202607,39,第39章  塑料及其制品,419,厄瓜多尔,38964374.0
202607,39,第39章  塑料及其制品,423,危地马拉,31564009.0
202607,39,第39章  塑料及其制品,426,洪都拉斯,15527582.0
202607,39,第39章  塑料及其制品,432,巴拿马,28226680.0
202607,39,第39章  塑料及其制品,433,巴拉圭,8536596.0
202607,39,第39章  塑料及其制品,434,秘鲁,120376094.0
202607,39,第39章  塑料及其制品,438,法属圣马丁 ,52382.0
202607,39,第39章  塑料及其制品,439,圣文森特和格林纳丁斯 ,74405.0
202607,39,第39章  塑料及其制品,445,委内瑞拉,51509731.0
202607,39,第39章  塑料及其制品,447,圣基茨和尼维斯 ,129441.0
202607,39,第39章  塑料及其制品,449,博纳尔，圣俄斯塔休斯和萨巴 ,8230.0
202607,39,第39章  塑料及其制品,504,百慕大,54449.0
202607,39,第39章  塑料及其制品,602,库克群岛,13673.0
202607,39,第39章  塑料及其制品,603,斐济,3820523.0
202607,39,第39章  塑料及其制品,606,瑙鲁,252470.0
202607,39,第39章  塑料及其制品,608,瓦努阿图,772004.0
202607,39,第39章  塑料及其制品,609,新西兰,43227215.0
202607,39,第39章  塑料及其制品,611,巴布亚新几内亚,13483896.0
202607,39,第39章  塑料及其制品,613,所罗门群岛,2864292.0
202607,39,第39章  塑料及其制品,619,图瓦卢,71017.0
202607,39,第39章  塑料及其制品,620,密克罗尼西亚联邦,235933.0
202607,39,第39章  塑料及其制品,622,帕劳,79254.0
202607,39,第39章  塑料及其制品,623,法属波利尼西亚,821104.0
202607,40,第40章  橡胶及其制品,101,阿富汗,6190957.0
202607,40,第40章  橡胶及其制品,103,孟加拉国,10612479.0
202607,40,第40章  橡胶及其制品,105,文莱,1476169.0
202607,40,第40章  橡胶及其制品,106,缅甸,10971274.0
202607,40,第40章  橡胶及其制品,107,柬埔寨,32098907.0
202607,40,第40章  橡胶及其制品,114,伊拉克,53894325.0
202607,40,第40章  橡胶及其制品,115,以色列,19806450.0
202607,40,第40章  橡胶及其制品,117,约旦,11658650.0
202607,40,第40章  橡胶及其制品,121,中国澳门,519472.0
202607,40,第40章  橡胶及其制品,128,巴勒斯坦,300452.0
202607,40,第40章  橡胶及其制品,130,卡塔尔,5394258.0
202607,40,第40章  橡胶及其制品,131,沙特阿拉伯,96055268.0
202607,40,第40章  橡胶及其制品,134,斯里兰卡,4673297.0
202607,40,第40章  橡胶及其制品,144,东帝汶,338790.0
202607,40,第40章  橡胶及其制品,146,吉尔吉斯斯坦,16668031.0
202607,40,第40章  橡胶及其制品,201,阿尔及利亚,6791864.0
202607,40,第40章  橡胶及其制品,214,吉布提,7484695.0
202607,40,第40章  橡胶及其制品,215,埃及,20706774.0
202607,40,第40章  橡胶及其制品,216,赤道几内亚,158415.0
202607,40,第40章  橡胶及其制品,226,利比亚,21532502.0
202607,40,第40章  橡胶及其制品,228,马拉维,1849537.0
202607,40,第40章  橡胶及其制品,229,马里,4464060.0
202607,40,第40章  橡胶及其制品,232,摩洛哥,7978970.0
202607,40,第40章  橡胶及其制品,236,尼日利亚,57954663.0
202607,40,第40章  橡胶及其制品,238,卢旺达,1284096.0
202607,40,第40章  橡胶及其制品,246,苏丹,6467751.0
202607,40,第40章  橡胶及其制品,247,坦桑尼亚,20740108.0
202607,40,第40章  橡胶及其制品,248,多哥,3849049.0
202607,40,第40章  橡胶及其制品,251,布基纳法索,3978100.0
202607,40,第40章  橡胶及其制品,253,赞比亚,6465604.0
202607,40,第40章  橡胶及其制品,257,斯威士兰,59338.0
202607,40,第40章  橡胶及其制品,302,丹麦,5450970.0
202607,40,第40章  橡胶及其制品,308,卢森堡,155058.0
202607,40,第40章  橡胶及其制品,311,葡萄牙,4583449.0
202607,40,第40章  橡胶及其制品,322,冰岛,1080461.0
202607,40,第40章  橡胶及其制品,323,列支敦士登,16819.0
202607,40,第40章  橡胶及其制品,328,罗马尼亚,5920422.0
202607,40,第40章  橡胶及其制品,329,圣马力诺,2100.0
202607,40,第40章  橡胶及其制品,330,瑞典,10587553.0
202607,40,第40章  橡胶及其制品,331,瑞士,1779550.0
202607,40,第40章  橡胶及其制品,334,爱沙尼亚,1833560.0
202607,40,第40章  橡胶及其制品,335,拉脱维亚,809188.0
202607,40,第40章  橡胶及其制品,343,摩尔多瓦,1475882.0
202607,40,第40章  橡胶及其制品,347,乌克兰,14145860.0
202607,40,第40章  橡胶及其制品,352,捷克,9599647.0
202607,40,第40章  橡胶及其制品,353,斯洛伐克,2138735.0
202607,40,第40章  橡胶及其制品,354,北马其顿,737316.0
202607,40,第40章  橡胶及其制品,355,波斯尼亚和黑塞哥维那,1225944.0
202607,40,第40章  橡胶及其制品,402,阿根廷,27553789.0
202607,40,第40章  橡胶及其制品,411,开曼群岛,50719.0
202607,40,第40章  橡胶及其制品,412,智利,34024239.0
202607,40,第40章  橡胶及其制品,413,哥伦比亚,37526831.0
202607,40,第40章  橡胶及其制品,416,古巴,353197.0
202607,40,第40章  橡胶及其制品,418,多米尼加 ,7677649.0
202607,40,第40章  橡胶及其制品,419,厄瓜多尔,14328670.0
202607,40,第40章  橡胶及其制品,423,危地马拉,11036414.0
202607,40,第40章  橡胶及其制品,426,洪都拉斯,5544408.0
202607,40,第40章  橡胶及其制品,432,巴拿马,10245398.0
202607,40,第40章  橡胶及其制品,433,巴拉圭,10301462.0
202607,40,第40章  橡胶及其制品,434,秘鲁,31259416.0
202607,40,第40章  橡胶及其制品,438,法属圣马丁 ,12270.0
202607,40,第40章  橡胶及其制品,439,圣文森特和格林纳丁斯 ,17474.0
202607,40,第40章  橡胶及其制品,445,委内瑞拉,17599029.0
202607,40,第40章  橡胶及其制品,447,圣基茨和尼维斯 ,33004.0
202607,40,第40章  橡胶及其制品,504,百慕大,99934.0
202607,40,第40章  橡胶及其制品,602,库克群岛,394.0
202607,40,第40章  橡胶及其制品,603,斐济,1300179.0
202607,40,第40章  橡胶及其制品,606,瑙鲁,23057.0
202607,40,第40章  橡胶及其制品,608,瓦努阿图,160763.0
202607,40,第40章  橡胶及其制品,609,新西兰,12590580.0
202607,40,第40章  橡胶及其制品,611,巴布亚新几内亚,3731574.0
202607,40,第40章  橡胶及其制品,613,所罗门群岛,236203.0
202607,40,第40章  橡胶及其制品,619,图瓦卢,28.0
202607,40,第40章  橡胶及其制品,620,密克罗尼西亚联邦,12257.0
202607,40,第40章  橡胶及其制品,622,帕劳,60720.0
202607,40,第40章  橡胶及其制品,623,法属波利尼西亚,118804.0
202607,41,第41章  生皮（毛皮除外）及皮革,103,孟加拉国,4476706.0
202607,41,第41章  生皮（毛皮除外）及皮革,106,缅甸,133240.0
202607,41,第41章  生皮（毛皮除外）及皮革,107,柬埔寨,11141879.0
202607,41,第41章  生皮（毛皮除外）及皮革,130,卡塔尔,42.0
202607,41,第41章  生皮（毛皮除外）及皮革,134,斯里兰卡,32559.0
202607,41,第41章  生皮（毛皮除外）及皮革,146,吉尔吉斯斯坦,80.0
202607,41,第41章  生皮（毛皮除外）及皮革,214,吉布提,62411.0
202607,41,第41章  生皮（毛皮除外）及皮革,232,摩洛哥,15.0
202607,41,第41章  生皮（毛皮除外）及皮革,311,葡萄牙,9028.0
202607,41,第41章  生皮（毛皮除外）及皮革,328,罗马尼亚,8992.0
202607,41,第41章  生皮（毛皮除外）及皮革,330,瑞典,1550.0
202607,41,第41章  生皮（毛皮除外）及皮革,353,斯洛伐克,21314.0
202607,41,第41章  生皮（毛皮除外）及皮革,402,阿根廷,10917.0
202607,41,第41章  生皮（毛皮除外）及皮革,412,智利,432.0
202607,41,第41章  生皮（毛皮除外）及皮革,413,哥伦比亚,5032.0
202607,41,第41章  生皮（毛皮除外）及皮革,418,多米尼加 ,5581.0
202607,41,第41章  生皮（毛皮除外）及皮革,423,危地马拉,11737.0
202607,41,第41章  生皮（毛皮除外）及皮革,426,洪都拉斯,7485.0
202607,41,第41章  生皮（毛皮除外）及皮革,445,委内瑞拉,15.0
202607,41,第41章  生皮（毛皮除外）及皮革,603,斐济,808.0
202607,41,第41章  生皮（毛皮除外）及皮革,609,新西兰,164.0
202607,42,第42章  皮革制品；鞍具及挽具；旅行用品、手提包及类似容器；动物肠线（蚕胶丝除外）制品,101,阿富汗,79398.0
202607,42,第42章  皮革制品；鞍具及挽具；旅行用品、手提包及类似容器；动物肠线（蚕胶丝除外）制品,103,孟加拉国,4514279.0
202607,42,第42章  皮革制品；鞍具及挽具；旅行用品、手提包及类似容器；动物肠线（蚕胶丝除外）制品,105,文莱,396603.0
202607,42,第42章  皮革制品；鞍具及挽具；旅行用品、手提包及类似容器；动物肠线（蚕胶丝除外）制品,106,缅甸,972568.0
202607,42,第42章  皮革制品；鞍具及挽具；旅行用品、手提包及类似容器；动物肠线（蚕胶丝除外）制品,107,柬埔寨,8000414.0
202607,42,第42章  皮革制品；鞍具及挽具；旅行用品、手提包及类似容器；动物肠线（蚕胶丝除外）制品,114,伊拉克,12854716.0
202607,42,第42章  皮革制品；鞍具及挽具；旅行用品、手提包及类似容器；动物肠线（蚕胶丝除外）制品,115,以色列,11354474.0
202607,42,第42章  皮革制品；鞍具及挽具；旅行用品、手提包及类似容器；动物肠线（蚕胶丝除外）制品,117,约旦,3721231.0
202607,42,第42章  皮革制品；鞍具及挽具；旅行用品、手提包及类似容器；动物肠线（蚕胶丝除外）制品,121,中国澳门,1330367.0
202607,42,第42章  皮革制品；鞍具及挽具；旅行用品、手提包及类似容器；动物肠线（蚕胶丝除外）制品,128,巴勒斯坦,194205.0
202607,42,第42章  皮革制品；鞍具及挽具；旅行用品、手提包及类似容器；动物肠线（蚕胶丝除外）制品,130,卡塔尔,2541196.0
202607,42,第42章  皮革制品；鞍具及挽具；旅行用品、手提包及类似容器；动物肠线（蚕胶丝除外）制品,131,沙特阿拉伯,33444833.0
202607,42,第42章  皮革制品；鞍具及挽具；旅行用品、手提包及类似容器；动物肠线（蚕胶丝除外）制品,134,斯里兰卡,2134650.0
202607,42,第42章  皮革制品；鞍具及挽具；旅行用品、手提包及类似容器；动物肠线（蚕胶丝除外）制品,144,东帝汶,209318.0
202607,42,第42章  皮革制品；鞍具及挽具；旅行用品、手提包及类似容器；动物肠线（蚕胶丝除外）制品,146,吉尔吉斯斯坦,35802830.0
202607,42,第42章  皮革制品；鞍具及挽具；旅行用品、手提包及类似容器；动物肠线（蚕胶丝除外）制品,201,阿尔及利亚,5709477.0
202607,42,第42章  皮革制品；鞍具及挽具；旅行用品、手提包及类似容器；动物肠线（蚕胶丝除外）制品,214,吉布提,3857901.0
202607,42,第42章  皮革制品；鞍具及挽具；旅行用品、手提包及类似容器；动物肠线（蚕胶丝除外）制品,215,埃及,5731007.0
202607,42,第42章  皮革制品；鞍具及挽具；旅行用品、手提包及类似容器；动物肠线（蚕胶丝除外）制品,216,赤道几内亚,74581.0
202607,42,第42章  皮革制品；鞍具及挽具；旅行用品、手提包及类似容器；动物肠线（蚕胶丝除外）制品,226,利比亚,2986526.0
202607,42,第42章  皮革制品；鞍具及挽具；旅行用品、手提包及类似容器；动物肠线（蚕胶丝除外）制品,228,马拉维,62250.0
202607,42,第42章  皮革制品；鞍具及挽具；旅行用品、手提包及类似容器；动物肠线（蚕胶丝除外）制品,229,马里,92947.0
202607,42,第42章  皮革制品；鞍具及挽具；旅行用品、手提包及类似容器；动物肠线（蚕胶丝除外）制品,232,摩洛哥,4451108.0
202607,42,第42章  皮革制品；鞍具及挽具；旅行用品、手提包及类似容器；动物肠线（蚕胶丝除外）制品,236,尼日利亚,18148207.0
202607,42,第42章  皮革制品；鞍具及挽具；旅行用品、手提包及类似容器；动物肠线（蚕胶丝除外）制品,238,卢旺达,284244.0
202607,42,第42章  皮革制品；鞍具及挽具；旅行用品、手提包及类似容器；动物肠线（蚕胶丝除外）制品,246,苏丹,3981000.0
202607,42,第42章  皮革制品；鞍具及挽具；旅行用品、手提包及类似容器；动物肠线（蚕胶丝除外）制品,247,坦桑尼亚,11579425.0
202607,42,第42章  皮革制品；鞍具及挽具；旅行用品、手提包及类似容器；动物肠线（蚕胶丝除外）制品,248,多哥,16456425.0
202607,42,第42章  皮革制品；鞍具及挽具；旅行用品、手提包及类似容器；动物肠线（蚕胶丝除外）制品,251,布基纳法索,160366.0
202607,42,第42章  皮革制品；鞍具及挽具；旅行用品、手提包及类似容器；动物肠线（蚕胶丝除外）制品,253,赞比亚,594758.0
202607,42,第42章  皮革制品；鞍具及挽具；旅行用品、手提包及类似容器；动物肠线（蚕胶丝除外）制品,257,斯威士兰,13614.0
202607,42,第42章  皮革制品；鞍具及挽具；旅行用品、手提包及类似容器；动物肠线（蚕胶丝除外）制品,302,丹麦,8954920.0
202607,42,第42章  皮革制品；鞍具及挽具；旅行用品、手提包及类似容器；动物肠线（蚕胶丝除外）制品,308,卢森堡,4510.0
202607,42,第42章  皮革制品；鞍具及挽具；旅行用品、手提包及类似容器；动物肠线（蚕胶丝除外）制品,311,葡萄牙,8359885.0
202607,42,第42章  皮革制品；鞍具及挽具；旅行用品、手提包及类似容器；动物肠线（蚕胶丝除外）制品,322,冰岛,126664.0
202607,42,第42章  皮革制品；鞍具及挽具；旅行用品、手提包及类似容器；动物肠线（蚕胶丝除外）制品,323,列支敦士登,5744.0
202607,42,第42章  皮革制品；鞍具及挽具；旅行用品、手提包及类似容器；动物肠线（蚕胶丝除外）制品,328,罗马尼亚,3614275.0
202607,42,第42章  皮革制品；鞍具及挽具；旅行用品、手提包及类似容器；动物肠线（蚕胶丝除外）制品,329,圣马力诺,6168.0
202607,42,第42章  皮革制品；鞍具及挽具；旅行用品、手提包及类似容器；动物肠线（蚕胶丝除外）制品,330,瑞典,14863984.0
202607,42,第42章  皮革制品；鞍具及挽具；旅行用品、手提包及类似容器；动物肠线（蚕胶丝除外）制品,331,瑞士,4971486.0
202607,42,第42章  皮革制品；鞍具及挽具；旅行用品、手提包及类似容器；动物肠线（蚕胶丝除外）制品,334,爱沙尼亚,3411892.0
202607,42,第42章  皮革制品；鞍具及挽具；旅行用品、手提包及类似容器；动物肠线（蚕胶丝除外）制品,335,拉脱维亚,489972.0
202607,42,第42章  皮革制品；鞍具及挽具；旅行用品、手提包及类似容器；动物肠线（蚕胶丝除外）制品,343,摩尔多瓦,77722.0
202607,42,第42章  皮革制品；鞍具及挽具；旅行用品、手提包及类似容器；动物肠线（蚕胶丝除外）制品,347,乌克兰,3123338.0
202607,42,第42章  皮革制品；鞍具及挽具；旅行用品、手提包及类似容器；动物肠线（蚕胶丝除外）制品,352,捷克,7457704.0
202607,42,第42章  皮革制品；鞍具及挽具；旅行用品、手提包及类似容器；动物肠线（蚕胶丝除外）制品,353,斯洛伐克,622736.0
202607,42,第42章  皮革制品；鞍具及挽具；旅行用品、手提包及类似容器；动物肠线（蚕胶丝除外）制品,354,北马其顿,110335.0
202607,42,第42章  皮革制品；鞍具及挽具；旅行用品、手提包及类似容器；动物肠线（蚕胶丝除外）制品,355,波斯尼亚和黑塞哥维那,146993.0
202607,42,第42章  皮革制品；鞍具及挽具；旅行用品、手提包及类似容器；动物肠线（蚕胶丝除外）制品,402,阿根廷,17012551.0
202607,42,第42章  皮革制品；鞍具及挽具；旅行用品、手提包及类似容器；动物肠线（蚕胶丝除外）制品,411,开曼群岛,416.0
202607,42,第42章  皮革制品；鞍具及挽具；旅行用品、手提包及类似容器；动物肠线（蚕胶丝除外）制品,412,智利,23592905.0
202607,42,第42章  皮革制品；鞍具及挽具；旅行用品、手提包及类似容器；动物肠线（蚕胶丝除外）制品,413,哥伦比亚,25984646.0
202607,42,第42章  皮革制品；鞍具及挽具；旅行用品、手提包及类似容器；动物肠线（蚕胶丝除外）制品,416,古巴,13352.0
202607,42,第42章  皮革制品；鞍具及挽具；旅行用品、手提包及类似容器；动物肠线（蚕胶丝除外）制品,418,多米尼加 ,2592487.0
202607,42,第42章  皮革制品；鞍具及挽具；旅行用品、手提包及类似容器；动物肠线（蚕胶丝除外）制品,419,厄瓜多尔,4392060.0
202607,42,第42章  皮革制品；鞍具及挽具；旅行用品、手提包及类似容器；动物肠线（蚕胶丝除外）制品,423,危地马拉,4255444.0
202607,42,第42章  皮革制品；鞍具及挽具；旅行用品、手提包及类似容器；动物肠线（蚕胶丝除外）制品,426,洪都拉斯,1538425.0
202607,42,第42章  皮革制品；鞍具及挽具；旅行用品、手提包及类似容器；动物肠线（蚕胶丝除外）制品,432,巴拿马,11015878.0
202607,42,第42章  皮革制品；鞍具及挽具；旅行用品、手提包及类似容器；动物肠线（蚕胶丝除外）制品,433,巴拉圭,1403437.0
202607,42,第42章  皮革制品；鞍具及挽具；旅行用品、手提包及类似容器；动物肠线（蚕胶丝除外）制品,434,秘鲁,15671092.0
202607,42,第42章  皮革制品；鞍具及挽具；旅行用品、手提包及类似容器；动物肠线（蚕胶丝除外）制品,438,法属圣马丁 ,2926.0
202607,42,第42章  皮革制品；鞍具及挽具；旅行用品、手提包及类似容器；动物肠线（蚕胶丝除外）制品,439,圣文森特和格林纳丁斯 ,40063.0
202607,42,第42章  皮革制品；鞍具及挽具；旅行用品、手提包及类似容器；动物肠线（蚕胶丝除外）制品,445,委内瑞拉,6009029.0
202607,42,第42章  皮革制品；鞍具及挽具；旅行用品、手提包及类似容器；动物肠线（蚕胶丝除外）制品,447,圣基茨和尼维斯 ,28126.0
202607,42,第42章  皮革制品；鞍具及挽具；旅行用品、手提包及类似容器；动物肠线（蚕胶丝除外）制品,504,百慕大,6053.0
202607,42,第42章  皮革制品；鞍具及挽具；旅行用品、手提包及类似容器；动物肠线（蚕胶丝除外）制品,602,库克群岛,9500.0
202607,42,第42章  皮革制品；鞍具及挽具；旅行用品、手提包及类似容器；动物肠线（蚕胶丝除外）制品,603,斐济,293472.0
202607,42,第42章  皮革制品；鞍具及挽具；旅行用品、手提包及类似容器；动物肠线（蚕胶丝除外）制品,606,瑙鲁,1575.0
202607,42,第42章  皮革制品；鞍具及挽具；旅行用品、手提包及类似容器；动物肠线（蚕胶丝除外）制品,608,瓦努阿图,151269.0
202607,42,第42章  皮革制品；鞍具及挽具；旅行用品、手提包及类似容器；动物肠线（蚕胶丝除外）制品,609,新西兰,5065429.0
202607,42,第42章  皮革制品；鞍具及挽具；旅行用品、手提包及类似容器；动物肠线（蚕胶丝除外）制品,611,巴布亚新几内亚,1877251.0
202607,42,第42章  皮革制品；鞍具及挽具；旅行用品、手提包及类似容器；动物肠线（蚕胶丝除外）制品,613,所罗门群岛,214517.0
202607,42,第42章  皮革制品；鞍具及挽具；旅行用品、手提包及类似容器；动物肠线（蚕胶丝除外）制品,619,图瓦卢,845.0
202607,42,第42章  皮革制品；鞍具及挽具；旅行用品、手提包及类似容器；动物肠线（蚕胶丝除外）制品,620,密克罗尼西亚联邦,79005.0
202607,42,第42章  皮革制品；鞍具及挽具；旅行用品、手提包及类似容器；动物肠线（蚕胶丝除外）制品,622,帕劳,4284.0
202607,42,第42章  皮革制品；鞍具及挽具；旅行用品、手提包及类似容器；动物肠线（蚕胶丝除外）制品,623,法属波利尼西亚,165486.0
202607,43,第43章  毛皮、人造毛皮及其制品,103,孟加拉国,62201.0
202607,43,第43章  毛皮、人造毛皮及其制品,105,文莱,4.0
202607,43,第43章  毛皮、人造毛皮及其制品,106,缅甸,1628609.0
202607,43,第43章  毛皮、人造毛皮及其制品,107,柬埔寨,2051472.0
202607,43,第43章  毛皮、人造毛皮及其制品,115,以色列,14809.0
202607,43,第43章  毛皮、人造毛皮及其制品,121,中国澳门,3220.0
202607,43,第43章  毛皮、人造毛皮及其制品,131,沙特阿拉伯,50637.0
202607,43,第43章  毛皮、人造毛皮及其制品,134,斯里兰卡,38599.0
202607,43,第43章  毛皮、人造毛皮及其制品,146,吉尔吉斯斯坦,1486348.0
202607,43,第43章  毛皮、人造毛皮及其制品,215,埃及,263.0
202607,43,第43章  毛皮、人造毛皮及其制品,247,坦桑尼亚,5811.0
202607,43,第43章  毛皮、人造毛皮及其制品,302,丹麦,978951.0
202607,43,第43章  毛皮、人造毛皮及其制品,311,葡萄牙,78003.0
202607,43,第43章  毛皮、人造毛皮及其制品,322,冰岛,52780.0
202607,43,第43章  毛皮、人造毛皮及其制品,328,罗马尼亚,33720.0
202607,43,第43章  毛皮、人造毛皮及其制品,330,瑞典,1673724.0
202607,43,第43章  毛皮、人造毛皮及其制品,331,瑞士,67155.0
202607,43,第43章  毛皮、人造毛皮及其制品,335,拉脱维亚,760.0
202607,43,第43章  毛皮、人造毛皮及其制品,352,捷克,9.0
202607,43,第43章  毛皮、人造毛皮及其制品,402,阿根廷,42849.0
202607,43,第43章  毛皮、人造毛皮及其制品,412,智利,611.0
202607,43,第43章  毛皮、人造毛皮及其制品,413,哥伦比亚,34386.0
202607,43,第43章  毛皮、人造毛皮及其制品,418,多米尼加 ,420.0
202607,43,第43章  毛皮、人造毛皮及其制品,432,巴拿马,4777.0
202607,43,第43章  毛皮、人造毛皮及其制品,609,新西兰,202958.0
202607,43,第43章  毛皮、人造毛皮及其制品,623,法属波利尼西亚,4320.0
202607,44,第44章  木及木制品；木炭,101,阿富汗,1481760.0
202607,44,第44章  木及木制品；木炭,103,孟加拉国,1017495.0
202607,44,第44章  木及木制品；木炭,105,文莱,62466.0
202607,44,第44章  木及木制品；木炭,106,缅甸,3563476.0
202607,44,第44章  木及木制品；木炭,107,柬埔寨,23304864.0
202607,44,第44章  木及木制品；木炭,114,伊拉克,7933414.0
202607,44,第44章  木及木制品；木炭,115,以色列,19573009.0
202607,44,第44章  木及木制品；木炭,117,约旦,17038931.0
202607,44,第44章  木及木制品；木炭,121,中国澳门,2105881.0
202607,44,第44章  木及木制品；木炭,128,巴勒斯坦,93057.0
202607,44,第44章  木及木制品；木炭,130,卡塔尔,1957542.0
202607,44,第44章  木及木制品；木炭,131,沙特阿拉伯,20676478.0
202607,44,第44章  木及木制品；木炭,134,斯里兰卡,2391708.0
202607,44,第44章  木及木制品；木炭,144,东帝汶,228865.0
202607,44,第44章  木及木制品；木炭,146,吉尔吉斯斯坦,4279896.0
202607,44,第44章  木及木制品；木炭,201,阿尔及利亚,9360351.0
202607,44,第44章  木及木制品；木炭,214,吉布提,1512032.0
202607,44,第44章  木及木制品；木炭,215,埃及,5377350.0
202607,44,第44章  木及木制品；木炭,216,赤道几内亚,2730.0
202607,44,第44章  木及木制品；木炭,226,利比亚,1241183.0
202607,44,第44章  木及木制品；木炭,228,马拉维,75524.0
202607,44,第44章  木及木制品；木炭,229,马里,159253.0
202607,44,第44章  木及木制品；木炭,232,摩洛哥,7104839.0
202607,44,第44章  木及木制品；木炭,236,尼日利亚,6878145.0
202607,44,第44章  木及木制品；木炭,238,卢旺达,103476.0
202607,44,第44章  木及木制品；木炭,246,苏丹,410771.0
202607,44,第44章  木及木制品；木炭,247,坦桑尼亚,1426071.0
202607,44,第44章  木及木制品；木炭,248,多哥,1156014.0
202607,44,第44章  木及木制品；木炭,251,布基纳法索,55369.0
202607,44,第44章  木及木制品；木炭,253,赞比亚,220467.0
202607,44,第44章  木及木制品；木炭,302,丹麦,4982061.0
202607,44,第44章  木及木制品；木炭,308,卢森堡,3912.0
202607,44,第44章  木及木制品；木炭,311,葡萄牙,2413595.0
202607,44,第44章  木及木制品；木炭,322,冰岛,51393.0
202607,44,第44章  木及木制品；木炭,328,罗马尼亚,4605540.0
202607,44,第44章  木及木制品；木炭,330,瑞典,4725129.0
202607,44,第44章  木及木制品；木炭,331,瑞士,2232523.0
202607,44,第44章  木及木制品；木炭,334,爱沙尼亚,783806.0
202607,44,第44章  木及木制品；木炭,335,拉脱维亚,362095.0
202607,44,第44章  木及木制品；木炭,343,摩尔多瓦,160810.0
202607,44,第44章  木及木制品；木炭,347,乌克兰,1580346.0
202607,44,第44章  木及木制品；木炭,352,捷克,2154838.0
202607,44,第44章  木及木制品；木炭,353,斯洛伐克,193884.0
202607,44,第44章  木及木制品；木炭,354,北马其顿,158099.0
202607,44,第44章  木及木制品；木炭,355,波斯尼亚和黑塞哥维那,11614.0
202607,44,第44章  木及木制品；木炭,402,阿根廷,1975557.0
202607,44,第44章  木及木制品；木炭,411,开曼群岛,38505.0
202607,44,第44章  木及木制品；木炭,412,智利,7574912.0
202607,44,第44章  木及木制品；木炭,413,哥伦比亚,5694222.0
202607,44,第44章  木及木制品；木炭,416,古巴,237064.0
202607,44,第44章  木及木制品；木炭,418,多米尼加 ,2373565.0
202607,44,第44章  木及木制品；木炭,419,厄瓜多尔,888884.0
202607,44,第44章  木及木制品；木炭,423,危地马拉,2088060.0
202607,44,第44章  木及木制品；木炭,426,洪都拉斯,1310638.0
202607,44,第44章  木及木制品；木炭,432,巴拿马,1726181.0
202607,44,第44章  木及木制品；木炭,433,巴拉圭,199476.0
202607,44,第44章  木及木制品；木炭,434,秘鲁,6472424.0
202607,44,第44章  木及木制品；木炭,438,法属圣马丁 ,1879.0
202607,44,第44章  木及木制品；木炭,445,委内瑞拉,997688.0
202607,44,第44章  木及木制品；木炭,447,圣基茨和尼维斯 ,45020.0
202607,44,第44章  木及木制品；木炭,449,博纳尔，圣俄斯塔休斯和萨巴 ,14922.0
202607,44,第44章  木及木制品；木炭,603,斐济,929638.0
202607,44,第44章  木及木制品；木炭,606,瑙鲁,33483.0
202607,44,第44章  木及木制品；木炭,608,瓦努阿图,119375.0
202607,44,第44章  木及木制品；木炭,609,新西兰,9006196.0
202607,44,第44章  木及木制品；木炭,611,巴布亚新几内亚,913517.0
202607,44,第44章  木及木制品；木炭,613,所罗门群岛,118061.0
202607,44,第44章  木及木制品；木炭,619,图瓦卢,11165.0
202607,44,第44章  木及木制品；木炭,620,密克罗尼西亚联邦,40345.0
202607,44,第44章  木及木制品；木炭,622,帕劳,875.0
202607,44,第44章  木及木制品；木炭,623,法属波利尼西亚,190177.0
202607,45,第45章  软木及软木制品,103,孟加拉国,2088.0
202607,45,第45章  软木及软木制品,107,柬埔寨,9461.0
202607,45,第45章  软木及软木制品,115,以色列,1420.0
202607,45,第45章  软木及软木制品,130,卡塔尔,236.0
202607,45,第45章  软木及软木制品,131,沙特阿拉伯,1987.0
202607,45,第45章  软木及软木制品,134,斯里兰卡,858.0
202607,45,第45章  软木及软木制品,302,丹麦,1704.0
202607,45,第45章  软木及软木制品,311,葡萄牙,155686.0
202607,45,第45章  软木及软木制品,328,罗马尼亚,8074.0
202607,45,第45章  软木及软木制品,330,瑞典,43558.0
202607,45,第45章  软木及软木制品,353,斯洛伐克,660.0
202607,45,第45章  软木及软木制品,402,阿根廷,4500.0
202607,45,第45章  软木及软木制品,412,智利,756.0
202607,45,第45章  软木及软木制品,426,洪都拉斯,561.0
202607,45,第45章  软木及软木制品,434,秘鲁,2125.0
202607,45,第45章  软木及软木制品,445,委内瑞拉,722.0
202607,45,第45章  软木及软木制品,609,新西兰,8265.0
202607,46,第46章  稻草、秸秆、针茅或其他编结材料制品；篮筐及柳条编结品,101,阿富汗,180.0
202607,46,第46章  稻草、秸秆、针茅或其他编结材料制品；篮筐及柳条编结品,103,孟加拉国,2794.0
202607,46,第46章  稻草、秸秆、针茅或其他编结材料制品；篮筐及柳条编结品,106,缅甸,43757.0
202607,46,第46章  稻草、秸秆、针茅或其他编结材料制品；篮筐及柳条编结品,107,柬埔寨,443568.0
202607,46,第46章  稻草、秸秆、针茅或其他编结材料制品；篮筐及柳条编结品,114,伊拉克,149335.0
202607,46,第46章  稻草、秸秆、针茅或其他编结材料制品；篮筐及柳条编结品,115,以色列,1903419.0
202607,46,第46章  稻草、秸秆、针茅或其他编结材料制品；篮筐及柳条编结品,117,约旦,20729.0
202607,46,第46章  稻草、秸秆、针茅或其他编结材料制品；篮筐及柳条编结品,121,中国澳门,13567.0
202607,46,第46章  稻草、秸秆、针茅或其他编结材料制品；篮筐及柳条编结品,128,巴勒斯坦,20501.0
202607,46,第46章  稻草、秸秆、针茅或其他编结材料制品；篮筐及柳条编结品,130,卡塔尔,21946.0
202607,46,第46章  稻草、秸秆、针茅或其他编结材料制品；篮筐及柳条编结品,131,沙特阿拉伯,191809.0
202607,46,第46章  稻草、秸秆、针茅或其他编结材料制品；篮筐及柳条编结品,134,斯里兰卡,5141.0
202607,46,第46章  稻草、秸秆、针茅或其他编结材料制品；篮筐及柳条编结品,144,东帝汶,280.0
202607,46,第46章  稻草、秸秆、针茅或其他编结材料制品；篮筐及柳条编结品,146,吉尔吉斯斯坦,47950.0
202607,46,第46章  稻草、秸秆、针茅或其他编结材料制品；篮筐及柳条编结品,201,阿尔及利亚,47028.0
202607,46,第46章  稻草、秸秆、针茅或其他编结材料制品；篮筐及柳条编结品,214,吉布提,5989.0
202607,46,第46章  稻草、秸秆、针茅或其他编结材料制品；篮筐及柳条编结品,215,埃及,71194.0
202607,46,第46章  稻草、秸秆、针茅或其他编结材料制品；篮筐及柳条编结品,216,赤道几内亚,137.0
202607,46,第46章  稻草、秸秆、针茅或其他编结材料制品；篮筐及柳条编结品,226,利比亚,18375.0
202607,46,第46章  稻草、秸秆、针茅或其他编结材料制品；篮筐及柳条编结品,229,马里,70.0
202607,46,第46章  稻草、秸秆、针茅或其他编结材料制品；篮筐及柳条编结品,232,摩洛哥,65956.0
202607,46,第46章  稻草、秸秆、针茅或其他编结材料制品；篮筐及柳条编结品,236,尼日利亚,6668.0
202607,46,第46章  稻草、秸秆、针茅或其他编结材料制品；篮筐及柳条编结品,246,苏丹,282.0
202607,46,第46章  稻草、秸秆、针茅或其他编结材料制品；篮筐及柳条编结品,247,坦桑尼亚,95837.0
202607,46,第46章  稻草、秸秆、针茅或其他编结材料制品；篮筐及柳条编结品,248,多哥,30963.0
202607,46,第46章  稻草、秸秆、针茅或其他编结材料制品；篮筐及柳条编结品,302,丹麦,751316.0
202607,46,第46章  稻草、秸秆、针茅或其他编结材料制品；篮筐及柳条编结品,311,葡萄牙,346556.0
202607,46,第46章  稻草、秸秆、针茅或其他编结材料制品；篮筐及柳条编结品,328,罗马尼亚,279608.0
202607,46,第46章  稻草、秸秆、针茅或其他编结材料制品；篮筐及柳条编结品,330,瑞典,471564.0
202607,46,第46章  稻草、秸秆、针茅或其他编结材料制品；篮筐及柳条编结品,331,瑞士,123940.0
202607,46,第46章  稻草、秸秆、针茅或其他编结材料制品；篮筐及柳条编结品,334,爱沙尼亚,11068.0
202607,46,第46章  稻草、秸秆、针茅或其他编结材料制品；篮筐及柳条编结品,335,拉脱维亚,48699.0
202607,46,第46章  稻草、秸秆、针茅或其他编结材料制品；篮筐及柳条编结品,347,乌克兰,62970.0
202607,46,第46章  稻草、秸秆、针茅或其他编结材料制品；篮筐及柳条编结品,352,捷克,147691.0
202607,46,第46章  稻草、秸秆、针茅或其他编结材料制品；篮筐及柳条编结品,353,斯洛伐克,73140.0
202607,46,第46章  稻草、秸秆、针茅或其他编结材料制品；篮筐及柳条编结品,355,波斯尼亚和黑塞哥维那,1566.0
202607,46,第46章  稻草、秸秆、针茅或其他编结材料制品；篮筐及柳条编结品,402,阿根廷,367431.0
202607,46,第46章  稻草、秸秆、针茅或其他编结材料制品；篮筐及柳条编结品,412,智利,580717.0
202607,46,第46章  稻草、秸秆、针茅或其他编结材料制品；篮筐及柳条编结品,413,哥伦比亚,213748.0
202607,46,第46章  稻草、秸秆、针茅或其他编结材料制品；篮筐及柳条编结品,418,多米尼加 ,71825.0
202607,46,第46章  稻草、秸秆、针茅或其他编结材料制品；篮筐及柳条编结品,419,厄瓜多尔,96855.0
202607,46,第46章  稻草、秸秆、针茅或其他编结材料制品；篮筐及柳条编结品,423,危地马拉,36621.0
202607,46,第46章  稻草、秸秆、针茅或其他编结材料制品；篮筐及柳条编结品,426,洪都拉斯,40406.0
202607,46,第46章  稻草、秸秆、针茅或其他编结材料制品；篮筐及柳条编结品,432,巴拿马,89384.0
202607,46,第46章  稻草、秸秆、针茅或其他编结材料制品；篮筐及柳条编结品,433,巴拉圭,12119.0
202607,46,第46章  稻草、秸秆、针茅或其他编结材料制品；篮筐及柳条编结品,434,秘鲁,159757.0
202607,46,第46章  稻草、秸秆、针茅或其他编结材料制品；篮筐及柳条编结品,445,委内瑞拉,56461.0
202607,46,第46章  稻草、秸秆、针茅或其他编结材料制品；篮筐及柳条编结品,504,百慕大,1275.0
202607,46,第46章  稻草、秸秆、针茅或其他编结材料制品；篮筐及柳条编结品,603,斐济,2003.0
202607,46,第46章  稻草、秸秆、针茅或其他编结材料制品；篮筐及柳条编结品,608,瓦努阿图,49128.0
202607,46,第46章  稻草、秸秆、针茅或其他编结材料制品；篮筐及柳条编结品,609,新西兰,272043.0
202607,46,第46章  稻草、秸秆、针茅或其他编结材料制品；篮筐及柳条编结品,611,巴布亚新几内亚,11282.0
202607,46,第46章  稻草、秸秆、针茅或其他编结材料制品；篮筐及柳条编结品,613,所罗门群岛,679.0
202607,46,第46章  稻草、秸秆、针茅或其他编结材料制品；篮筐及柳条编结品,623,法属波利尼西亚,225.0
202607,47,第47章  木浆及其他纤维状纤维素浆；回收（废碎）纸及纸板,101,阿富汗,41176.0
202607,47,第47章  木浆及其他纤维状纤维素浆；回收（废碎）纸及纸板,103,孟加拉国,23491.0
202607,47,第47章  木浆及其他纤维状纤维素浆；回收（废碎）纸及纸板,106,缅甸,192863.0
202607,47,第47章  木浆及其他纤维状纤维素浆；回收（废碎）纸及纸板,107,柬埔寨,57210.0
202607,47,第47章  木浆及其他纤维状纤维素浆；回收（废碎）纸及纸板,114,伊拉克,5760.0
202607,47,第47章  木浆及其他纤维状纤维素浆；回收（废碎）纸及纸板,131,沙特阿拉伯,60.0
202607,47,第47章  木浆及其他纤维状纤维素浆；回收（废碎）纸及纸板,134,斯里兰卡,211775.0
202607,47,第47章  木浆及其他纤维状纤维素浆；回收（废碎）纸及纸板,146,吉尔吉斯斯坦,22320.0
202607,47,第47章  木浆及其他纤维状纤维素浆；回收（废碎）纸及纸板,214,吉布提,51539.0
202607,47,第47章  木浆及其他纤维状纤维素浆；回收（废碎）纸及纸板,330,瑞典,102527.0
202607,47,第47章  木浆及其他纤维状纤维素浆；回收（废碎）纸及纸板,347,乌克兰,14605.0
202607,47,第47章  木浆及其他纤维状纤维素浆；回收（废碎）纸及纸板,418,多米尼加 ,76824.0
202607,48,第48章  纸及纸板；纸浆、纸或纸板制品,101,阿富汗,2586659.0
202607,48,第48章  纸及纸板；纸浆、纸或纸板制品,103,孟加拉国,26571692.0
202607,48,第48章  纸及纸板；纸浆、纸或纸板制品,105,文莱,673800.0
202607,48,第48章  纸及纸板；纸浆、纸或纸板制品,106,缅甸,11643330.0
202607,48,第48章  纸及纸板；纸浆、纸或纸板制品,107,柬埔寨,30245901.0
202607,48,第48章  纸及纸板；纸浆、纸或纸板制品,114,伊拉克,22136372.0
202607,48,第48章  纸及纸板；纸浆、纸或纸板制品,115,以色列,16947897.0
202607,48,第48章  纸及纸板；纸浆、纸或纸板制品,117,约旦,9877251.0
202607,48,第48章  纸及纸板；纸浆、纸或纸板制品,121,中国澳门,2453809.0
202607,48,第48章  纸及纸板；纸浆、纸或纸板制品,128,巴勒斯坦,271645.0
202607,48,第48章  纸及纸板；纸浆、纸或纸板制品,130,卡塔尔,4380237.0
202607,48,第48章  纸及纸板；纸浆、纸或纸板制品,131,沙特阿拉伯,52853495.0
202607,48,第48章  纸及纸板；纸浆、纸或纸板制品,134,斯里兰卡,5534188.0
202607,48,第48章  纸及纸板；纸浆、纸或纸板制品,144,东帝汶,389788.0
202607,48,第48章  纸及纸板；纸浆、纸或纸板制品,146,吉尔吉斯斯坦,10572514.0
202607,48,第48章  纸及纸板；纸浆、纸或纸板制品,201,阿尔及利亚,4564498.0
202607,48,第48章  纸及纸板；纸浆、纸或纸板制品,214,吉布提,4628315.0
202607,48,第48章  纸及纸板；纸浆、纸或纸板制品,215,埃及,20326043.0
202607,48,第48章  纸及纸板；纸浆、纸或纸板制品,216,赤道几内亚,657363.0
202607,48,第48章  纸及纸板；纸浆、纸或纸板制品,226,利比亚,4388646.0
202607,48,第48章  纸及纸板；纸浆、纸或纸板制品,228,马拉维,191340.0
202607,48,第48章  纸及纸板；纸浆、纸或纸板制品,229,马里,170770.0
202607,48,第48章  纸及纸板；纸浆、纸或纸板制品,232,摩洛哥,3276023.0
202607,48,第48章  纸及纸板；纸浆、纸或纸板制品,236,尼日利亚,12368708.0
202607,48,第48章  纸及纸板；纸浆、纸或纸板制品,238,卢旺达,303132.0
202607,48,第48章  纸及纸板；纸浆、纸或纸板制品,246,苏丹,2655166.0
202607,48,第48章  纸及纸板；纸浆、纸或纸板制品,247,坦桑尼亚,5173506.0
202607,48,第48章  纸及纸板；纸浆、纸或纸板制品,248,多哥,2439855.0
202607,48,第48章  纸及纸板；纸浆、纸或纸板制品,251,布基纳法索,818093.0
202607,48,第48章  纸及纸板；纸浆、纸或纸板制品,253,赞比亚,747734.0
202607,48,第48章  纸及纸板；纸浆、纸或纸板制品,257,斯威士兰,5068.0
202607,48,第48章  纸及纸板；纸浆、纸或纸板制品,302,丹麦,7716926.0
202607,48,第48章  纸及纸板；纸浆、纸或纸板制品,308,卢森堡,154791.0
202607,48,第48章  纸及纸板；纸浆、纸或纸板制品,311,葡萄牙,5225797.0
202607,48,第48章  纸及纸板；纸浆、纸或纸板制品,322,冰岛,285673.0
202607,48,第48章  纸及纸板；纸浆、纸或纸板制品,323,列支敦士登,1056.0
202607,48,第48章  纸及纸板；纸浆、纸或纸板制品,325,摩纳哥,162.0
202607,48,第48章  纸及纸板；纸浆、纸或纸板制品,328,罗马尼亚,7542299.0
202607,48,第48章  纸及纸板；纸浆、纸或纸板制品,329,圣马力诺,511.0
202607,48,第48章  纸及纸板；纸浆、纸或纸板制品,330,瑞典,7004521.0
202607,48,第48章  纸及纸板；纸浆、纸或纸板制品,331,瑞士,3392243.0
202607,48,第48章  纸及纸板；纸浆、纸或纸板制品,334,爱沙尼亚,1016043.0
202607,48,第48章  纸及纸板；纸浆、纸或纸板制品,335,拉脱维亚,786884.0
202607,48,第48章  纸及纸板；纸浆、纸或纸板制品,343,摩尔多瓦,248578.0
202607,48,第48章  纸及纸板；纸浆、纸或纸板制品,347,乌克兰,3370166.0
202607,48,第48章  纸及纸板；纸浆、纸或纸板制品,352,捷克,4002149.0
202607,48,第48章  纸及纸板；纸浆、纸或纸板制品,353,斯洛伐克,550876.0
202607,48,第48章  纸及纸板；纸浆、纸或纸板制品,354,北马其顿,211361.0
202607,48,第48章  纸及纸板；纸浆、纸或纸板制品,355,波斯尼亚和黑塞哥维那,203803.0
202607,48,第48章  纸及纸板；纸浆、纸或纸板制品,402,阿根廷,8078295.0
202607,48,第48章  纸及纸板；纸浆、纸或纸板制品,411,开曼群岛,8737.0
202607,48,第48章  纸及纸板；纸浆、纸或纸板制品,412,智利,23634372.0
202607,48,第48章  纸及纸板；纸浆、纸或纸板制品,413,哥伦比亚,18572481.0
202607,48,第48章  纸及纸板；纸浆、纸或纸板制品,416,古巴,39179.0
202607,48,第48章  纸及纸板；纸浆、纸或纸板制品,418,多米尼加 ,5029931.0
202607,48,第48章  纸及纸板；纸浆、纸或纸板制品,419,厄瓜多尔,8958378.0
202607,48,第48章  纸及纸板；纸浆、纸或纸板制品,423,危地马拉,7376781.0
202607,48,第48章  纸及纸板；纸浆、纸或纸板制品,426,洪都拉斯,1604497.0
202607,48,第48章  纸及纸板；纸浆、纸或纸板制品,432,巴拿马,5672218.0
202607,48,第48章  纸及纸板；纸浆、纸或纸板制品,433,巴拉圭,1140465.0
202607,48,第48章  纸及纸板；纸浆、纸或纸板制品,434,秘鲁,20087829.0
202607,48,第48章  纸及纸板；纸浆、纸或纸板制品,439,圣文森特和格林纳丁斯 ,40.0
202607,48,第48章  纸及纸板；纸浆、纸或纸板制品,445,委内瑞拉,8746436.0
202607,48,第48章  纸及纸板；纸浆、纸或纸板制品,447,圣基茨和尼维斯 ,49439.0
202607,48,第48章  纸及纸板；纸浆、纸或纸板制品,449,博纳尔，圣俄斯塔休斯和萨巴 ,27008.0
202607,48,第48章  纸及纸板；纸浆、纸或纸板制品,504,百慕大,1.0
202607,48,第48章  纸及纸板；纸浆、纸或纸板制品,602,库克群岛,3757.0
202607,48,第48章  纸及纸板；纸浆、纸或纸板制品,603,斐济,1193418.0
202607,48,第48章  纸及纸板；纸浆、纸或纸板制品,606,瑙鲁,356.0
202607,48,第48章  纸及纸板；纸浆、纸或纸板制品,608,瓦努阿图,179276.0
202607,48,第48章  纸及纸板；纸浆、纸或纸板制品,609,新西兰,15161983.0
202607,48,第48章  纸及纸板；纸浆、纸或纸板制品,611,巴布亚新几内亚,3090563.0
202607,48,第48章  纸及纸板；纸浆、纸或纸板制品,613,所罗门群岛,996435.0
202607,48,第48章  纸及纸板；纸浆、纸或纸板制品,619,图瓦卢,63326.0
202607,48,第48章  纸及纸板；纸浆、纸或纸板制品,620,密克罗尼西亚联邦,12584.0
202607,48,第48章  纸及纸板；纸浆、纸或纸板制品,622,帕劳,22792.0
202607,48,第48章  纸及纸板；纸浆、纸或纸板制品,623,法属波利尼西亚,411837.0
202607,49,第49章  书籍、报纸、印刷图画及其他印刷品；手稿、打字稿及设计图纸,101,阿富汗,137943.0
202607,49,第49章  书籍、报纸、印刷图画及其他印刷品；手稿、打字稿及设计图纸,103,孟加拉国,986818.0
202607,49,第49章  书籍、报纸、印刷图画及其他印刷品；手稿、打字稿及设计图纸,105,文莱,2868.0
202607,49,第49章  书籍、报纸、印刷图画及其他印刷品；手稿、打字稿及设计图纸,106,缅甸,1497649.0
202607,49,第49章  书籍、报纸、印刷图画及其他印刷品；手稿、打字稿及设计图纸,107,柬埔寨,1292299.0
202607,49,第49章  书籍、报纸、印刷图画及其他印刷品；手稿、打字稿及设计图纸,114,伊拉克,621954.0
202607,49,第49章  书籍、报纸、印刷图画及其他印刷品；手稿、打字稿及设计图纸,115,以色列,2874177.0
202607,49,第49章  书籍、报纸、印刷图画及其他印刷品；手稿、打字稿及设计图纸,117,约旦,181025.0
202607,49,第49章  书籍、报纸、印刷图画及其他印刷品；手稿、打字稿及设计图纸,121,中国澳门,857107.0
202607,49,第49章  书籍、报纸、印刷图画及其他印刷品；手稿、打字稿及设计图纸,128,巴勒斯坦,4033.0
202607,49,第49章  书籍、报纸、印刷图画及其他印刷品；手稿、打字稿及设计图纸,130,卡塔尔,46478.0
202607,49,第49章  书籍、报纸、印刷图画及其他印刷品；手稿、打字稿及设计图纸,131,沙特阿拉伯,1084697.0
202607,49,第49章  书籍、报纸、印刷图画及其他印刷品；手稿、打字稿及设计图纸,134,斯里兰卡,430091.0
202607,49,第49章  书籍、报纸、印刷图画及其他印刷品；手稿、打字稿及设计图纸,144,东帝汶,77034.0
202607,49,第49章  书籍、报纸、印刷图画及其他印刷品；手稿、打字稿及设计图纸,146,吉尔吉斯斯坦,352988.0
202607,49,第49章  书籍、报纸、印刷图画及其他印刷品；手稿、打字稿及设计图纸,201,阿尔及利亚,348785.0
202607,49,第49章  书籍、报纸、印刷图画及其他印刷品；手稿、打字稿及设计图纸,214,吉布提,60315.0
202607,49,第49章  书籍、报纸、印刷图画及其他印刷品；手稿、打字稿及设计图纸,215,埃及,777548.0
202607,49,第49章  书籍、报纸、印刷图画及其他印刷品；手稿、打字稿及设计图纸,226,利比亚,3484473.0
202607,49,第49章  书籍、报纸、印刷图画及其他印刷品；手稿、打字稿及设计图纸,228,马拉维,11200.0
202607,49,第49章  书籍、报纸、印刷图画及其他印刷品；手稿、打字稿及设计图纸,229,马里,592.0
202607,49,第49章  书籍、报纸、印刷图画及其他印刷品；手稿、打字稿及设计图纸,232,摩洛哥,3103931.0
202607,49,第49章  书籍、报纸、印刷图画及其他印刷品；手稿、打字稿及设计图纸,236,尼日利亚,20216304.0
202607,49,第49章  书籍、报纸、印刷图画及其他印刷品；手稿、打字稿及设计图纸,238,卢旺达,25628.0
202607,49,第49章  书籍、报纸、印刷图画及其他印刷品；手稿、打字稿及设计图纸,246,苏丹,10822.0
202607,49,第49章  书籍、报纸、印刷图画及其他印刷品；手稿、打字稿及设计图纸,247,坦桑尼亚,593669.0
202607,49,第49章  书籍、报纸、印刷图画及其他印刷品；手稿、打字稿及设计图纸,248,多哥,414943.0
202607,49,第49章  书籍、报纸、印刷图画及其他印刷品；手稿、打字稿及设计图纸,251,布基纳法索,12324.0
202607,49,第49章  书籍、报纸、印刷图画及其他印刷品；手稿、打字稿及设计图纸,253,赞比亚,20678.0
202607,49,第49章  书籍、报纸、印刷图画及其他印刷品；手稿、打字稿及设计图纸,302,丹麦,1126260.0
202607,49,第49章  书籍、报纸、印刷图画及其他印刷品；手稿、打字稿及设计图纸,308,卢森堡,505.0
202607,49,第49章  书籍、报纸、印刷图画及其他印刷品；手稿、打字稿及设计图纸,311,葡萄牙,675542.0
202607,49,第49章  书籍、报纸、印刷图画及其他印刷品；手稿、打字稿及设计图纸,322,冰岛,18887.0
202607,49,第49章  书籍、报纸、印刷图画及其他印刷品；手稿、打字稿及设计图纸,323,列支敦士登,25.0
202607,49,第49章  书籍、报纸、印刷图画及其他印刷品；手稿、打字稿及设计图纸,325,摩纳哥,30.0
202607,49,第49章  书籍、报纸、印刷图画及其他印刷品；手稿、打字稿及设计图纸,328,罗马尼亚,387489.0
202607,49,第49章  书籍、报纸、印刷图画及其他印刷品；手稿、打字稿及设计图纸,329,圣马力诺,35.0
202607,49,第49章  书籍、报纸、印刷图画及其他印刷品；手稿、打字稿及设计图纸,330,瑞典,1046723.0
202607,49,第49章  书籍、报纸、印刷图画及其他印刷品；手稿、打字稿及设计图纸,331,瑞士,211065.0
202607,49,第49章  书籍、报纸、印刷图画及其他印刷品；手稿、打字稿及设计图纸,334,爱沙尼亚,70242.0
202607,49,第49章  书籍、报纸、印刷图画及其他印刷品；手稿、打字稿及设计图纸,335,拉脱维亚,84033.0
202607,49,第49章  书籍、报纸、印刷图画及其他印刷品；手稿、打字稿及设计图纸,343,摩尔多瓦,20683.0
202607,49,第49章  书籍、报纸、印刷图画及其他印刷品；手稿、打字稿及设计图纸,347,乌克兰,96434.0
202607,49,第49章  书籍、报纸、印刷图画及其他印刷品；手稿、打字稿及设计图纸,352,捷克,747595.0
202607,49,第49章  书籍、报纸、印刷图画及其他印刷品；手稿、打字稿及设计图纸,353,斯洛伐克,128479.0
202607,49,第49章  书籍、报纸、印刷图画及其他印刷品；手稿、打字稿及设计图纸,354,北马其顿,36539.0
202607,49,第49章  书籍、报纸、印刷图画及其他印刷品；手稿、打字稿及设计图纸,355,波斯尼亚和黑塞哥维那,8149.0
202607,49,第49章  书籍、报纸、印刷图画及其他印刷品；手稿、打字稿及设计图纸,402,阿根廷,1382011.0
202607,49,第49章  书籍、报纸、印刷图画及其他印刷品；手稿、打字稿及设计图纸,411,开曼群岛,92.0
202607,49,第49章  书籍、报纸、印刷图画及其他印刷品；手稿、打字稿及设计图纸,412,智利,1603677.0
202607,49,第49章  书籍、报纸、印刷图画及其他印刷品；手稿、打字稿及设计图纸,413,哥伦比亚,655783.0
202607,49,第49章  书籍、报纸、印刷图画及其他印刷品；手稿、打字稿及设计图纸,416,古巴,1661.0
202607,49,第49章  书籍、报纸、印刷图画及其他印刷品；手稿、打字稿及设计图纸,418,多米尼加 ,272550.0
202607,49,第49章  书籍、报纸、印刷图画及其他印刷品；手稿、打字稿及设计图纸,419,厄瓜多尔,232342.0
202607,49,第49章  书籍、报纸、印刷图画及其他印刷品；手稿、打字稿及设计图纸,423,危地马拉,113775.0
202607,49,第49章  书籍、报纸、印刷图画及其他印刷品；手稿、打字稿及设计图纸,426,洪都拉斯,457368.0
202607,49,第49章  书籍、报纸、印刷图画及其他印刷品；手稿、打字稿及设计图纸,432,巴拿马,558457.0
202607,49,第49章  书籍、报纸、印刷图画及其他印刷品；手稿、打字稿及设计图纸,433,巴拉圭,84502.0
202607,49,第49章  书籍、报纸、印刷图画及其他印刷品；手稿、打字稿及设计图纸,434,秘鲁,595566.0
202607,49,第49章  书籍、报纸、印刷图画及其他印刷品；手稿、打字稿及设计图纸,445,委内瑞拉,685185.0
202607,49,第49章  书籍、报纸、印刷图画及其他印刷品；手稿、打字稿及设计图纸,504,百慕大,1.0
202607,49,第49章  书籍、报纸、印刷图画及其他印刷品；手稿、打字稿及设计图纸,602,库克群岛,640.0
202607,49,第49章  书籍、报纸、印刷图画及其他印刷品；手稿、打字稿及设计图纸,603,斐济,1319.0
202607,49,第49章  书籍、报纸、印刷图画及其他印刷品；手稿、打字稿及设计图纸,606,瑙鲁,67.0
202607,49,第49章  书籍、报纸、印刷图画及其他印刷品；手稿、打字稿及设计图纸,608,瓦努阿图,145.0
202607,49,第49章  书籍、报纸、印刷图画及其他印刷品；手稿、打字稿及设计图纸,609,新西兰,1011971.0
202607,49,第49章  书籍、报纸、印刷图画及其他印刷品；手稿、打字稿及设计图纸,611,巴布亚新几内亚,139136.0
202607,49,第49章  书籍、报纸、印刷图画及其他印刷品；手稿、打字稿及设计图纸,613,所罗门群岛,1407.0
202607,49,第49章  书籍、报纸、印刷图画及其他印刷品；手稿、打字稿及设计图纸,623,法属波利尼西亚,64659.0
202607,50,第50章  蚕丝,103,孟加拉国,387900.0
202607,50,第50章  蚕丝,106,缅甸,754841.0
202607,50,第50章  蚕丝,107,柬埔寨,160576.0
202607,50,第50章  蚕丝,115,以色列,36951.0
202607,50,第50章  蚕丝,130,卡塔尔,17705.0
202607,50,第50章  蚕丝,131,沙特阿拉伯,39643.0
202607,50,第50章  蚕丝,134,斯里兰卡,2357937.0
202607,50,第50章  蚕丝,146,吉尔吉斯斯坦,54671.0
202607,50,第50章  蚕丝,215,埃及,6.0
202607,50,第50章  蚕丝,232,摩洛哥,332574.0
202607,50,第50章  蚕丝,236,尼日利亚,20.0
202607,50,第50章  蚕丝,247,坦桑尼亚,2826.0
202607,50,第50章  蚕丝,302,丹麦,13961.0
202607,50,第50章  蚕丝,311,葡萄牙,129816.0
202607,50,第50章  蚕丝,328,罗马尼亚,4942391.0
202607,50,第50章  蚕丝,331,瑞士,294.0
202607,50,第50章  蚕丝,334,爱沙尼亚,57647.0
202607,50,第50章  蚕丝,335,拉脱维亚,3872.0
202607,50,第50章  蚕丝,347,乌克兰,40105.0
202607,50,第50章  蚕丝,352,捷克,10700.0
202607,50,第50章  蚕丝,353,斯洛伐克,1035.0
202607,50,第50章  蚕丝,402,阿根廷,161.0
202607,50,第50章  蚕丝,412,智利,29832.0
202607,50,第50章  蚕丝,413,哥伦比亚,3916.0
202607,50,第50章  蚕丝,423,危地马拉,44290.0
202607,50,第50章  蚕丝,434,秘鲁,169658.0
202607,50,第50章  蚕丝,609,新西兰,24435.0
202607,51,第51章  羊毛、动物细毛或粗毛；马毛纱线及其机织物,101,阿富汗,44000.0
202607,51,第51章  羊毛、动物细毛或粗毛；马毛纱线及其机织物,103,孟加拉国,6867679.0
202607,51,第51章  羊毛、动物细毛或粗毛；马毛纱线及其机织物,106,缅甸,606668.0
202607,51,第51章  羊毛、动物细毛或粗毛；马毛纱线及其机织物,107,柬埔寨,19817065.0
202607,51,第51章  羊毛、动物细毛或粗毛；马毛纱线及其机织物,114,伊拉克,70193.0
202607,51,第51章  羊毛、动物细毛或粗毛；马毛纱线及其机织物,115,以色列,13673.0
202607,51,第51章  羊毛、动物细毛或粗毛；马毛纱线及其机织物,117,约旦,59381.0
202607,51,第51章  羊毛、动物细毛或粗毛；马毛纱线及其机织物,121,中国澳门,338792.0
202607,51,第51章  羊毛、动物细毛或粗毛；马毛纱线及其机织物,130,卡塔尔,165438.0
202607,51,第51章  羊毛、动物细毛或粗毛；马毛纱线及其机织物,131,沙特阿拉伯,1200.0
202607,51,第51章  羊毛、动物细毛或粗毛；马毛纱线及其机织物,134,斯里兰卡,134341.0
202607,51,第51章  羊毛、动物细毛或粗毛；马毛纱线及其机织物,146,吉尔吉斯斯坦,25933.0
202607,51,第51章  羊毛、动物细毛或粗毛；马毛纱线及其机织物,214,吉布提,29345.0
202607,51,第51章  羊毛、动物细毛或粗毛；马毛纱线及其机织物,215,埃及,748855.0
202607,51,第51章  羊毛、动物细毛或粗毛；马毛纱线及其机织物,232,摩洛哥,75763.0
202607,51,第51章  羊毛、动物细毛或粗毛；马毛纱线及其机织物,236,尼日利亚,788182.0
202607,51,第51章  羊毛、动物细毛或粗毛；马毛纱线及其机织物,247,坦桑尼亚,5.0
202607,51,第51章  羊毛、动物细毛或粗毛；马毛纱线及其机织物,302,丹麦,225366.0
202607,51,第51章  羊毛、动物细毛或粗毛；马毛纱线及其机织物,311,葡萄牙,91701.0
202607,51,第51章  羊毛、动物细毛或粗毛；马毛纱线及其机织物,322,冰岛,51456.0
202607,51,第51章  羊毛、动物细毛或粗毛；马毛纱线及其机织物,328,罗马尼亚,868843.0
202607,51,第51章  羊毛、动物细毛或粗毛；马毛纱线及其机织物,331,瑞士,178.0
202607,51,第51章  羊毛、动物细毛或粗毛；马毛纱线及其机织物,347,乌克兰,199184.0
202607,51,第51章  羊毛、动物细毛或粗毛；马毛纱线及其机织物,352,捷克,245648.0
202607,51,第51章  羊毛、动物细毛或粗毛；马毛纱线及其机织物,402,阿根廷,36920.0
202607,51,第51章  羊毛、动物细毛或粗毛；马毛纱线及其机织物,412,智利,15259.0
202607,51,第51章  羊毛、动物细毛或粗毛；马毛纱线及其机织物,413,哥伦比亚,61263.0
202607,51,第51章  羊毛、动物细毛或粗毛；马毛纱线及其机织物,418,多米尼加 ,20660.0
202607,51,第51章  羊毛、动物细毛或粗毛；马毛纱线及其机织物,419,厄瓜多尔,33760.0
202607,51,第51章  羊毛、动物细毛或粗毛；马毛纱线及其机织物,423,危地马拉,2825.0
202607,51,第51章  羊毛、动物细毛或粗毛；马毛纱线及其机织物,434,秘鲁,159014.0
202607,51,第51章  羊毛、动物细毛或粗毛；马毛纱线及其机织物,603,斐济,132963.0
202607,51,第51章  羊毛、动物细毛或粗毛；马毛纱线及其机织物,609,新西兰,420023.0
202607,52,第52章  棉花,101,阿富汗,2082295.0
202607,52,第52章  棉花,103,孟加拉国,175365128.0
202607,52,第52章  棉花,105,文莱,3070.0
202607,52,第52章  棉花,106,缅甸,16529710.0
202607,52,第52章  棉花,107,柬埔寨,63249867.0
202607,52,第52章  棉花,114,伊拉克,26422.0
202607,52,第52章  棉花,115,以色列,670536.0
202607,52,第52章  棉花,117,约旦,1924793.0
202607,52,第52章  棉花,121,中国澳门,27752.0
202607,52,第52章  棉花,128,巴勒斯坦,5496.0
202607,52,第52章  棉花,130,卡塔尔,11958.0
202607,52,第52章  棉花,131,沙特阿拉伯,694179.0
202607,52,第52章  棉花,134,斯里兰卡,5089408.0
202607,52,第52章  棉花,144,东帝汶,6024.0
202607,52,第52章  棉花,146,吉尔吉斯斯坦,1374057.0
202607,52,第52章  棉花,201,阿尔及利亚,1965361.0
202607,52,第52章  棉花,214,吉布提,1494909.0
202607,52,第52章  棉花,215,埃及,9756889.0
202607,52,第52章  棉花,226,利比亚,2222.0
202607,52,第52章  棉花,229,马里,40452.0
202607,52,第52章  棉花,232,摩洛哥,1221495.0
202607,52,第52章  棉花,236,尼日利亚,62471907.0
202607,52,第52章  棉花,238,卢旺达,109363.0
202607,52,第52章  棉花,246,苏丹,64455.0
202607,52,第52章  棉花,247,坦桑尼亚,18483891.0
202607,52,第52章  棉花,248,多哥,17666124.0
202607,52,第52章  棉花,251,布基纳法索,389511.0
202607,52,第52章  棉花,253,赞比亚,11291.0
202607,52,第52章  棉花,257,斯威士兰,129404.0
202607,52,第52章  棉花,302,丹麦,446884.0
202607,52,第52章  棉花,311,葡萄牙,892674.0
202607,52,第52章  棉花,322,冰岛,9659.0
202607,52,第52章  棉花,328,罗马尼亚,270263.0
202607,52,第52章  棉花,330,瑞典,72791.0
202607,52,第52章  棉花,331,瑞士,9170.0
202607,52,第52章  棉花,334,爱沙尼亚,32285.0
202607,52,第52章  棉花,335,拉脱维亚,76.0
202607,52,第52章  棉花,343,摩尔多瓦,538.0
202607,52,第52章  棉花,347,乌克兰,881277.0
202607,52,第52章  棉花,352,捷克,328746.0
202607,52,第52章  棉花,353,斯洛伐克,20907.0
202607,52,第52章  棉花,354,北马其顿,42102.0
202607,52,第52章  棉花,355,波斯尼亚和黑塞哥维那,131.0
202607,52,第52章  棉花,402,阿根廷,1043563.0
202607,52,第52章  棉花,412,智利,3004042.0
202607,52,第52章  棉花,413,哥伦比亚,19244419.0
202607,52,第52章  棉花,416,古巴,46093.0
202607,52,第52章  棉花,418,多米尼加 ,707846.0
202607,52,第52章  棉花,419,厄瓜多尔,3482493.0
202607,52,第52章  棉花,423,危地马拉,2917305.0
202607,52,第52章  棉花,426,洪都拉斯,224902.0
202607,52,第52章  棉花,432,巴拿马,337706.0
202607,52,第52章  棉花,433,巴拉圭,1629686.0
202607,52,第52章  棉花,434,秘鲁,5936616.0
202607,52,第52章  棉花,445,委内瑞拉,875890.0
202607,52,第52章  棉花,603,斐济,229797.0
202607,52,第52章  棉花,606,瑙鲁,4950.0
202607,52,第52章  棉花,609,新西兰,191777.0
202607,52,第52章  棉花,611,巴布亚新几内亚,64737.0
202607,52,第52章  棉花,622,帕劳,16762.0
202607,52,第52章  棉花,623,法属波利尼西亚,2819.0
202607,53,第53章  其他植物纺织纤维；纸纱线及其机织物,103,孟加拉国,12988867.0
202607,53,第53章  其他植物纺织纤维；纸纱线及其机织物,106,缅甸,134933.0
202607,53,第53章  其他植物纺织纤维；纸纱线及其机织物,107,柬埔寨,5838589.0
202607,53,第53章  其他植物纺织纤维；纸纱线及其机织物,114,伊拉克,478.0
202607,53,第53章  其他植物纺织纤维；纸纱线及其机织物,115,以色列,60876.0
202607,53,第53章  其他植物纺织纤维；纸纱线及其机织物,117,约旦,3079.0
202607,53,第53章  其他植物纺织纤维；纸纱线及其机织物,130,卡塔尔,37.0
202607,53,第53章  其他植物纺织纤维；纸纱线及其机织物,131,沙特阿拉伯,10212.0
202607,53,第53章  其他植物纺织纤维；纸纱线及其机织物,134,斯里兰卡,181563.0
202607,53,第53章  其他植物纺织纤维；纸纱线及其机织物,146,吉尔吉斯斯坦,22081.0
202607,53,第53章  其他植物纺织纤维；纸纱线及其机织物,201,阿尔及利亚,10240.0
202607,53,第53章  其他植物纺织纤维；纸纱线及其机织物,215,埃及,963912.0
202607,53,第53章  其他植物纺织纤维；纸纱线及其机织物,226,利比亚,15419.0
202607,53,第53章  其他植物纺织纤维；纸纱线及其机织物,232,摩洛哥,759.0
202607,53,第53章  其他植物纺织纤维；纸纱线及其机织物,236,尼日利亚,75.0
202607,53,第53章  其他植物纺织纤维；纸纱线及其机织物,247,坦桑尼亚,2374.0
202607,53,第53章  其他植物纺织纤维；纸纱线及其机织物,248,多哥,477557.0
202607,53,第53章  其他植物纺织纤维；纸纱线及其机织物,251,布基纳法索,4090.0
202607,53,第53章  其他植物纺织纤维；纸纱线及其机织物,253,赞比亚,8816.0
202607,53,第53章  其他植物纺织纤维；纸纱线及其机织物,302,丹麦,77051.0
202607,53,第53章  其他植物纺织纤维；纸纱线及其机织物,311,葡萄牙,1717096.0
202607,53,第53章  其他植物纺织纤维；纸纱线及其机织物,328,罗马尼亚,26712.0
202607,53,第53章  其他植物纺织纤维；纸纱线及其机织物,330,瑞典,47038.0
202607,53,第53章  其他植物纺织纤维；纸纱线及其机织物,331,瑞士,27300.0
202607,53,第53章  其他植物纺织纤维；纸纱线及其机织物,335,拉脱维亚,76.0
202607,53,第53章  其他植物纺织纤维；纸纱线及其机织物,347,乌克兰,5892.0
202607,53,第53章  其他植物纺织纤维；纸纱线及其机织物,352,捷克,25571.0
202607,53,第53章  其他植物纺织纤维；纸纱线及其机织物,353,斯洛伐克,8280.0
202607,53,第53章  其他植物纺织纤维；纸纱线及其机织物,402,阿根廷,569436.0
202607,53,第53章  其他植物纺织纤维；纸纱线及其机织物,412,智利,127300.0
202607,53,第53章  其他植物纺织纤维；纸纱线及其机织物,413,哥伦比亚,1251905.0
202607,53,第53章  其他植物纺织纤维；纸纱线及其机织物,416,古巴,195715.0
202607,53,第53章  其他植物纺织纤维；纸纱线及其机织物,418,多米尼加 ,34222.0
202607,53,第53章  其他植物纺织纤维；纸纱线及其机织物,419,厄瓜多尔,49929.0
202607,53,第53章  其他植物纺织纤维；纸纱线及其机织物,423,危地马拉,17283.0
202607,53,第53章  其他植物纺织纤维；纸纱线及其机织物,432,巴拿马,207769.0
202607,53,第53章  其他植物纺织纤维；纸纱线及其机织物,434,秘鲁,52687.0
202607,53,第53章  其他植物纺织纤维；纸纱线及其机织物,445,委内瑞拉,1648.0
202607,53,第53章  其他植物纺织纤维；纸纱线及其机织物,602,库克群岛,142.0
202607,53,第53章  其他植物纺织纤维；纸纱线及其机织物,609,新西兰,88016.0
202607,53,第53章  其他植物纺织纤维；纸纱线及其机织物,623,法属波利尼西亚,806.0
202607,54,第54章  化学纤维长丝；化学纤维纺织材料制扁条及类似品,101,阿富汗,33807403.0
202607,54,第54章  化学纤维长丝；化学纤维纺织材料制扁条及类似品,103,孟加拉国,121569231.0
202607,54,第54章  化学纤维长丝；化学纤维纺织材料制扁条及类似品,105,文莱,15364.0
202607,54,第54章  化学纤维长丝；化学纤维纺织材料制扁条及类似品,106,缅甸,51927472.0
202607,54,第54章  化学纤维长丝；化学纤维纺织材料制扁条及类似品,107,柬埔寨,72915605.0
202607,54,第54章  化学纤维长丝；化学纤维纺织材料制扁条及类似品,114,伊拉克,16085163.0
202607,54,第54章  化学纤维长丝；化学纤维纺织材料制扁条及类似品,115,以色列,6768691.0
202607,54,第54章  化学纤维长丝；化学纤维纺织材料制扁条及类似品,117,约旦,16275184.0
202607,54,第54章  化学纤维长丝；化学纤维纺织材料制扁条及类似品,121,中国澳门,11406.0
202607,54,第54章  化学纤维长丝；化学纤维纺织材料制扁条及类似品,128,巴勒斯坦,192645.0
202607,54,第54章  化学纤维长丝；化学纤维纺织材料制扁条及类似品,130,卡塔尔,863832.0
202607,54,第54章  化学纤维长丝；化学纤维纺织材料制扁条及类似品,131,沙特阿拉伯,40531522.0
202607,54,第54章  化学纤维长丝；化学纤维纺织材料制扁条及类似品,134,斯里兰卡,17785742.0
202607,54,第54章  化学纤维长丝；化学纤维纺织材料制扁条及类似品,144,东帝汶,28306.0
202607,54,第54章  化学纤维长丝；化学纤维纺织材料制扁条及类似品,146,吉尔吉斯斯坦,38739588.0
202607,54,第54章  化学纤维长丝；化学纤维纺织材料制扁条及类似品,201,阿尔及利亚,18137464.0
202607,54,第54章  化学纤维长丝；化学纤维纺织材料制扁条及类似品,214,吉布提,7461202.0
202607,54,第54章  化学纤维长丝；化学纤维纺织材料制扁条及类似品,215,埃及,82475076.0
202607,54,第54章  化学纤维长丝；化学纤维纺织材料制扁条及类似品,226,利比亚,3415292.0
202607,54,第54章  化学纤维长丝；化学纤维纺织材料制扁条及类似品,228,马拉维,6932.0
202607,54,第54章  化学纤维长丝；化学纤维纺织材料制扁条及类似品,229,马里,1230278.0
202607,54,第54章  化学纤维长丝；化学纤维纺织材料制扁条及类似品,232,摩洛哥,19157289.0
202607,54,第54章  化学纤维长丝；化学纤维纺织材料制扁条及类似品,236,尼日利亚,83724072.0
202607,54,第54章  化学纤维长丝；化学纤维纺织材料制扁条及类似品,238,卢旺达,1188032.0
202607,54,第54章  化学纤维长丝；化学纤维纺织材料制扁条及类似品,246,苏丹,2995551.0
202607,54,第54章  化学纤维长丝；化学纤维纺织材料制扁条及类似品,247,坦桑尼亚,27974945.0
202607,54,第54章  化学纤维长丝；化学纤维纺织材料制扁条及类似品,248,多哥,16187713.0
202607,54,第54章  化学纤维长丝；化学纤维纺织材料制扁条及类似品,251,布基纳法索,843050.0
202607,54,第54章  化学纤维长丝；化学纤维纺织材料制扁条及类似品,253,赞比亚,456448.0
202607,54,第54章  化学纤维长丝；化学纤维纺织材料制扁条及类似品,257,斯威士兰,165663.0
202607,54,第54章  化学纤维长丝；化学纤维纺织材料制扁条及类似品,302,丹麦,3670623.0
202607,54,第54章  化学纤维长丝；化学纤维纺织材料制扁条及类似品,308,卢森堡,298590.0
202607,54,第54章  化学纤维长丝；化学纤维纺织材料制扁条及类似品,311,葡萄牙,5472691.0
202607,54,第54章  化学纤维长丝；化学纤维纺织材料制扁条及类似品,322,冰岛,1249.0
202607,54,第54章  化学纤维长丝；化学纤维纺织材料制扁条及类似品,328,罗马尼亚,5972444.0
202607,54,第54章  化学纤维长丝；化学纤维纺织材料制扁条及类似品,330,瑞典,1147731.0
202607,54,第54章  化学纤维长丝；化学纤维纺织材料制扁条及类似品,331,瑞士,62987.0
202607,54,第54章  化学纤维长丝；化学纤维纺织材料制扁条及类似品,334,爱沙尼亚,558868.0
202607,54,第54章  化学纤维长丝；化学纤维纺织材料制扁条及类似品,335,拉脱维亚,261733.0
202607,54,第54章  化学纤维长丝；化学纤维纺织材料制扁条及类似品,343,摩尔多瓦,46160.0
202607,54,第54章  化学纤维长丝；化学纤维纺织材料制扁条及类似品,347,乌克兰,1809376.0
202607,54,第54章  化学纤维长丝；化学纤维纺织材料制扁条及类似品,352,捷克,2289521.0
202607,54,第54章  化学纤维长丝；化学纤维纺织材料制扁条及类似品,353,斯洛伐克,727257.0
202607,54,第54章  化学纤维长丝；化学纤维纺织材料制扁条及类似品,354,北马其顿,186936.0
202607,54,第54章  化学纤维长丝；化学纤维纺织材料制扁条及类似品,355,波斯尼亚和黑塞哥维那,43081.0
202607,54,第54章  化学纤维长丝；化学纤维纺织材料制扁条及类似品,402,阿根廷,8054937.0
202607,54,第54章  化学纤维长丝；化学纤维纺织材料制扁条及类似品,412,智利,10813436.0
202607,54,第54章  化学纤维长丝；化学纤维纺织材料制扁条及类似品,413,哥伦比亚,23389678.0
202607,54,第54章  化学纤维长丝；化学纤维纺织材料制扁条及类似品,418,多米尼加 ,3345266.0
202607,54,第54章  化学纤维长丝；化学纤维纺织材料制扁条及类似品,419,厄瓜多尔,6820926.0
202607,54,第54章  化学纤维长丝；化学纤维纺织材料制扁条及类似品,423,危地马拉,4349340.0
202607,54,第54章  化学纤维长丝；化学纤维纺织材料制扁条及类似品,426,洪都拉斯,529645.0
202607,54,第54章  化学纤维长丝；化学纤维纺织材料制扁条及类似品,432,巴拿马,3149692.0
202607,54,第54章  化学纤维长丝；化学纤维纺织材料制扁条及类似品,433,巴拉圭,2731755.0
202607,54,第54章  化学纤维长丝；化学纤维纺织材料制扁条及类似品,434,秘鲁,18466597.0
202607,54,第54章  化学纤维长丝；化学纤维纺织材料制扁条及类似品,445,委内瑞拉,5153258.0
202607,54,第54章  化学纤维长丝；化学纤维纺织材料制扁条及类似品,504,百慕大,137.0
202607,54,第54章  化学纤维长丝；化学纤维纺织材料制扁条及类似品,603,斐济,504939.0
202607,54,第54章  化学纤维长丝；化学纤维纺织材料制扁条及类似品,608,瓦努阿图,63519.0
202607,54,第54章  化学纤维长丝；化学纤维纺织材料制扁条及类似品,609,新西兰,1534498.0
202607,54,第54章  化学纤维长丝；化学纤维纺织材料制扁条及类似品,611,巴布亚新几内亚,2977582.0
202607,54,第54章  化学纤维长丝；化学纤维纺织材料制扁条及类似品,613,所罗门群岛,27062.0
202607,54,第54章  化学纤维长丝；化学纤维纺织材料制扁条及类似品,623,法属波利尼西亚,25525.0
202607,55,第55章  化学纤维短纤,101,阿富汗,20644907.0
202607,55,第55章  化学纤维短纤,103,孟加拉国,110955281.0
202607,55,第55章  化学纤维短纤,105,文莱,81338.0
202607,55,第55章  化学纤维短纤,106,缅甸,24763748.0
202607,55,第55章  化学纤维短纤,107,柬埔寨,50632469.0
202607,55,第55章  化学纤维短纤,114,伊拉克,10946588.0
202607,55,第55章  化学纤维短纤,115,以色列,6382400.0
202607,55,第55章  化学纤维短纤,117,约旦,5760820.0
202607,55,第55章  化学纤维短纤,121,中国澳门,60612.0
202607,55,第55章  化学纤维短纤,128,巴勒斯坦,36251.0
202607,55,第55章  化学纤维短纤,130,卡塔尔,492665.0
202607,55,第55章  化学纤维短纤,131,沙特阿拉伯,20376908.0
202607,55,第55章  化学纤维短纤,134,斯里兰卡,4712506.0
202607,55,第55章  化学纤维短纤,144,东帝汶,3948.0
202607,55,第55章  化学纤维短纤,146,吉尔吉斯斯坦,6006059.0
202607,55,第55章  化学纤维短纤,201,阿尔及利亚,6294596.0
202607,55,第55章  化学纤维短纤,214,吉布提,5221645.0
202607,55,第55章  化学纤维短纤,215,埃及,26752629.0
202607,55,第55章  化学纤维短纤,226,利比亚,2170551.0
202607,55,第55章  化学纤维短纤,228,马拉维,21410.0
202607,55,第55章  化学纤维短纤,229,马里,345945.0
202607,55,第55章  化学纤维短纤,232,摩洛哥,11578347.0
202607,55,第55章  化学纤维短纤,236,尼日利亚,19929121.0
202607,55,第55章  化学纤维短纤,238,卢旺达,711346.0
202607,55,第55章  化学纤维短纤,246,苏丹,2727496.0
202607,55,第55章  化学纤维短纤,247,坦桑尼亚,10565555.0
202607,55,第55章  化学纤维短纤,248,多哥,6023501.0
202607,55,第55章  化学纤维短纤,251,布基纳法索,344358.0
202607,55,第55章  化学纤维短纤,253,赞比亚,208035.0
202607,55,第55章  化学纤维短纤,257,斯威士兰,164302.0
202607,55,第55章  化学纤维短纤,302,丹麦,717639.0
202607,55,第55章  化学纤维短纤,308,卢森堡,25210.0
202607,55,第55章  化学纤维短纤,311,葡萄牙,1564485.0
202607,55,第55章  化学纤维短纤,328,罗马尼亚,1665016.0
202607,55,第55章  化学纤维短纤,330,瑞典,214318.0
202607,55,第55章  化学纤维短纤,331,瑞士,320825.0
202607,55,第55章  化学纤维短纤,334,爱沙尼亚,548850.0
202607,55,第55章  化学纤维短纤,335,拉脱维亚,24303.0
202607,55,第55章  化学纤维短纤,343,摩尔多瓦,98873.0
202607,55,第55章  化学纤维短纤,347,乌克兰,1678353.0
202607,55,第55章  化学纤维短纤,352,捷克,778736.0
202607,55,第55章  化学纤维短纤,353,斯洛伐克,55152.0
202607,55,第55章  化学纤维短纤,354,北马其顿,71542.0
202607,55,第55章  化学纤维短纤,355,波斯尼亚和黑塞哥维那,81990.0
202607,55,第55章  化学纤维短纤,402,阿根廷,3706535.0
202607,55,第55章  化学纤维短纤,412,智利,4031333.0
202607,55,第55章  化学纤维短纤,413,哥伦比亚,9956055.0
202607,55,第55章  化学纤维短纤,418,多米尼加 ,2477096.0
202607,55,第55章  化学纤维短纤,419,厄瓜多尔,2337604.0
202607,55,第55章  化学纤维短纤,423,危地马拉,5868350.0
202607,55,第55章  化学纤维短纤,426,洪都拉斯,1453989.0
202607,55,第55章  化学纤维短纤,432,巴拿马,1641045.0
202607,55,第55章  化学纤维短纤,433,巴拉圭,695827.0
202607,55,第55章  化学纤维短纤,434,秘鲁,7203977.0
202607,55,第55章  化学纤维短纤,445,委内瑞拉,1509639.0
202607,55,第55章  化学纤维短纤,602,库克群岛,23.0
202607,55,第55章  化学纤维短纤,603,斐济,280709.0
202607,55,第55章  化学纤维短纤,608,瓦努阿图,55409.0
202607,55,第55章  化学纤维短纤,609,新西兰,341298.0
202607,55,第55章  化学纤维短纤,611,巴布亚新几内亚,420014.0
202607,56,第56章  絮胎、毡呢及无纺织物；特种纱线；线、绳、索、缆及其制品,101,阿富汗,519900.0
202607,56,第56章  絮胎、毡呢及无纺织物；特种纱线；线、绳、索、缆及其制品,103,孟加拉国,18321941.0
202607,56,第56章  絮胎、毡呢及无纺织物；特种纱线；线、绳、索、缆及其制品,105,文莱,24892.0
202607,56,第56章  絮胎、毡呢及无纺织物；特种纱线；线、绳、索、缆及其制品,106,缅甸,7873373.0
202607,56,第56章  絮胎、毡呢及无纺织物；特种纱线；线、绳、索、缆及其制品,107,柬埔寨,22220226.0
202607,56,第56章  絮胎、毡呢及无纺织物；特种纱线；线、绳、索、缆及其制品,114,伊拉克,1919031.0
202607,56,第56章  絮胎、毡呢及无纺织物；特种纱线；线、绳、索、缆及其制品,115,以色列,4626077.0
202607,56,第56章  絮胎、毡呢及无纺织物；特种纱线；线、绳、索、缆及其制品,117,约旦,1485734.0
202607,56,第56章  絮胎、毡呢及无纺织物；特种纱线；线、绳、索、缆及其制品,121,中国澳门,117089.0
202607,56,第56章  絮胎、毡呢及无纺织物；特种纱线；线、绳、索、缆及其制品,128,巴勒斯坦,44548.0
202607,56,第56章  絮胎、毡呢及无纺织物；特种纱线；线、绳、索、缆及其制品,130,卡塔尔,534139.0
202607,56,第56章  絮胎、毡呢及无纺织物；特种纱线；线、绳、索、缆及其制品,131,沙特阿拉伯,7807186.0
202607,56,第56章  絮胎、毡呢及无纺织物；特种纱线；线、绳、索、缆及其制品,134,斯里兰卡,2021920.0
202607,56,第56章  絮胎、毡呢及无纺织物；特种纱线；线、绳、索、缆及其制品,144,东帝汶,13341.0
202607,56,第56章  絮胎、毡呢及无纺织物；特种纱线；线、绳、索、缆及其制品,146,吉尔吉斯斯坦,4210855.0
202607,56,第56章  絮胎、毡呢及无纺织物；特种纱线；线、绳、索、缆及其制品,201,阿尔及利亚,1925839.0
202607,56,第56章  絮胎、毡呢及无纺织物；特种纱线；线、绳、索、缆及其制品,214,吉布提,1221027.0
202607,56,第56章  絮胎、毡呢及无纺织物；特种纱线；线、绳、索、缆及其制品,215,埃及,9066823.0
202607,56,第56章  絮胎、毡呢及无纺织物；特种纱线；线、绳、索、缆及其制品,216,赤道几内亚,52303.0
202607,56,第56章  絮胎、毡呢及无纺织物；特种纱线；线、绳、索、缆及其制品,226,利比亚,739432.0
202607,56,第56章  絮胎、毡呢及无纺织物；特种纱线；线、绳、索、缆及其制品,228,马拉维,18164.0
202607,56,第56章  絮胎、毡呢及无纺织物；特种纱线；线、绳、索、缆及其制品,229,马里,177152.0
202607,56,第56章  絮胎、毡呢及无纺织物；特种纱线；线、绳、索、缆及其制品,232,摩洛哥,2720500.0
202607,56,第56章  絮胎、毡呢及无纺织物；特种纱线；线、绳、索、缆及其制品,236,尼日利亚,10681584.0
202607,56,第56章  絮胎、毡呢及无纺织物；特种纱线；线、绳、索、缆及其制品,238,卢旺达,435126.0
202607,56,第56章  絮胎、毡呢及无纺织物；特种纱线；线、绳、索、缆及其制品,246,苏丹,101885.0
202607,56,第56章  絮胎、毡呢及无纺织物；特种纱线；线、绳、索、缆及其制品,247,坦桑尼亚,6238085.0
202607,56,第56章  絮胎、毡呢及无纺织物；特种纱线；线、绳、索、缆及其制品,248,多哥,1637059.0
202607,56,第56章  絮胎、毡呢及无纺织物；特种纱线；线、绳、索、缆及其制品,251,布基纳法索,32321.0
202607,56,第56章  絮胎、毡呢及无纺织物；特种纱线；线、绳、索、缆及其制品,253,赞比亚,1049207.0
202607,56,第56章  絮胎、毡呢及无纺织物；特种纱线；线、绳、索、缆及其制品,302,丹麦,2780289.0
202607,56,第56章  絮胎、毡呢及无纺织物；特种纱线；线、绳、索、缆及其制品,308,卢森堡,8450.0
202607,56,第56章  絮胎、毡呢及无纺织物；特种纱线；线、绳、索、缆及其制品,311,葡萄牙,739523.0
202607,56,第56章  絮胎、毡呢及无纺织物；特种纱线；线、绳、索、缆及其制品,322,冰岛,38620.0
202607,56,第56章  絮胎、毡呢及无纺织物；特种纱线；线、绳、索、缆及其制品,325,摩纳哥,1450.0
202607,56,第56章  絮胎、毡呢及无纺织物；特种纱线；线、绳、索、缆及其制品,328,罗马尼亚,1505521.0
202607,56,第56章  絮胎、毡呢及无纺织物；特种纱线；线、绳、索、缆及其制品,330,瑞典,1807054.0
202607,56,第56章  絮胎、毡呢及无纺织物；特种纱线；线、绳、索、缆及其制品,331,瑞士,801079.0
202607,56,第56章  絮胎、毡呢及无纺织物；特种纱线；线、绳、索、缆及其制品,334,爱沙尼亚,309129.0
202607,56,第56章  絮胎、毡呢及无纺织物；特种纱线；线、绳、索、缆及其制品,335,拉脱维亚,191863.0
202607,56,第56章  絮胎、毡呢及无纺织物；特种纱线；线、绳、索、缆及其制品,343,摩尔多瓦,182116.0
202607,56,第56章  絮胎、毡呢及无纺织物；特种纱线；线、绳、索、缆及其制品,347,乌克兰,2835337.0
202607,56,第56章  絮胎、毡呢及无纺织物；特种纱线；线、绳、索、缆及其制品,352,捷克,3104976.0
202607,56,第56章  絮胎、毡呢及无纺织物；特种纱线；线、绳、索、缆及其制品,353,斯洛伐克,2272271.0
202607,56,第56章  絮胎、毡呢及无纺织物；特种纱线；线、绳、索、缆及其制品,354,北马其顿,64350.0
202607,56,第56章  絮胎、毡呢及无纺织物；特种纱线；线、绳、索、缆及其制品,355,波斯尼亚和黑塞哥维那,195108.0
202607,56,第56章  絮胎、毡呢及无纺织物；特种纱线；线、绳、索、缆及其制品,402,阿根廷,2578142.0
202607,56,第56章  絮胎、毡呢及无纺织物；特种纱线；线、绳、索、缆及其制品,411,开曼群岛,1483.0
202607,56,第56章  絮胎、毡呢及无纺织物；特种纱线；线、绳、索、缆及其制品,412,智利,6884236.0
202607,56,第56章  絮胎、毡呢及无纺织物；特种纱线；线、绳、索、缆及其制品,413,哥伦比亚,5140643.0
202607,56,第56章  絮胎、毡呢及无纺织物；特种纱线；线、绳、索、缆及其制品,416,古巴,2425.0
202607,56,第56章  絮胎、毡呢及无纺织物；特种纱线；线、绳、索、缆及其制品,418,多米尼加 ,1242032.0
202607,56,第56章  絮胎、毡呢及无纺织物；特种纱线；线、绳、索、缆及其制品,419,厄瓜多尔,4370143.0
202607,56,第56章  絮胎、毡呢及无纺织物；特种纱线；线、绳、索、缆及其制品,423,危地马拉,2436681.0
202607,56,第56章  絮胎、毡呢及无纺织物；特种纱线；线、绳、索、缆及其制品,426,洪都拉斯,1563755.0
202607,56,第56章  絮胎、毡呢及无纺织物；特种纱线；线、绳、索、缆及其制品,432,巴拿马,1287359.0
202607,56,第56章  絮胎、毡呢及无纺织物；特种纱线；线、绳、索、缆及其制品,433,巴拉圭,793741.0
202607,56,第56章  絮胎、毡呢及无纺织物；特种纱线；线、绳、索、缆及其制品,434,秘鲁,7003227.0
202607,56,第56章  絮胎、毡呢及无纺织物；特种纱线；线、绳、索、缆及其制品,439,圣文森特和格林纳丁斯 ,1742.0
202607,56,第56章  絮胎、毡呢及无纺织物；特种纱线；线、绳、索、缆及其制品,445,委内瑞拉,2667447.0
202607,56,第56章  絮胎、毡呢及无纺织物；特种纱线；线、绳、索、缆及其制品,447,圣基茨和尼维斯 ,166.0
202607,56,第56章  絮胎、毡呢及无纺织物；特种纱线；线、绳、索、缆及其制品,504,百慕大,7.0
202607,56,第56章  絮胎、毡呢及无纺织物；特种纱线；线、绳、索、缆及其制品,602,库克群岛,1281.0
202607,56,第56章  絮胎、毡呢及无纺织物；特种纱线；线、绳、索、缆及其制品,603,斐济,140280.0
202607,56,第56章  絮胎、毡呢及无纺织物；特种纱线；线、绳、索、缆及其制品,606,瑙鲁,9456.0
202607,56,第56章  絮胎、毡呢及无纺织物；特种纱线；线、绳、索、缆及其制品,608,瓦努阿图,24291.0
202607,56,第56章  絮胎、毡呢及无纺织物；特种纱线；线、绳、索、缆及其制品,609,新西兰,2470688.0
202607,56,第56章  絮胎、毡呢及无纺织物；特种纱线；线、绳、索、缆及其制品,611,巴布亚新几内亚,486931.0
202607,56,第56章  絮胎、毡呢及无纺织物；特种纱线；线、绳、索、缆及其制品,613,所罗门群岛,65412.0
202607,56,第56章  絮胎、毡呢及无纺织物；特种纱线；线、绳、索、缆及其制品,620,密克罗尼西亚联邦,252.0
202607,56,第56章  絮胎、毡呢及无纺织物；特种纱线；线、绳、索、缆及其制品,623,法属波利尼西亚,105211.0
202607,57,第57章  地毯及纺织材料的其他铺地制品,101,阿富汗,497044.0
202607,57,第57章  地毯及纺织材料的其他铺地制品,103,孟加拉国,982274.0
202607,57,第57章  地毯及纺织材料的其他铺地制品,105,文莱,230108.0
202607,57,第57章  地毯及纺织材料的其他铺地制品,106,缅甸,371914.0
202607,57,第57章  地毯及纺织材料的其他铺地制品,107,柬埔寨,889307.0
202607,57,第57章  地毯及纺织材料的其他铺地制品,114,伊拉克,11847658.0
202607,57,第57章  地毯及纺织材料的其他铺地制品,115,以色列,5196422.0
202607,57,第57章  地毯及纺织材料的其他铺地制品,117,约旦,801568.0
202607,57,第57章  地毯及纺织材料的其他铺地制品,121,中国澳门,853929.0
202607,57,第57章  地毯及纺织材料的其他铺地制品,128,巴勒斯坦,75383.0
202607,57,第57章  地毯及纺织材料的其他铺地制品,130,卡塔尔,1052164.0
202607,57,第57章  地毯及纺织材料的其他铺地制品,131,沙特阿拉伯,12298234.0
202607,57,第57章  地毯及纺织材料的其他铺地制品,134,斯里兰卡,425038.0
202607,57,第57章  地毯及纺织材料的其他铺地制品,144,东帝汶,83297.0
202607,57,第57章  地毯及纺织材料的其他铺地制品,146,吉尔吉斯斯坦,3749406.0
202607,57,第57章  地毯及纺织材料的其他铺地制品,201,阿尔及利亚,87652.0
202607,57,第57章  地毯及纺织材料的其他铺地制品,214,吉布提,434671.0
202607,57,第57章  地毯及纺织材料的其他铺地制品,215,埃及,406852.0
202607,57,第57章  地毯及纺织材料的其他铺地制品,216,赤道几内亚,15989.0
202607,57,第57章  地毯及纺织材料的其他铺地制品,226,利比亚,1860017.0
202607,57,第57章  地毯及纺织材料的其他铺地制品,228,马拉维,4784.0
202607,57,第57章  地毯及纺织材料的其他铺地制品,229,马里,132110.0
202607,57,第57章  地毯及纺织材料的其他铺地制品,232,摩洛哥,69920.0
202607,57,第57章  地毯及纺织材料的其他铺地制品,236,尼日利亚,2581556.0
202607,57,第57章  地毯及纺织材料的其他铺地制品,238,卢旺达,15477.0
202607,57,第57章  地毯及纺织材料的其他铺地制品,246,苏丹,100074.0
202607,57,第57章  地毯及纺织材料的其他铺地制品,247,坦桑尼亚,1530736.0
202607,57,第57章  地毯及纺织材料的其他铺地制品,248,多哥,482504.0
202607,57,第57章  地毯及纺织材料的其他铺地制品,251,布基纳法索,4763.0
202607,57,第57章  地毯及纺织材料的其他铺地制品,253,赞比亚,43295.0
202607,57,第57章  地毯及纺织材料的其他铺地制品,302,丹麦,446974.0
202607,57,第57章  地毯及纺织材料的其他铺地制品,311,葡萄牙,1092706.0
202607,57,第57章  地毯及纺织材料的其他铺地制品,322,冰岛,75.0
202607,57,第57章  地毯及纺织材料的其他铺地制品,328,罗马尼亚,1391767.0
202607,57,第57章  地毯及纺织材料的其他铺地制品,330,瑞典,3290103.0
202607,57,第57章  地毯及纺织材料的其他铺地制品,331,瑞士,184947.0
202607,57,第57章  地毯及纺织材料的其他铺地制品,334,爱沙尼亚,126502.0
202607,57,第57章  地毯及纺织材料的其他铺地制品,335,拉脱维亚,160309.0
202607,57,第57章  地毯及纺织材料的其他铺地制品,343,摩尔多瓦,1230.0
202607,57,第57章  地毯及纺织材料的其他铺地制品,347,乌克兰,682145.0
202607,57,第57章  地毯及纺织材料的其他铺地制品,352,捷克,296666.0
202607,57,第57章  地毯及纺织材料的其他铺地制品,353,斯洛伐克,230714.0
202607,57,第57章  地毯及纺织材料的其他铺地制品,354,北马其顿,7475.0
202607,57,第57章  地毯及纺织材料的其他铺地制品,402,阿根廷,1267765.0
202607,57,第57章  地毯及纺织材料的其他铺地制品,411,开曼群岛,30090.0
202607,57,第57章  地毯及纺织材料的其他铺地制品,412,智利,4255002.0
202607,57,第57章  地毯及纺织材料的其他铺地制品,413,哥伦比亚,1835852.0
202607,57,第57章  地毯及纺织材料的其他铺地制品,416,古巴,7647.0
202607,57,第57章  地毯及纺织材料的其他铺地制品,418,多米尼加 ,829642.0
202607,57,第57章  地毯及纺织材料的其他铺地制品,419,厄瓜多尔,461356.0
202607,57,第57章  地毯及纺织材料的其他铺地制品,423,危地马拉,404309.0
202607,57,第57章  地毯及纺织材料的其他铺地制品,426,洪都拉斯,569597.0
202607,57,第57章  地毯及纺织材料的其他铺地制品,432,巴拿马,1045756.0
202607,57,第57章  地毯及纺织材料的其他铺地制品,433,巴拉圭,260636.0
202607,57,第57章  地毯及纺织材料的其他铺地制品,434,秘鲁,3045957.0
202607,57,第57章  地毯及纺织材料的其他铺地制品,438,法属圣马丁 ,628.0
202607,57,第57章  地毯及纺织材料的其他铺地制品,439,圣文森特和格林纳丁斯 ,20794.0
202607,57,第57章  地毯及纺织材料的其他铺地制品,445,委内瑞拉,910137.0
202607,57,第57章  地毯及纺织材料的其他铺地制品,504,百慕大,15334.0
202607,57,第57章  地毯及纺织材料的其他铺地制品,602,库克群岛,7.0
202607,57,第57章  地毯及纺织材料的其他铺地制品,603,斐济,273158.0
202607,57,第57章  地毯及纺织材料的其他铺地制品,608,瓦努阿图,31898.0
202607,57,第57章  地毯及纺织材料的其他铺地制品,609,新西兰,2629686.0
202607,57,第57章  地毯及纺织材料的其他铺地制品,611,巴布亚新几内亚,78738.0
202607,57,第57章  地毯及纺织材料的其他铺地制品,613,所罗门群岛,12299.0
202607,57,第57章  地毯及纺织材料的其他铺地制品,622,帕劳,3783.0
202607,57,第57章  地毯及纺织材料的其他铺地制品,623,法属波利尼西亚,73588.0
202607,58,第58章  特种机织物；簇绒织物；花边；装饰毯；装饰带；刺绣品,101,阿富汗,5543410.0
202607,58,第58章  特种机织物；簇绒织物；花边；装饰毯；装饰带；刺绣品,103,孟加拉国,31204584.0
202607,58,第58章  特种机织物；簇绒织物；花边；装饰毯；装饰带；刺绣品,105,文莱,46549.0
202607,58,第58章  特种机织物；簇绒织物；花边；装饰毯；装饰带；刺绣品,106,缅甸,9770907.0
202607,58,第58章  特种机织物；簇绒织物；花边；装饰毯；装饰带；刺绣品,107,柬埔寨,29658250.0
202607,58,第58章  特种机织物；簇绒织物；花边；装饰毯；装饰带；刺绣品,114,伊拉克,4682166.0
202607,58,第58章  特种机织物；簇绒织物；花边；装饰毯；装饰带；刺绣品,115,以色列,1361063.0
202607,58,第58章  特种机织物；簇绒织物；花边；装饰毯；装饰带；刺绣品,117,约旦,3567864.0
202607,58,第58章  特种机织物；簇绒织物；花边；装饰毯；装饰带；刺绣品,121,中国澳门,239380.0
202607,58,第58章  特种机织物；簇绒织物；花边；装饰毯；装饰带；刺绣品,128,巴勒斯坦,323317.0
202607,58,第58章  特种机织物；簇绒织物；花边；装饰毯；装饰带；刺绣品,130,卡塔尔,218900.0
202607,58,第58章  特种机织物；簇绒织物；花边；装饰毯；装饰带；刺绣品,131,沙特阿拉伯,8379511.0
202607,58,第58章  特种机织物；簇绒织物；花边；装饰毯；装饰带；刺绣品,134,斯里兰卡,5544529.0
202607,58,第58章  特种机织物；簇绒织物；花边；装饰毯；装饰带；刺绣品,144,东帝汶,10348.0
202607,58,第58章  特种机织物；簇绒织物；花边；装饰毯；装饰带；刺绣品,146,吉尔吉斯斯坦,4307829.0
202607,58,第58章  特种机织物；簇绒织物；花边；装饰毯；装饰带；刺绣品,201,阿尔及利亚,4617193.0
202607,58,第58章  特种机织物；簇绒织物；花边；装饰毯；装饰带；刺绣品,214,吉布提,670293.0
202607,58,第58章  特种机织物；簇绒织物；花边；装饰毯；装饰带；刺绣品,215,埃及,6619701.0
202607,58,第58章  特种机织物；簇绒织物；花边；装饰毯；装饰带；刺绣品,216,赤道几内亚,168.0
202607,58,第58章  特种机织物；簇绒织物；花边；装饰毯；装饰带；刺绣品,226,利比亚,420132.0
202607,58,第58章  特种机织物；簇绒织物；花边；装饰毯；装饰带；刺绣品,228,马拉维,46340.0
202607,58,第58章  特种机织物；簇绒织物；花边；装饰毯；装饰带；刺绣品,229,马里,376065.0
202607,58,第58章  特种机织物；簇绒织物；花边；装饰毯；装饰带；刺绣品,232,摩洛哥,8338432.0
202607,58,第58章  特种机织物；簇绒织物；花边；装饰毯；装饰带；刺绣品,236,尼日利亚,27082467.0
202607,58,第58章  特种机织物；簇绒织物；花边；装饰毯；装饰带；刺绣品,238,卢旺达,55668.0
202607,58,第58章  特种机织物；簇绒织物；花边；装饰毯；装饰带；刺绣品,246,苏丹,67918.0
202607,58,第58章  特种机织物；簇绒织物；花边；装饰毯；装饰带；刺绣品,247,坦桑尼亚,1968589.0
202607,58,第58章  特种机织物；簇绒织物；花边；装饰毯；装饰带；刺绣品,248,多哥,3251877.0
202607,58,第58章  特种机织物；簇绒织物；花边；装饰毯；装饰带；刺绣品,251,布基纳法索,677651.0
202607,58,第58章  特种机织物；簇绒织物；花边；装饰毯；装饰带；刺绣品,253,赞比亚,95722.0
202607,58,第58章  特种机织物；簇绒织物；花边；装饰毯；装饰带；刺绣品,257,斯威士兰,15203.0
202607,58,第58章  特种机织物；簇绒织物；花边；装饰毯；装饰带；刺绣品,302,丹麦,854513.0
202607,58,第58章  特种机织物；簇绒织物；花边；装饰毯；装饰带；刺绣品,308,卢森堡,6218.0
202607,58,第58章  特种机织物；簇绒织物；花边；装饰毯；装饰带；刺绣品,311,葡萄牙,1135545.0
202607,58,第58章  特种机织物；簇绒织物；花边；装饰毯；装饰带；刺绣品,322,冰岛,8464.0
202607,58,第58章  特种机织物；簇绒织物；花边；装饰毯；装饰带；刺绣品,328,罗马尼亚,1070099.0
202607,58,第58章  特种机织物；簇绒织物；花边；装饰毯；装饰带；刺绣品,330,瑞典,648647.0
202607,58,第58章  特种机织物；簇绒织物；花边；装饰毯；装饰带；刺绣品,331,瑞士,157805.0
202607,58,第58章  特种机织物；簇绒织物；花边；装饰毯；装饰带；刺绣品,334,爱沙尼亚,15185.0
202607,58,第58章  特种机织物；簇绒织物；花边；装饰毯；装饰带；刺绣品,335,拉脱维亚,50457.0
202607,58,第58章  特种机织物；簇绒织物；花边；装饰毯；装饰带；刺绣品,343,摩尔多瓦,8186.0
202607,58,第58章  特种机织物；簇绒织物；花边；装饰毯；装饰带；刺绣品,347,乌克兰,767645.0
202607,58,第58章  特种机织物；簇绒织物；花边；装饰毯；装饰带；刺绣品,352,捷克,223517.0
202607,58,第58章  特种机织物；簇绒织物；花边；装饰毯；装饰带；刺绣品,353,斯洛伐克,122661.0
202607,58,第58章  特种机织物；簇绒织物；花边；装饰毯；装饰带；刺绣品,354,北马其顿,77868.0
202607,58,第58章  特种机织物；簇绒织物；花边；装饰毯；装饰带；刺绣品,355,波斯尼亚和黑塞哥维那,24723.0
202607,58,第58章  特种机织物；簇绒织物；花边；装饰毯；装饰带；刺绣品,402,阿根廷,2497081.0
202607,58,第58章  特种机织物；簇绒织物；花边；装饰毯；装饰带；刺绣品,412,智利,2809295.0
202607,58,第58章  特种机织物；簇绒织物；花边；装饰毯；装饰带；刺绣品,413,哥伦比亚,3220504.0
202607,58,第58章  特种机织物；簇绒织物；花边；装饰毯；装饰带；刺绣品,418,多米尼加 ,1159754.0
202607,58,第58章  特种机织物；簇绒织物；花边；装饰毯；装饰带；刺绣品,419,厄瓜多尔,632339.0
202607,58,第58章  特种机织物；簇绒织物；花边；装饰毯；装饰带；刺绣品,423,危地马拉,1293715.0
202607,58,第58章  特种机织物；簇绒织物；花边；装饰毯；装饰带；刺绣品,426,洪都拉斯,698210.0
202607,58,第58章  特种机织物；簇绒织物；花边；装饰毯；装饰带；刺绣品,432,巴拿马,1465900.0
202607,58,第58章  特种机织物；簇绒织物；花边；装饰毯；装饰带；刺绣品,433,巴拉圭,688080.0
202607,58,第58章  特种机织物；簇绒织物；花边；装饰毯；装饰带；刺绣品,434,秘鲁,3917405.0
202607,58,第58章  特种机织物；簇绒织物；花边；装饰毯；装饰带；刺绣品,438,法属圣马丁 ,2247.0
202607,58,第58章  特种机织物；簇绒织物；花边；装饰毯；装饰带；刺绣品,445,委内瑞拉,666366.0
202607,58,第58章  特种机织物；簇绒织物；花边；装饰毯；装饰带；刺绣品,602,库克群岛,103.0
202607,58,第58章  特种机织物；簇绒织物；花边；装饰毯；装饰带；刺绣品,603,斐济,80795.0
202607,58,第58章  特种机织物；簇绒织物；花边；装饰毯；装饰带；刺绣品,608,瓦努阿图,5884.0
202607,58,第58章  特种机织物；簇绒织物；花边；装饰毯；装饰带；刺绣品,609,新西兰,442765.0
202607,58,第58章  特种机织物；簇绒织物；花边；装饰毯；装饰带；刺绣品,611,巴布亚新几内亚,123045.0
202607,58,第58章  特种机织物；簇绒织物；花边；装饰毯；装饰带；刺绣品,613,所罗门群岛,210.0
202607,59,第59章  浸渍、涂布、包覆或层压的纺织物；工业用纺织制品,101,阿富汗,884146.0
202607,59,第59章  浸渍、涂布、包覆或层压的纺织物；工业用纺织制品,103,孟加拉国,36305589.0
202607,59,第59章  浸渍、涂布、包覆或层压的纺织物；工业用纺织制品,105,文莱,42536.0
202607,59,第59章  浸渍、涂布、包覆或层压的纺织物；工业用纺织制品,106,缅甸,13968922.0
202607,59,第59章  浸渍、涂布、包覆或层压的纺织物；工业用纺织制品,107,柬埔寨,36101975.0
202607,59,第59章  浸渍、涂布、包覆或层压的纺织物；工业用纺织制品,114,伊拉克,2858837.0
202607,59,第59章  浸渍、涂布、包覆或层压的纺织物；工业用纺织制品,115,以色列,1940127.0
202607,59,第59章  浸渍、涂布、包覆或层压的纺织物；工业用纺织制品,117,约旦,4657033.0
202607,59,第59章  浸渍、涂布、包覆或层压的纺织物；工业用纺织制品,121,中国澳门,49714.0
202607,59,第59章  浸渍、涂布、包覆或层压的纺织物；工业用纺织制品,128,巴勒斯坦,102383.0
202607,59,第59章  浸渍、涂布、包覆或层压的纺织物；工业用纺织制品,130,卡塔尔,892631.0
202607,59,第59章  浸渍、涂布、包覆或层压的纺织物；工业用纺织制品,131,沙特阿拉伯,6871367.0
202607,59,第59章  浸渍、涂布、包覆或层压的纺织物；工业用纺织制品,134,斯里兰卡,3489945.0
202607,59,第59章  浸渍、涂布、包覆或层压的纺织物；工业用纺织制品,144,东帝汶,6444.0
202607,59,第59章  浸渍、涂布、包覆或层压的纺织物；工业用纺织制品,146,吉尔吉斯斯坦,3845132.0
202607,59,第59章  浸渍、涂布、包覆或层压的纺织物；工业用纺织制品,201,阿尔及利亚,3260770.0
202607,59,第59章  浸渍、涂布、包覆或层压的纺织物；工业用纺织制品,214,吉布提,724899.0
202607,59,第59章  浸渍、涂布、包覆或层压的纺织物；工业用纺织制品,215,埃及,13712558.0
202607,59,第59章  浸渍、涂布、包覆或层压的纺织物；工业用纺织制品,216,赤道几内亚,95.0
202607,59,第59章  浸渍、涂布、包覆或层压的纺织物；工业用纺织制品,226,利比亚,256616.0
202607,59,第59章  浸渍、涂布、包覆或层压的纺织物；工业用纺织制品,228,马拉维,8771.0
202607,59,第59章  浸渍、涂布、包覆或层压的纺织物；工业用纺织制品,229,马里,339530.0
202607,59,第59章  浸渍、涂布、包覆或层压的纺织物；工业用纺织制品,232,摩洛哥,5265131.0
202607,59,第59章  浸渍、涂布、包覆或层压的纺织物；工业用纺织制品,236,尼日利亚,12664604.0
202607,59,第59章  浸渍、涂布、包覆或层压的纺织物；工业用纺织制品,238,卢旺达,229563.0
202607,59,第59章  浸渍、涂布、包覆或层压的纺织物；工业用纺织制品,246,苏丹,116864.0
202607,59,第59章  浸渍、涂布、包覆或层压的纺织物；工业用纺织制品,247,坦桑尼亚,1997302.0
202607,59,第59章  浸渍、涂布、包覆或层压的纺织物；工业用纺织制品,248,多哥,880330.0
202607,59,第59章  浸渍、涂布、包覆或层压的纺织物；工业用纺织制品,251,布基纳法索,66266.0
202607,59,第59章  浸渍、涂布、包覆或层压的纺织物；工业用纺织制品,253,赞比亚,629726.0
202607,59,第59章  浸渍、涂布、包覆或层压的纺织物；工业用纺织制品,257,斯威士兰,33331.0
202607,59,第59章  浸渍、涂布、包覆或层压的纺织物；工业用纺织制品,302,丹麦,751863.0
202607,59,第59章  浸渍、涂布、包覆或层压的纺织物；工业用纺织制品,308,卢森堡,2541.0
202607,59,第59章  浸渍、涂布、包覆或层压的纺织物；工业用纺织制品,311,葡萄牙,2456274.0
202607,59,第59章  浸渍、涂布、包覆或层压的纺织物；工业用纺织制品,322,冰岛,28322.0
202607,59,第59章  浸渍、涂布、包覆或层压的纺织物；工业用纺织制品,325,摩纳哥,41242.0
202607,59,第59章  浸渍、涂布、包覆或层压的纺织物；工业用纺织制品,328,罗马尼亚,4454471.0
202607,59,第59章  浸渍、涂布、包覆或层压的纺织物；工业用纺织制品,330,瑞典,1099356.0
202607,59,第59章  浸渍、涂布、包覆或层压的纺织物；工业用纺织制品,331,瑞士,88048.0
202607,59,第59章  浸渍、涂布、包覆或层压的纺织物；工业用纺织制品,334,爱沙尼亚,132810.0
202607,59,第59章  浸渍、涂布、包覆或层压的纺织物；工业用纺织制品,335,拉脱维亚,555577.0
202607,59,第59章  浸渍、涂布、包覆或层压的纺织物；工业用纺织制品,343,摩尔多瓦,24542.0
202607,59,第59章  浸渍、涂布、包覆或层压的纺织物；工业用纺织制品,347,乌克兰,1463742.0
202607,59,第59章  浸渍、涂布、包覆或层压的纺织物；工业用纺织制品,352,捷克,2319058.0
202607,59,第59章  浸渍、涂布、包覆或层压的纺织物；工业用纺织制品,353,斯洛伐克,963992.0
202607,59,第59章  浸渍、涂布、包覆或层压的纺织物；工业用纺织制品,354,北马其顿,18682.0
202607,59,第59章  浸渍、涂布、包覆或层压的纺织物；工业用纺织制品,355,波斯尼亚和黑塞哥维那,97107.0
202607,59,第59章  浸渍、涂布、包覆或层压的纺织物；工业用纺织制品,402,阿根廷,3165689.0
202607,59,第59章  浸渍、涂布、包覆或层压的纺织物；工业用纺织制品,412,智利,3067815.0
202607,59,第59章  浸渍、涂布、包覆或层压的纺织物；工业用纺织制品,413,哥伦比亚,7428730.0
202607,59,第59章  浸渍、涂布、包覆或层压的纺织物；工业用纺织制品,416,古巴,4936.0
202607,59,第59章  浸渍、涂布、包覆或层压的纺织物；工业用纺织制品,418,多米尼加 ,2104727.0
202607,59,第59章  浸渍、涂布、包覆或层压的纺织物；工业用纺织制品,419,厄瓜多尔,1091995.0
202607,59,第59章  浸渍、涂布、包覆或层压的纺织物；工业用纺织制品,423,危地马拉,1527436.0
202607,59,第59章  浸渍、涂布、包覆或层压的纺织物；工业用纺织制品,426,洪都拉斯,165967.0
202607,59,第59章  浸渍、涂布、包覆或层压的纺织物；工业用纺织制品,432,巴拿马,821176.0
202607,59,第59章  浸渍、涂布、包覆或层压的纺织物；工业用纺织制品,433,巴拉圭,247417.0
202607,59,第59章  浸渍、涂布、包覆或层压的纺织物；工业用纺织制品,434,秘鲁,6586338.0
202607,59,第59章  浸渍、涂布、包覆或层压的纺织物；工业用纺织制品,439,圣文森特和格林纳丁斯 ,83537.0
202607,59,第59章  浸渍、涂布、包覆或层压的纺织物；工业用纺织制品,445,委内瑞拉,1757614.0
202607,59,第59章  浸渍、涂布、包覆或层压的纺织物；工业用纺织制品,603,斐济,51572.0
202607,59,第59章  浸渍、涂布、包覆或层压的纺织物；工业用纺织制品,608,瓦努阿图,2687.0
202607,59,第59章  浸渍、涂布、包覆或层压的纺织物；工业用纺织制品,609,新西兰,742521.0
202607,59,第59章  浸渍、涂布、包覆或层压的纺织物；工业用纺织制品,611,巴布亚新几内亚,123599.0
202607,59,第59章  浸渍、涂布、包覆或层压的纺织物；工业用纺织制品,613,所罗门群岛,7549.0
202607,59,第59章  浸渍、涂布、包覆或层压的纺织物；工业用纺织制品,620,密克罗尼西亚联邦,237.0
202607,59,第59章  浸渍、涂布、包覆或层压的纺织物；工业用纺织制品,622,帕劳,1215.0
202607,59,第59章  浸渍、涂布、包覆或层压的纺织物；工业用纺织制品,623,法属波利尼西亚,18.0
202607,60,第60章  针织物及钩编织物,101,阿富汗,9759992.0
202607,60,第60章  针织物及钩编织物,103,孟加拉国,194318235.0
202607,60,第60章  针织物及钩编织物,105,文莱,17856.0
202607,60,第60章  针织物及钩编织物,106,缅甸,77456776.0
202607,60,第60章  针织物及钩编织物,107,柬埔寨,250551314.0
202607,60,第60章  针织物及钩编织物,114,伊拉克,25310869.0
202607,60,第60章  针织物及钩编织物,115,以色列,5629976.0
202607,60,第60章  针织物及钩编织物,117,约旦,39176846.0
202607,60,第60章  针织物及钩编织物,121,中国澳门,2695.0
202607,60,第60章  针织物及钩编织物,128,巴勒斯坦,370134.0
202607,60,第60章  针织物及钩编织物,130,卡塔尔,406358.0
202607,60,第60章  针织物及钩编织物,131,沙特阿拉伯,10477760.0
202607,60,第60章  针织物及钩编织物,134,斯里兰卡,21478426.0
202607,60,第60章  针织物及钩编织物,144,东帝汶,12690.0
202607,60,第60章  针织物及钩编织物,146,吉尔吉斯斯坦,37472988.0
202607,60,第60章  针织物及钩编织物,201,阿尔及利亚,33602412.0
202607,60,第60章  针织物及钩编织物,214,吉布提,3419081.0
202607,60,第60章  针织物及钩编织物,215,埃及,101754243.0
202607,60,第60章  针织物及钩编织物,216,赤道几内亚,86491.0
202607,60,第60章  针织物及钩编织物,226,利比亚,2035928.0
202607,60,第60章  针织物及钩编织物,228,马拉维,5455.0
202607,60,第60章  针织物及钩编织物,229,马里,180628.0
202607,60,第60章  针织物及钩编织物,232,摩洛哥,50107523.0
202607,60,第60章  针织物及钩编织物,236,尼日利亚,26722365.0
202607,60,第60章  针织物及钩编织物,238,卢旺达,138708.0
202607,60,第60章  针织物及钩编织物,246,苏丹,973376.0
202607,60,第60章  针织物及钩编织物,247,坦桑尼亚,5272944.0
202607,60,第60章  针织物及钩编织物,248,多哥,2881742.0
202607,60,第60章  针织物及钩编织物,251,布基纳法索,120066.0
202607,60,第60章  针织物及钩编织物,253,赞比亚,14053.0
202607,60,第60章  针织物及钩编织物,257,斯威士兰,54257.0
202607,60,第60章  针织物及钩编织物,302,丹麦,318768.0
202607,60,第60章  针织物及钩编织物,311,葡萄牙,1385230.0
202607,60,第60章  针织物及钩编织物,322,冰岛,888.0
202607,60,第60章  针织物及钩编织物,325,摩纳哥,899.0
202607,60,第60章  针织物及钩编织物,328,罗马尼亚,3562434.0
202607,60,第60章  针织物及钩编织物,330,瑞典,134638.0
202607,60,第60章  针织物及钩编织物,331,瑞士,6382.0
202607,60,第60章  针织物及钩编织物,334,爱沙尼亚,74200.0
202607,60,第60章  针织物及钩编织物,335,拉脱维亚,141772.0
202607,60,第60章  针织物及钩编织物,343,摩尔多瓦,112250.0
202607,60,第60章  针织物及钩编织物,347,乌克兰,2429103.0
202607,60,第60章  针织物及钩编织物,352,捷克,962516.0
202607,60,第60章  针织物及钩编织物,353,斯洛伐克,269677.0
202607,60,第60章  针织物及钩编织物,354,北马其顿,193351.0
202607,60,第60章  针织物及钩编织物,355,波斯尼亚和黑塞哥维那,99270.0
202607,60,第60章  针织物及钩编织物,402,阿根廷,15279464.0
202607,60,第60章  针织物及钩编织物,412,智利,8259721.0
202607,60,第60章  针织物及钩编织物,413,哥伦比亚,30936552.0
202607,60,第60章  针织物及钩编织物,418,多米尼加 ,3759639.0
202607,60,第60章  针织物及钩编织物,419,厄瓜多尔,5558980.0
202607,60,第60章  针织物及钩编织物,423,危地马拉,8903403.0
202607,60,第60章  针织物及钩编织物,426,洪都拉斯,817170.0
202607,60,第60章  针织物及钩编织物,432,巴拿马,1441743.0
202607,60,第60章  针织物及钩编织物,433,巴拉圭,1259835.0
202607,60,第60章  针织物及钩编织物,434,秘鲁,11959216.0
202607,60,第60章  针织物及钩编织物,439,圣文森特和格林纳丁斯 ,6038.0
202607,60,第60章  针织物及钩编织物,445,委内瑞拉,9130020.0
202607,60,第60章  针织物及钩编织物,602,库克群岛,296.0
202607,60,第60章  针织物及钩编织物,603,斐济,330177.0
202607,60,第60章  针织物及钩编织物,606,瑙鲁,2296.0
202607,60,第60章  针织物及钩编织物,608,瓦努阿图,19915.0
202607,60,第60章  针织物及钩编织物,609,新西兰,220689.0
202607,60,第60章  针织物及钩编织物,611,巴布亚新几内亚,78993.0
202607,60,第60章  针织物及钩编织物,613,所罗门群岛,16100.0
202607,60,第60章  针织物及钩编织物,619,图瓦卢,3040.0
202607,61,第61章  针织或钩编的服装及衣着附件,101,阿富汗,860177.0
202607,61,第61章  针织或钩编的服装及衣着附件,103,孟加拉国,3226267.0
202607,61,第61章  针织或钩编的服装及衣着附件,105,文莱,212948.0
202607,61,第61章  针织或钩编的服装及衣着附件,106,缅甸,9563575.0
202607,61,第61章  针织或钩编的服装及衣着附件,107,柬埔寨,77270776.0
202607,61,第61章  针织或钩编的服装及衣着附件,114,伊拉克,87283972.0
202607,61,第61章  针织或钩编的服装及衣着附件,115,以色列,108555713.0
202607,61,第61章  针织或钩编的服装及衣着附件,117,约旦,23420862.0
202607,61,第61章  针织或钩编的服装及衣着附件,121,中国澳门,2179150.0
202607,61,第61章  针织或钩编的服装及衣着附件,128,巴勒斯坦,1008078.0
202607,61,第61章  针织或钩编的服装及衣着附件,130,卡塔尔,4414030.0
202607,61,第61章  针织或钩编的服装及衣着附件,131,沙特阿拉伯,103585213.0
202607,61,第61章  针织或钩编的服装及衣着附件,134,斯里兰卡,1945915.0
202607,61,第61章  针织或钩编的服装及衣着附件,144,东帝汶,138293.0
202607,61,第61章  针织或钩编的服装及衣着附件,146,吉尔吉斯斯坦,177066876.0
202607,61,第61章  针织或钩编的服装及衣着附件,201,阿尔及利亚,56394234.0
202607,61,第61章  针织或钩编的服装及衣着附件,214,吉布提,6287888.0
202607,61,第61章  针织或钩编的服装及衣着附件,215,埃及,3680916.0
202607,61,第61章  针织或钩编的服装及衣着附件,216,赤道几内亚,79471.0
202607,61,第61章  针织或钩编的服装及衣着附件,226,利比亚,15750232.0
202607,61,第61章  针织或钩编的服装及衣着附件,228,马拉维,279280.0
202607,61,第61章  针织或钩编的服装及衣着附件,229,马里,479251.0
202607,61,第61章  针织或钩编的服装及衣着附件,232,摩洛哥,15038100.0
202607,61,第61章  针织或钩编的服装及衣着附件,236,尼日利亚,29885164.0
202607,61,第61章  针织或钩编的服装及衣着附件,238,卢旺达,214640.0
202607,61,第61章  针织或钩编的服装及衣着附件,246,苏丹,5910282.0
202607,61,第61章  针织或钩编的服装及衣着附件,247,坦桑尼亚,21066057.0
202607,61,第61章  针织或钩编的服装及衣着附件,248,多哥,26314925.0
202607,61,第61章  针织或钩编的服装及衣着附件,251,布基纳法索,480752.0
202607,61,第61章  针织或钩编的服装及衣着附件,253,赞比亚,535535.0
202607,61,第61章  针织或钩编的服装及衣着附件,257,斯威士兰,2729.0
202607,61,第61章  针织或钩编的服装及衣着附件,302,丹麦,71787954.0
202607,61,第61章  针织或钩编的服装及衣着附件,308,卢森堡,27540.0
202607,61,第61章  针织或钩编的服装及衣着附件,311,葡萄牙,20017661.0
202607,61,第61章  针织或钩编的服装及衣着附件,322,冰岛,648170.0
202607,61,第61章  针织或钩编的服装及衣着附件,323,列支敦士登,295.0
202607,61,第61章  针织或钩编的服装及衣着附件,325,摩纳哥,3030.0
202607,61,第61章  针织或钩编的服装及衣着附件,328,罗马尼亚,15823607.0
202607,61,第61章  针织或钩编的服装及衣着附件,329,圣马力诺,3448.0
202607,61,第61章  针织或钩编的服装及衣着附件,330,瑞典,68033352.0
202607,61,第61章  针织或钩编的服装及衣着附件,331,瑞士,14963844.0
202607,61,第61章  针织或钩编的服装及衣着附件,334,爱沙尼亚,668820.0
202607,61,第61章  针织或钩编的服装及衣着附件,335,拉脱维亚,1454177.0
202607,61,第61章  针织或钩编的服装及衣着附件,343,摩尔多瓦,497611.0
202607,61,第61章  针织或钩编的服装及衣着附件,347,乌克兰,3974180.0
202607,61,第61章  针织或钩编的服装及衣着附件,352,捷克,16631725.0
202607,61,第61章  针织或钩编的服装及衣着附件,353,斯洛伐克,5001959.0
202607,61,第61章  针织或钩编的服装及衣着附件,354,北马其顿,202704.0
202607,61,第61章  针织或钩编的服装及衣着附件,355,波斯尼亚和黑塞哥维那,617534.0
202607,61,第61章  针织或钩编的服装及衣着附件,402,阿根廷,15771353.0
202607,61,第61章  针织或钩编的服装及衣着附件,411,开曼群岛,20266.0
202607,61,第61章  针织或钩编的服装及衣着附件,412,智利,118820668.0
202607,61,第61章  针织或钩编的服装及衣着附件,413,哥伦比亚,18651625.0
202607,61,第61章  针织或钩编的服装及衣着附件,416,古巴,88984.0
202607,61,第61章  针织或钩编的服装及衣着附件,418,多米尼加 ,7034361.0
202607,61,第61章  针织或钩编的服装及衣着附件,419,厄瓜多尔,5922902.0
202607,61,第61章  针织或钩编的服装及衣着附件,423,危地马拉,10976113.0
202607,61,第61章  针织或钩编的服装及衣着附件,426,洪都拉斯,3098041.0
202607,61,第61章  针织或钩编的服装及衣着附件,432,巴拿马,51778097.0
202607,61,第61章  针织或钩编的服装及衣着附件,433,巴拉圭,961721.0
202607,61,第61章  针织或钩编的服装及衣着附件,434,秘鲁,24654930.0
202607,61,第61章  针织或钩编的服装及衣着附件,438,法属圣马丁 ,5267.0
202607,61,第61章  针织或钩编的服装及衣着附件,439,圣文森特和格林纳丁斯 ,27391.0
202607,61,第61章  针织或钩编的服装及衣着附件,445,委内瑞拉,15487158.0
202607,61,第61章  针织或钩编的服装及衣着附件,447,圣基茨和尼维斯 ,1099.0
202607,61,第61章  针织或钩编的服装及衣着附件,449,博纳尔，圣俄斯塔休斯和萨巴 ,4279.0
202607,61,第61章  针织或钩编的服装及衣着附件,504,百慕大,14808.0
202607,61,第61章  针织或钩编的服装及衣着附件,602,库克群岛,35368.0
202607,61,第61章  针织或钩编的服装及衣着附件,603,斐济,1446150.0
202607,61,第61章  针织或钩编的服装及衣着附件,606,瑙鲁,46630.0
202607,61,第61章  针织或钩编的服装及衣着附件,608,瓦努阿图,220876.0
202607,61,第61章  针织或钩编的服装及衣着附件,609,新西兰,24617312.0
202607,61,第61章  针织或钩编的服装及衣着附件,611,巴布亚新几内亚,4287401.0
202607,61,第61章  针织或钩编的服装及衣着附件,613,所罗门群岛,162620.0
202607,61,第61章  针织或钩编的服装及衣着附件,619,图瓦卢,17004.0
202607,61,第61章  针织或钩编的服装及衣着附件,620,密克罗尼西亚联邦,20757.0
202607,61,第61章  针织或钩编的服装及衣着附件,622,帕劳,17694.0
202607,61,第61章  针织或钩编的服装及衣着附件,623,法属波利尼西亚,92783.0
202607,62,第62章  非针织或非钩编的服装及衣着附件,101,阿富汗,909334.0
202607,62,第62章  非针织或非钩编的服装及衣着附件,103,孟加拉国,5328461.0
202607,62,第62章  非针织或非钩编的服装及衣着附件,105,文莱,451280.0
202607,62,第62章  非针织或非钩编的服装及衣着附件,106,缅甸,3194058.0
202607,62,第62章  非针织或非钩编的服装及衣着附件,107,柬埔寨,6441780.0
202607,62,第62章  非针织或非钩编的服装及衣着附件,114,伊拉克,63272320.0
202607,62,第62章  非针织或非钩编的服装及衣着附件,115,以色列,47282527.0
202607,62,第62章  非针织或非钩编的服装及衣着附件,117,约旦,13538287.0
202607,62,第62章  非针织或非钩编的服装及衣着附件,121,中国澳门,1976370.0
202607,62,第62章  非针织或非钩编的服装及衣着附件,128,巴勒斯坦,480157.0
202607,62,第62章  非针织或非钩编的服装及衣着附件,130,卡塔尔,4832937.0
202607,62,第62章  非针织或非钩编的服装及衣着附件,131,沙特阿拉伯,77627153.0
202607,62,第62章  非针织或非钩编的服装及衣着附件,134,斯里兰卡,2835519.0
202607,62,第62章  非针织或非钩编的服装及衣着附件,144,东帝汶,83652.0
202607,62,第62章  非针织或非钩编的服装及衣着附件,146,吉尔吉斯斯坦,191612674.0
202607,62,第62章  非针织或非钩编的服装及衣着附件,201,阿尔及利亚,41311020.0
202607,62,第62章  非针织或非钩编的服装及衣着附件,214,吉布提,6830491.0
202607,62,第62章  非针织或非钩编的服装及衣着附件,215,埃及,3843273.0
202607,62,第62章  非针织或非钩编的服装及衣着附件,216,赤道几内亚,469456.0
202607,62,第62章  非针织或非钩编的服装及衣着附件,226,利比亚,9001225.0
202607,62,第62章  非针织或非钩编的服装及衣着附件,228,马拉维,50880.0
202607,62,第62章  非针织或非钩编的服装及衣着附件,229,马里,211072.0
202607,62,第62章  非针织或非钩编的服装及衣着附件,232,摩洛哥,9664133.0
202607,62,第62章  非针织或非钩编的服装及衣着附件,236,尼日利亚,62371867.0
202607,62,第62章  非针织或非钩编的服装及衣着附件,238,卢旺达,95720.0
202607,62,第62章  非针织或非钩编的服装及衣着附件,246,苏丹,4907626.0
202607,62,第62章  非针织或非钩编的服装及衣着附件,247,坦桑尼亚,47767030.0
202607,62,第62章  非针织或非钩编的服装及衣着附件,248,多哥,37360142.0
202607,62,第62章  非针织或非钩编的服装及衣着附件,251,布基纳法索,322688.0
202607,62,第62章  非针织或非钩编的服装及衣着附件,253,赞比亚,635550.0
202607,62,第62章  非针织或非钩编的服装及衣着附件,257,斯威士兰,1408.0
202607,62,第62章  非针织或非钩编的服装及衣着附件,302,丹麦,75676667.0
202607,62,第62章  非针织或非钩编的服装及衣着附件,308,卢森堡,5761.0
202607,62,第62章  非针织或非钩编的服装及衣着附件,311,葡萄牙,20173200.0
202607,62,第62章  非针织或非钩编的服装及衣着附件,322,冰岛,794666.0
202607,62,第62章  非针织或非钩编的服装及衣着附件,323,列支敦士登,1591.0
202607,62,第62章  非针织或非钩编的服装及衣着附件,325,摩纳哥,11178.0
202607,62,第62章  非针织或非钩编的服装及衣着附件,328,罗马尼亚,5084302.0
202607,62,第62章  非针织或非钩编的服装及衣着附件,329,圣马力诺,38339.0
202607,62,第62章  非针织或非钩编的服装及衣着附件,330,瑞典,72478755.0
202607,62,第62章  非针织或非钩编的服装及衣着附件,331,瑞士,12671722.0
202607,62,第62章  非针织或非钩编的服装及衣着附件,334,爱沙尼亚,1619774.0
202607,62,第62章  非针织或非钩编的服装及衣着附件,335,拉脱维亚,914674.0
202607,62,第62章  非针织或非钩编的服装及衣着附件,343,摩尔多瓦,144054.0
202607,62,第62章  非针织或非钩编的服装及衣着附件,347,乌克兰,3052028.0
202607,62,第62章  非针织或非钩编的服装及衣着附件,352,捷克,17155535.0
202607,62,第62章  非针织或非钩编的服装及衣着附件,353,斯洛伐克,5572289.0
202607,62,第62章  非针织或非钩编的服装及衣着附件,354,北马其顿,89856.0
202607,62,第62章  非针织或非钩编的服装及衣着附件,355,波斯尼亚和黑塞哥维那,694036.0
202607,62,第62章  非针织或非钩编的服装及衣着附件,402,阿根廷,19203590.0
202607,62,第62章  非针织或非钩编的服装及衣着附件,411,开曼群岛,3851.0
202607,62,第62章  非针织或非钩编的服装及衣着附件,412,智利,78847018.0
202607,62,第62章  非针织或非钩编的服装及衣着附件,413,哥伦比亚,11339060.0
202607,62,第62章  非针织或非钩编的服装及衣着附件,416,古巴,2957.0
202607,62,第62章  非针织或非钩编的服装及衣着附件,418,多米尼加 ,5241940.0
202607,62,第62章  非针织或非钩编的服装及衣着附件,419,厄瓜多尔,4012573.0
202607,62,第62章  非针织或非钩编的服装及衣着附件,423,危地马拉,5995803.0
202607,62,第62章  非针织或非钩编的服装及衣着附件,426,洪都拉斯,2328038.0
202607,62,第62章  非针织或非钩编的服装及衣着附件,432,巴拿马,51183770.0
202607,62,第62章  非针织或非钩编的服装及衣着附件,433,巴拉圭,611921.0
202607,62,第62章  非针织或非钩编的服装及衣着附件,434,秘鲁,20302223.0
202607,62,第62章  非针织或非钩编的服装及衣着附件,439,圣文森特和格林纳丁斯 ,110.0
202607,62,第62章  非针织或非钩编的服装及衣着附件,445,委内瑞拉,11813948.0
202607,62,第62章  非针织或非钩编的服装及衣着附件,447,圣基茨和尼维斯 ,952.0
202607,62,第62章  非针织或非钩编的服装及衣着附件,449,博纳尔，圣俄斯塔休斯和萨巴 ,2720.0
202607,62,第62章  非针织或非钩编的服装及衣着附件,504,百慕大,21409.0
202607,62,第62章  非针织或非钩编的服装及衣着附件,602,库克群岛,10717.0
202607,62,第62章  非针织或非钩编的服装及衣着附件,603,斐济,1416839.0
202607,62,第62章  非针织或非钩编的服装及衣着附件,606,瑙鲁,143249.0
202607,62,第62章  非针织或非钩编的服装及衣着附件,608,瓦努阿图,167041.0
202607,62,第62章  非针织或非钩编的服装及衣着附件,609,新西兰,24189900.0
202607,62,第62章  非针织或非钩编的服装及衣着附件,611,巴布亚新几内亚,1539518.0
202607,62,第62章  非针织或非钩编的服装及衣着附件,613,所罗门群岛,100344.0
202607,62,第62章  非针织或非钩编的服装及衣着附件,619,图瓦卢,55541.0
202607,62,第62章  非针织或非钩编的服装及衣着附件,620,密克罗尼西亚联邦,2692.0
202607,62,第62章  非针织或非钩编的服装及衣着附件,623,法属波利尼西亚,99898.0
202607,63,第63章  其他纺织制成品；成套物品；旧衣着及旧纺织品；碎织物,101,阿富汗,2204643.0
202607,63,第63章  其他纺织制成品；成套物品；旧衣着及旧纺织品；碎织物,103,孟加拉国,2906848.0
202607,63,第63章  其他纺织制成品；成套物品；旧衣着及旧纺织品；碎织物,105,文莱,301085.0
202607,63,第63章  其他纺织制成品；成套物品；旧衣着及旧纺织品；碎织物,106,缅甸,2767185.0
202607,63,第63章  其他纺织制成品；成套物品；旧衣着及旧纺织品；碎织物,107,柬埔寨,6496243.0
202607,63,第63章  其他纺织制成品；成套物品；旧衣着及旧纺织品；碎织物,114,伊拉克,17553647.0
202607,63,第63章  其他纺织制成品；成套物品；旧衣着及旧纺织品；碎织物,115,以色列,18292805.0
202607,63,第63章  其他纺织制成品；成套物品；旧衣着及旧纺织品；碎织物,117,约旦,3439293.0
202607,63,第63章  其他纺织制成品；成套物品；旧衣着及旧纺织品；碎织物,121,中国澳门,961141.0
202607,63,第63章  其他纺织制成品；成套物品；旧衣着及旧纺织品；碎织物,128,巴勒斯坦,577134.0
202607,63,第63章  其他纺织制成品；成套物品；旧衣着及旧纺织品；碎织物,130,卡塔尔,2342034.0
202607,63,第63章  其他纺织制成品；成套物品；旧衣着及旧纺织品；碎织物,131,沙特阿拉伯,19418647.0
202607,63,第63章  其他纺织制成品；成套物品；旧衣着及旧纺织品；碎织物,134,斯里兰卡,803484.0
202607,63,第63章  其他纺织制成品；成套物品；旧衣着及旧纺织品；碎织物,144,东帝汶,321135.0
202607,63,第63章  其他纺织制成品；成套物品；旧衣着及旧纺织品；碎织物,146,吉尔吉斯斯坦,37170185.0
202607,63,第63章  其他纺织制成品；成套物品；旧衣着及旧纺织品；碎织物,201,阿尔及利亚,2616010.0
202607,63,第63章  其他纺织制成品；成套物品；旧衣着及旧纺织品；碎织物,214,吉布提,1165402.0
202607,63,第63章  其他纺织制成品；成套物品；旧衣着及旧纺织品；碎织物,215,埃及,2824965.0
202607,63,第63章  其他纺织制成品；成套物品；旧衣着及旧纺织品；碎织物,216,赤道几内亚,226818.0
202607,63,第63章  其他纺织制成品；成套物品；旧衣着及旧纺织品；碎织物,226,利比亚,4912323.0
202607,63,第63章  其他纺织制成品；成套物品；旧衣着及旧纺织品；碎织物,228,马拉维,192857.0
202607,63,第63章  其他纺织制成品；成套物品；旧衣着及旧纺织品；碎织物,229,马里,681853.0
202607,63,第63章  其他纺织制成品；成套物品；旧衣着及旧纺织品；碎织物,232,摩洛哥,3368922.0
202607,63,第63章  其他纺织制成品；成套物品；旧衣着及旧纺织品；碎织物,236,尼日利亚,11292386.0
202607,63,第63章  其他纺织制成品；成套物品；旧衣着及旧纺织品；碎织物,238,卢旺达,403832.0
202607,63,第63章  其他纺织制成品；成套物品；旧衣着及旧纺织品；碎织物,246,苏丹,4256780.0
202607,63,第63章  其他纺织制成品；成套物品；旧衣着及旧纺织品；碎织物,247,坦桑尼亚,14455255.0
202607,63,第63章  其他纺织制成品；成套物品；旧衣着及旧纺织品；碎织物,248,多哥,3041993.0
202607,63,第63章  其他纺织制成品；成套物品；旧衣着及旧纺织品；碎织物,251,布基纳法索,823265.0
202607,63,第63章  其他纺织制成品；成套物品；旧衣着及旧纺织品；碎织物,253,赞比亚,925013.0
202607,63,第63章  其他纺织制成品；成套物品；旧衣着及旧纺织品；碎织物,257,斯威士兰,24112.0
202607,63,第63章  其他纺织制成品；成套物品；旧衣着及旧纺织品；碎织物,302,丹麦,9731046.0
202607,63,第63章  其他纺织制成品；成套物品；旧衣着及旧纺织品；碎织物,308,卢森堡,6689.0
202607,63,第63章  其他纺织制成品；成套物品；旧衣着及旧纺织品；碎织物,311,葡萄牙,4892858.0
202607,63,第63章  其他纺织制成品；成套物品；旧衣着及旧纺织品；碎织物,322,冰岛,524194.0
202607,63,第63章  其他纺织制成品；成套物品；旧衣着及旧纺织品；碎织物,323,列支敦士登,5984.0
202607,63,第63章  其他纺织制成品；成套物品；旧衣着及旧纺织品；碎织物,325,摩纳哥,437.0
202607,63,第63章  其他纺织制成品；成套物品；旧衣着及旧纺织品；碎织物,328,罗马尼亚,12672319.0
202607,63,第63章  其他纺织制成品；成套物品；旧衣着及旧纺织品；碎织物,330,瑞典,17483119.0
202607,63,第63章  其他纺织制成品；成套物品；旧衣着及旧纺织品；碎织物,331,瑞士,3101935.0
202607,63,第63章  其他纺织制成品；成套物品；旧衣着及旧纺织品；碎织物,334,爱沙尼亚,1099231.0
202607,63,第63章  其他纺织制成品；成套物品；旧衣着及旧纺织品；碎织物,335,拉脱维亚,827758.0
202607,63,第63章  其他纺织制成品；成套物品；旧衣着及旧纺织品；碎织物,343,摩尔多瓦,321354.0
202607,63,第63章  其他纺织制成品；成套物品；旧衣着及旧纺织品；碎织物,347,乌克兰,2866853.0
202607,63,第63章  其他纺织制成品；成套物品；旧衣着及旧纺织品；碎织物,352,捷克,5961696.0
202607,63,第63章  其他纺织制成品；成套物品；旧衣着及旧纺织品；碎织物,353,斯洛伐克,2012440.0
202607,63,第63章  其他纺织制成品；成套物品；旧衣着及旧纺织品；碎织物,354,北马其顿,176269.0
202607,63,第63章  其他纺织制成品；成套物品；旧衣着及旧纺织品；碎织物,355,波斯尼亚和黑塞哥维那,232059.0
202607,63,第63章  其他纺织制成品；成套物品；旧衣着及旧纺织品；碎织物,402,阿根廷,11236733.0
202607,63,第63章  其他纺织制成品；成套物品；旧衣着及旧纺织品；碎织物,411,开曼群岛,10630.0
202607,63,第63章  其他纺织制成品；成套物品；旧衣着及旧纺织品；碎织物,412,智利,45242730.0
202607,63,第63章  其他纺织制成品；成套物品；旧衣着及旧纺织品；碎织物,413,哥伦比亚,14029645.0
202607,63,第63章  其他纺织制成品；成套物品；旧衣着及旧纺织品；碎织物,416,古巴,39298.0
202607,63,第63章  其他纺织制成品；成套物品；旧衣着及旧纺织品；碎织物,418,多米尼加 ,6466835.0
202607,63,第63章  其他纺织制成品；成套物品；旧衣着及旧纺织品；碎织物,419,厄瓜多尔,2220815.0
202607,63,第63章  其他纺织制成品；成套物品；旧衣着及旧纺织品；碎织物,423,危地马拉,5427267.0
202607,63,第63章  其他纺织制成品；成套物品；旧衣着及旧纺织品；碎织物,426,洪都拉斯,1763047.0
202607,63,第63章  其他纺织制成品；成套物品；旧衣着及旧纺织品；碎织物,432,巴拿马,15867100.0
202607,63,第63章  其他纺织制成品；成套物品；旧衣着及旧纺织品；碎织物,433,巴拉圭,1059632.0
202607,63,第63章  其他纺织制成品；成套物品；旧衣着及旧纺织品；碎织物,434,秘鲁,16166249.0
202607,63,第63章  其他纺织制成品；成套物品；旧衣着及旧纺织品；碎织物,438,法属圣马丁 ,339.0
202607,63,第63章  其他纺织制成品；成套物品；旧衣着及旧纺织品；碎织物,439,圣文森特和格林纳丁斯 ,38451.0
202607,63,第63章  其他纺织制成品；成套物品；旧衣着及旧纺织品；碎织物,445,委内瑞拉,7700276.0
202607,63,第63章  其他纺织制成品；成套物品；旧衣着及旧纺织品；碎织物,447,圣基茨和尼维斯 ,9914.0
202607,63,第63章  其他纺织制成品；成套物品；旧衣着及旧纺织品；碎织物,449,博纳尔，圣俄斯塔休斯和萨巴 ,480.0
202607,63,第63章  其他纺织制成品；成套物品；旧衣着及旧纺织品；碎织物,504,百慕大,16088.0
202607,63,第63章  其他纺织制成品；成套物品；旧衣着及旧纺织品；碎织物,602,库克群岛,2446.0
202607,63,第63章  其他纺织制成品；成套物品；旧衣着及旧纺织品；碎织物,603,斐济,510772.0
202607,63,第63章  其他纺织制成品；成套物品；旧衣着及旧纺织品；碎织物,606,瑙鲁,41550.0
202607,63,第63章  其他纺织制成品；成套物品；旧衣着及旧纺织品；碎织物,608,瓦努阿图,234708.0
202607,63,第63章  其他纺织制成品；成套物品；旧衣着及旧纺织品；碎织物,609,新西兰,11607572.0
202607,63,第63章  其他纺织制成品；成套物品；旧衣着及旧纺织品；碎织物,611,巴布亚新几内亚,3291670.0
202607,63,第63章  其他纺织制成品；成套物品；旧衣着及旧纺织品；碎织物,613,所罗门群岛,280980.0
202607,63,第63章  其他纺织制成品；成套物品；旧衣着及旧纺织品；碎织物,619,图瓦卢,17926.0
202607,63,第63章  其他纺织制成品；成套物品；旧衣着及旧纺织品；碎织物,620,密克罗尼西亚联邦,3833.0
202607,63,第63章  其他纺织制成品；成套物品；旧衣着及旧纺织品；碎织物,622,帕劳,6025.0
202607,63,第63章  其他纺织制成品；成套物品；旧衣着及旧纺织品；碎织物,623,法属波利尼西亚,479753.0
202607,64,第64章  鞋靴、护腿和类似品及其零件,101,阿富汗,366647.0
202607,64,第64章  鞋靴、护腿和类似品及其零件,103,孟加拉国,24777875.0
202607,64,第64章  鞋靴、护腿和类似品及其零件,105,文莱,301750.0
202607,64,第64章  鞋靴、护腿和类似品及其零件,106,缅甸,11788701.0
202607,64,第64章  鞋靴、护腿和类似品及其零件,107,柬埔寨,32914743.0
202607,64,第64章  鞋靴、护腿和类似品及其零件,114,伊拉克,30098541.0
202607,64,第64章  鞋靴、护腿和类似品及其零件,115,以色列,27843067.0
202607,64,第64章  鞋靴、护腿和类似品及其零件,117,约旦,19448071.0
202607,64,第64章  鞋靴、护腿和类似品及其零件,121,中国澳门,2260324.0
202607,64,第64章  鞋靴、护腿和类似品及其零件,128,巴勒斯坦,211673.0
202607,64,第64章  鞋靴、护腿和类似品及其零件,130,卡塔尔,1754866.0
202607,64,第64章  鞋靴、护腿和类似品及其零件,131,沙特阿拉伯,37378029.0
202607,64,第64章  鞋靴、护腿和类似品及其零件,134,斯里兰卡,2585424.0
202607,64,第64章  鞋靴、护腿和类似品及其零件,144,东帝汶,443534.0
202607,64,第64章  鞋靴、护腿和类似品及其零件,146,吉尔吉斯斯坦,109074119.0
202607,64,第64章  鞋靴、护腿和类似品及其零件,201,阿尔及利亚,28301547.0
202607,64,第64章  鞋靴、护腿和类似品及其零件,214,吉布提,13962465.0
202607,64,第64章  鞋靴、护腿和类似品及其零件,215,埃及,10237698.0
202607,64,第64章  鞋靴、护腿和类似品及其零件,216,赤道几内亚,279013.0
202607,64,第64章  鞋靴、护腿和类似品及其零件,226,利比亚,7233241.0
202607,64,第64章  鞋靴、护腿和类似品及其零件,228,马拉维,37665.0
202607,64,第64章  鞋靴、护腿和类似品及其零件,229,马里,996841.0
202607,64,第64章  鞋靴、护腿和类似品及其零件,232,摩洛哥,17339183.0
202607,64,第64章  鞋靴、护腿和类似品及其零件,236,尼日利亚,36337091.0
202607,64,第64章  鞋靴、护腿和类似品及其零件,238,卢旺达,204584.0
202607,64,第64章  鞋靴、护腿和类似品及其零件,246,苏丹,9406940.0
202607,64,第64章  鞋靴、护腿和类似品及其零件,247,坦桑尼亚,31508115.0
202607,64,第64章  鞋靴、护腿和类似品及其零件,248,多哥,16030103.0
202607,64,第64章  鞋靴、护腿和类似品及其零件,251,布基纳法索,425428.0
202607,64,第64章  鞋靴、护腿和类似品及其零件,253,赞比亚,1309093.0
202607,64,第64章  鞋靴、护腿和类似品及其零件,257,斯威士兰,3386.0
202607,64,第64章  鞋靴、护腿和类似品及其零件,302,丹麦,16050037.0
202607,64,第64章  鞋靴、护腿和类似品及其零件,311,葡萄牙,10090576.0
202607,64,第64章  鞋靴、护腿和类似品及其零件,322,冰岛,12564.0
202607,64,第64章  鞋靴、护腿和类似品及其零件,325,摩纳哥,10787.0
202607,64,第64章  鞋靴、护腿和类似品及其零件,328,罗马尼亚,20161917.0
202607,64,第64章  鞋靴、护腿和类似品及其零件,329,圣马力诺,10058.0
202607,64,第64章  鞋靴、护腿和类似品及其零件,330,瑞典,16774822.0
202607,64,第64章  鞋靴、护腿和类似品及其零件,331,瑞士,2915058.0
202607,64,第64章  鞋靴、护腿和类似品及其零件,334,爱沙尼亚,1415044.0
202607,64,第64章  鞋靴、护腿和类似品及其零件,335,拉脱维亚,1164862.0
202607,64,第64章  鞋靴、护腿和类似品及其零件,343,摩尔多瓦,401335.0
202607,64,第64章  鞋靴、护腿和类似品及其零件,347,乌克兰,13275272.0
202607,64,第64章  鞋靴、护腿和类似品及其零件,352,捷克,9693204.0
202607,64,第64章  鞋靴、护腿和类似品及其零件,353,斯洛伐克,1539557.0
202607,64,第64章  鞋靴、护腿和类似品及其零件,354,北马其顿,384374.0
202607,64,第64章  鞋靴、护腿和类似品及其零件,355,波斯尼亚和黑塞哥维那,1032298.0
202607,64,第64章  鞋靴、护腿和类似品及其零件,402,阿根廷,4049153.0
202607,64,第64章  鞋靴、护腿和类似品及其零件,412,智利,59171253.0
202607,64,第64章  鞋靴、护腿和类似品及其零件,413,哥伦比亚,26388943.0
202607,64,第64章  鞋靴、护腿和类似品及其零件,416,古巴,87830.0
202607,64,第64章  鞋靴、护腿和类似品及其零件,418,多米尼加 ,10593604.0
202607,64,第64章  鞋靴、护腿和类似品及其零件,419,厄瓜多尔,3055309.0
202607,64,第64章  鞋靴、护腿和类似品及其零件,423,危地马拉,9477814.0
202607,64,第64章  鞋靴、护腿和类似品及其零件,426,洪都拉斯,2445646.0
202607,64,第64章  鞋靴、护腿和类似品及其零件,432,巴拿马,55519637.0
202607,64,第64章  鞋靴、护腿和类似品及其零件,433,巴拉圭,649373.0
202607,64,第64章  鞋靴、护腿和类似品及其零件,434,秘鲁,27671845.0
202607,64,第64章  鞋靴、护腿和类似品及其零件,445,委内瑞拉,16609298.0
202607,64,第64章  鞋靴、护腿和类似品及其零件,447,圣基茨和尼维斯 ,3970.0
202607,64,第64章  鞋靴、护腿和类似品及其零件,504,百慕大,1906.0
202607,64,第64章  鞋靴、护腿和类似品及其零件,602,库克群岛,885.0
202607,64,第64章  鞋靴、护腿和类似品及其零件,603,斐济,653963.0
202607,64,第64章  鞋靴、护腿和类似品及其零件,606,瑙鲁,2672.0
202607,64,第64章  鞋靴、护腿和类似品及其零件,608,瓦努阿图,262162.0
202607,64,第64章  鞋靴、护腿和类似品及其零件,609,新西兰,6674761.0
202607,64,第64章  鞋靴、护腿和类似品及其零件,611,巴布亚新几内亚,2607651.0
202607,64,第64章  鞋靴、护腿和类似品及其零件,613,所罗门群岛,284165.0
202607,64,第64章  鞋靴、护腿和类似品及其零件,619,图瓦卢,3559.0
202607,64,第64章  鞋靴、护腿和类似品及其零件,620,密克罗尼西亚联邦,8705.0
202607,64,第64章  鞋靴、护腿和类似品及其零件,622,帕劳,25025.0
202607,64,第64章  鞋靴、护腿和类似品及其零件,623,法属波利尼西亚,13488.0
202607,65,第65章  帽类及其零件,101,阿富汗,37202.0
202607,65,第65章  帽类及其零件,103,孟加拉国,855342.0
202607,65,第65章  帽类及其零件,105,文莱,4185.0
202607,65,第65章  帽类及其零件,106,缅甸,728283.0
202607,65,第65章  帽类及其零件,107,柬埔寨,1060922.0
202607,65,第65章  帽类及其零件,114,伊拉克,1892563.0
202607,65,第65章  帽类及其零件,115,以色列,2776367.0
202607,65,第65章  帽类及其零件,117,约旦,299394.0
202607,65,第65章  帽类及其零件,121,中国澳门,83265.0
202607,65,第65章  帽类及其零件,128,巴勒斯坦,13653.0
202607,65,第65章  帽类及其零件,130,卡塔尔,143582.0
202607,65,第65章  帽类及其零件,131,沙特阿拉伯,2889193.0
202607,65,第65章  帽类及其零件,134,斯里兰卡,369662.0
202607,65,第65章  帽类及其零件,144,东帝汶,8197.0
202607,65,第65章  帽类及其零件,146,吉尔吉斯斯坦,1299744.0
202607,65,第65章  帽类及其零件,201,阿尔及利亚,1523991.0
202607,65,第65章  帽类及其零件,214,吉布提,124745.0
202607,65,第65章  帽类及其零件,215,埃及,891232.0
202607,65,第65章  帽类及其零件,216,赤道几内亚,5228.0
202607,65,第65章  帽类及其零件,226,利比亚,312469.0
202607,65,第65章  帽类及其零件,228,马拉维,69474.0
202607,65,第65章  帽类及其零件,229,马里,24192.0
202607,65,第65章  帽类及其零件,232,摩洛哥,1548770.0
202607,65,第65章  帽类及其零件,236,尼日利亚,3989121.0
202607,65,第65章  帽类及其零件,238,卢旺达,51189.0
202607,65,第65章  帽类及其零件,246,苏丹,152274.0
202607,65,第65章  帽类及其零件,247,坦桑尼亚,1724771.0
202607,65,第65章  帽类及其零件,248,多哥,2144123.0
202607,65,第65章  帽类及其零件,251,布基纳法索,50927.0
202607,65,第65章  帽类及其零件,253,赞比亚,70989.0
202607,65,第65章  帽类及其零件,257,斯威士兰,2072.0
202607,65,第65章  帽类及其零件,302,丹麦,4097491.0
202607,65,第65章  帽类及其零件,308,卢森堡,6351.0
202607,65,第65章  帽类及其零件,311,葡萄牙,1031100.0
202607,65,第65章  帽类及其零件,322,冰岛,35165.0
202607,65,第65章  帽类及其零件,325,摩纳哥,5801.0
202607,65,第65章  帽类及其零件,328,罗马尼亚,1276217.0
202607,65,第65章  帽类及其零件,329,圣马力诺,713.0
202607,65,第65章  帽类及其零件,330,瑞典,6781360.0
202607,65,第65章  帽类及其零件,331,瑞士,2001874.0
202607,65,第65章  帽类及其零件,334,爱沙尼亚,65059.0
202607,65,第65章  帽类及其零件,335,拉脱维亚,155546.0
202607,65,第65章  帽类及其零件,343,摩尔多瓦,40769.0
202607,65,第65章  帽类及其零件,347,乌克兰,589540.0
202607,65,第65章  帽类及其零件,352,捷克,1834662.0
202607,65,第65章  帽类及其零件,353,斯洛伐克,286120.0
202607,65,第65章  帽类及其零件,354,北马其顿,10327.0
202607,65,第65章  帽类及其零件,355,波斯尼亚和黑塞哥维那,24003.0
202607,65,第65章  帽类及其零件,402,阿根廷,3355001.0
202607,65,第65章  帽类及其零件,411,开曼群岛,502.0
202607,65,第65章  帽类及其零件,412,智利,5505837.0
202607,65,第65章  帽类及其零件,413,哥伦比亚,7857398.0
202607,65,第65章  帽类及其零件,416,古巴,58726.0
202607,65,第65章  帽类及其零件,418,多米尼加 ,822152.0
202607,65,第65章  帽类及其零件,419,厄瓜多尔,1411953.0
202607,65,第65章  帽类及其零件,423,危地马拉,943629.0
202607,65,第65章  帽类及其零件,426,洪都拉斯,882496.0
202607,65,第65章  帽类及其零件,432,巴拿马,1780573.0
202607,65,第65章  帽类及其零件,433,巴拉圭,721063.0
202607,65,第65章  帽类及其零件,434,秘鲁,3906837.0
202607,65,第65章  帽类及其零件,438,法属圣马丁 ,12268.0
202607,65,第65章  帽类及其零件,439,圣文森特和格林纳丁斯 ,4640.0
202607,65,第65章  帽类及其零件,445,委内瑞拉,1794888.0
202607,65,第65章  帽类及其零件,447,圣基茨和尼维斯 ,23816.0
202607,65,第65章  帽类及其零件,504,百慕大,1035.0
202607,65,第65章  帽类及其零件,602,库克群岛,3502.0
202607,65,第65章  帽类及其零件,603,斐济,65950.0
202607,65,第65章  帽类及其零件,606,瑙鲁,10.0
202607,65,第65章  帽类及其零件,608,瓦努阿图,14833.0
202607,65,第65章  帽类及其零件,609,新西兰,2452045.0
202607,65,第65章  帽类及其零件,611,巴布亚新几内亚,289762.0
202607,65,第65章  帽类及其零件,613,所罗门群岛,12061.0
202607,65,第65章  帽类及其零件,622,帕劳,101.0
202607,65,第65章  帽类及其零件,623,法属波利尼西亚,27130.0
202607,66,第66章  雨伞、阳伞、手杖、鞭子、马鞭及其零件,101,阿富汗,47927.0
202607,66,第66章  雨伞、阳伞、手杖、鞭子、马鞭及其零件,103,孟加拉国,1799683.0
202607,66,第66章  雨伞、阳伞、手杖、鞭子、马鞭及其零件,105,文莱,20306.0
202607,66,第66章  雨伞、阳伞、手杖、鞭子、马鞭及其零件,106,缅甸,236367.0
202607,66,第66章  雨伞、阳伞、手杖、鞭子、马鞭及其零件,107,柬埔寨,3649141.0
202607,66,第66章  雨伞、阳伞、手杖、鞭子、马鞭及其零件,114,伊拉克,1256240.0
202607,66,第66章  雨伞、阳伞、手杖、鞭子、马鞭及其零件,115,以色列,2039451.0
202607,66,第66章  雨伞、阳伞、手杖、鞭子、马鞭及其零件,117,约旦,115159.0
202607,66,第66章  雨伞、阳伞、手杖、鞭子、马鞭及其零件,121,中国澳门,66965.0
202607,66,第66章  雨伞、阳伞、手杖、鞭子、马鞭及其零件,128,巴勒斯坦,7648.0
202607,66,第66章  雨伞、阳伞、手杖、鞭子、马鞭及其零件,130,卡塔尔,45244.0
202607,66,第66章  雨伞、阳伞、手杖、鞭子、马鞭及其零件,131,沙特阿拉伯,986210.0
202607,66,第66章  雨伞、阳伞、手杖、鞭子、马鞭及其零件,134,斯里兰卡,269384.0
202607,66,第66章  雨伞、阳伞、手杖、鞭子、马鞭及其零件,144,东帝汶,28336.0
202607,66,第66章  雨伞、阳伞、手杖、鞭子、马鞭及其零件,146,吉尔吉斯斯坦,1357935.0
202607,66,第66章  雨伞、阳伞、手杖、鞭子、马鞭及其零件,201,阿尔及利亚,1222768.0
202607,66,第66章  雨伞、阳伞、手杖、鞭子、马鞭及其零件,214,吉布提,779006.0
202607,66,第66章  雨伞、阳伞、手杖、鞭子、马鞭及其零件,215,埃及,165856.0
202607,66,第66章  雨伞、阳伞、手杖、鞭子、马鞭及其零件,216,赤道几内亚,30377.0
202607,66,第66章  雨伞、阳伞、手杖、鞭子、马鞭及其零件,226,利比亚,102748.0
202607,66,第66章  雨伞、阳伞、手杖、鞭子、马鞭及其零件,228,马拉维,795.0
202607,66,第66章  雨伞、阳伞、手杖、鞭子、马鞭及其零件,229,马里,2547.0
202607,66,第66章  雨伞、阳伞、手杖、鞭子、马鞭及其零件,232,摩洛哥,1731951.0
202607,66,第66章  雨伞、阳伞、手杖、鞭子、马鞭及其零件,236,尼日利亚,1959809.0
202607,66,第66章  雨伞、阳伞、手杖、鞭子、马鞭及其零件,238,卢旺达,149872.0
202607,66,第66章  雨伞、阳伞、手杖、鞭子、马鞭及其零件,246,苏丹,27305.0
202607,66,第66章  雨伞、阳伞、手杖、鞭子、马鞭及其零件,247,坦桑尼亚,1101527.0
202607,66,第66章  雨伞、阳伞、手杖、鞭子、马鞭及其零件,248,多哥,235110.0
202607,66,第66章  雨伞、阳伞、手杖、鞭子、马鞭及其零件,251,布基纳法索,2370.0
202607,66,第66章  雨伞、阳伞、手杖、鞭子、马鞭及其零件,253,赞比亚,102612.0
202607,66,第66章  雨伞、阳伞、手杖、鞭子、马鞭及其零件,257,斯威士兰,438.0
202607,66,第66章  雨伞、阳伞、手杖、鞭子、马鞭及其零件,302,丹麦,177149.0
202607,66,第66章  雨伞、阳伞、手杖、鞭子、马鞭及其零件,308,卢森堡,80.0
202607,66,第66章  雨伞、阳伞、手杖、鞭子、马鞭及其零件,311,葡萄牙,1305369.0
202607,66,第66章  雨伞、阳伞、手杖、鞭子、马鞭及其零件,328,罗马尼亚,791168.0
202607,66,第66章  雨伞、阳伞、手杖、鞭子、马鞭及其零件,330,瑞典,434287.0
202607,66,第66章  雨伞、阳伞、手杖、鞭子、马鞭及其零件,331,瑞士,383321.0
202607,66,第66章  雨伞、阳伞、手杖、鞭子、马鞭及其零件,334,爱沙尼亚,13286.0
202607,66,第66章  雨伞、阳伞、手杖、鞭子、马鞭及其零件,335,拉脱维亚,10954.0
202607,66,第66章  雨伞、阳伞、手杖、鞭子、马鞭及其零件,343,摩尔多瓦,4105.0
202607,66,第66章  雨伞、阳伞、手杖、鞭子、马鞭及其零件,347,乌克兰,418956.0
202607,66,第66章  雨伞、阳伞、手杖、鞭子、马鞭及其零件,352,捷克,688665.0
202607,66,第66章  雨伞、阳伞、手杖、鞭子、马鞭及其零件,353,斯洛伐克,524.0
202607,66,第66章  雨伞、阳伞、手杖、鞭子、马鞭及其零件,355,波斯尼亚和黑塞哥维那,76934.0
202607,66,第66章  雨伞、阳伞、手杖、鞭子、马鞭及其零件,402,阿根廷,1609131.0
202607,66,第66章  雨伞、阳伞、手杖、鞭子、马鞭及其零件,411,开曼群岛,672.0
202607,66,第66章  雨伞、阳伞、手杖、鞭子、马鞭及其零件,412,智利,2311979.0
202607,66,第66章  雨伞、阳伞、手杖、鞭子、马鞭及其零件,413,哥伦比亚,2560777.0
202607,66,第66章  雨伞、阳伞、手杖、鞭子、马鞭及其零件,416,古巴,24624.0
202607,66,第66章  雨伞、阳伞、手杖、鞭子、马鞭及其零件,418,多米尼加 ,499540.0
202607,66,第66章  雨伞、阳伞、手杖、鞭子、马鞭及其零件,419,厄瓜多尔,812352.0
202607,66,第66章  雨伞、阳伞、手杖、鞭子、马鞭及其零件,423,危地马拉,612048.0
202607,66,第66章  雨伞、阳伞、手杖、鞭子、马鞭及其零件,426,洪都拉斯,374710.0
202607,66,第66章  雨伞、阳伞、手杖、鞭子、马鞭及其零件,432,巴拿马,823450.0
202607,66,第66章  雨伞、阳伞、手杖、鞭子、马鞭及其零件,433,巴拉圭,72455.0
202607,66,第66章  雨伞、阳伞、手杖、鞭子、马鞭及其零件,434,秘鲁,997055.0
202607,66,第66章  雨伞、阳伞、手杖、鞭子、马鞭及其零件,439,圣文森特和格林纳丁斯 ,26209.0
202607,66,第66章  雨伞、阳伞、手杖、鞭子、马鞭及其零件,445,委内瑞拉,526741.0
202607,66,第66章  雨伞、阳伞、手杖、鞭子、马鞭及其零件,447,圣基茨和尼维斯 ,294.0
202607,66,第66章  雨伞、阳伞、手杖、鞭子、马鞭及其零件,602,库克群岛,35.0
202607,66,第66章  雨伞、阳伞、手杖、鞭子、马鞭及其零件,603,斐济,70567.0
202607,66,第66章  雨伞、阳伞、手杖、鞭子、马鞭及其零件,608,瓦努阿图,65463.0
202607,66,第66章  雨伞、阳伞、手杖、鞭子、马鞭及其零件,609,新西兰,925212.0
202607,66,第66章  雨伞、阳伞、手杖、鞭子、马鞭及其零件,611,巴布亚新几内亚,764791.0
202607,66,第66章  雨伞、阳伞、手杖、鞭子、马鞭及其零件,613,所罗门群岛,29474.0
202607,66,第66章  雨伞、阳伞、手杖、鞭子、马鞭及其零件,620,密克罗尼西亚联邦,260.0
202607,66,第66章  雨伞、阳伞、手杖、鞭子、马鞭及其零件,622,帕劳,269.0
202607,66,第66章  雨伞、阳伞、手杖、鞭子、马鞭及其零件,623,法属波利尼西亚,8860.0
202607,67,第67章  已加工羽毛、羽绒及其制品；人造花；人发制品,101,阿富汗,74585.0
202607,67,第67章  已加工羽毛、羽绒及其制品；人造花；人发制品,103,孟加拉国,647258.0
202607,67,第67章  已加工羽毛、羽绒及其制品；人造花；人发制品,105,文莱,59704.0
202607,67,第67章  已加工羽毛、羽绒及其制品；人造花；人发制品,106,缅甸,67780.0
202607,67,第67章  已加工羽毛、羽绒及其制品；人造花；人发制品,107,柬埔寨,1157591.0
202607,67,第67章  已加工羽毛、羽绒及其制品；人造花；人发制品,114,伊拉克,3322462.0
202607,67,第67章  已加工羽毛、羽绒及其制品；人造花；人发制品,115,以色列,2904358.0
202607,67,第67章  已加工羽毛、羽绒及其制品；人造花；人发制品,117,约旦,1278778.0
202607,67,第67章  已加工羽毛、羽绒及其制品；人造花；人发制品,121,中国澳门,23378.0
202607,67,第67章  已加工羽毛、羽绒及其制品；人造花；人发制品,128,巴勒斯坦,189426.0
202607,67,第67章  已加工羽毛、羽绒及其制品；人造花；人发制品,130,卡塔尔,144214.0
202607,67,第67章  已加工羽毛、羽绒及其制品；人造花；人发制品,131,沙特阿拉伯,5271313.0
202607,67,第67章  已加工羽毛、羽绒及其制品；人造花；人发制品,134,斯里兰卡,152418.0
202607,67,第67章  已加工羽毛、羽绒及其制品；人造花；人发制品,144,东帝汶,48042.0
202607,67,第67章  已加工羽毛、羽绒及其制品；人造花；人发制品,146,吉尔吉斯斯坦,1552130.0
202607,67,第67章  已加工羽毛、羽绒及其制品；人造花；人发制品,201,阿尔及利亚,562746.0
202607,67,第67章  已加工羽毛、羽绒及其制品；人造花；人发制品,214,吉布提,65577.0
202607,67,第67章  已加工羽毛、羽绒及其制品；人造花；人发制品,215,埃及,2288250.0
202607,67,第67章  已加工羽毛、羽绒及其制品；人造花；人发制品,216,赤道几内亚,10591.0
202607,67,第67章  已加工羽毛、羽绒及其制品；人造花；人发制品,226,利比亚,675138.0
202607,67,第67章  已加工羽毛、羽绒及其制品；人造花；人发制品,229,马里,3784.0
202607,67,第67章  已加工羽毛、羽绒及其制品；人造花；人发制品,232,摩洛哥,807797.0
202607,67,第67章  已加工羽毛、羽绒及其制品；人造花；人发制品,236,尼日利亚,33197783.0
202607,67,第67章  已加工羽毛、羽绒及其制品；人造花；人发制品,238,卢旺达,4744.0
202607,67,第67章  已加工羽毛、羽绒及其制品；人造花；人发制品,246,苏丹,46464.0
202607,67,第67章  已加工羽毛、羽绒及其制品；人造花；人发制品,247,坦桑尼亚,1016774.0
202607,67,第67章  已加工羽毛、羽绒及其制品；人造花；人发制品,248,多哥,747245.0
202607,67,第67章  已加工羽毛、羽绒及其制品；人造花；人发制品,251,布基纳法索,5976.0
202607,67,第67章  已加工羽毛、羽绒及其制品；人造花；人发制品,253,赞比亚,933435.0
202607,67,第67章  已加工羽毛、羽绒及其制品；人造花；人发制品,257,斯威士兰,925.0
202607,67,第67章  已加工羽毛、羽绒及其制品；人造花；人发制品,302,丹麦,2648993.0
202607,67,第67章  已加工羽毛、羽绒及其制品；人造花；人发制品,308,卢森堡,7160.0
202607,67,第67章  已加工羽毛、羽绒及其制品；人造花；人发制品,311,葡萄牙,1863031.0
202607,67,第67章  已加工羽毛、羽绒及其制品；人造花；人发制品,322,冰岛,6837.0
202607,67,第67章  已加工羽毛、羽绒及其制品；人造花；人发制品,328,罗马尼亚,2858500.0
202607,67,第67章  已加工羽毛、羽绒及其制品；人造花；人发制品,330,瑞典,2516479.0
202607,67,第67章  已加工羽毛、羽绒及其制品；人造花；人发制品,331,瑞士,685519.0
202607,67,第67章  已加工羽毛、羽绒及其制品；人造花；人发制品,334,爱沙尼亚,56700.0
202607,67,第67章  已加工羽毛、羽绒及其制品；人造花；人发制品,335,拉脱维亚,118741.0
202607,67,第67章  已加工羽毛、羽绒及其制品；人造花；人发制品,343,摩尔多瓦,16308.0
202607,67,第67章  已加工羽毛、羽绒及其制品；人造花；人发制品,347,乌克兰,420542.0
202607,67,第67章  已加工羽毛、羽绒及其制品；人造花；人发制品,352,捷克,505668.0
202607,67,第67章  已加工羽毛、羽绒及其制品；人造花；人发制品,353,斯洛伐克,314994.0
202607,67,第67章  已加工羽毛、羽绒及其制品；人造花；人发制品,354,北马其顿,752.0
202607,67,第67章  已加工羽毛、羽绒及其制品；人造花；人发制品,355,波斯尼亚和黑塞哥维那,14442.0
202607,67,第67章  已加工羽毛、羽绒及其制品；人造花；人发制品,402,阿根廷,2060656.0
202607,67,第67章  已加工羽毛、羽绒及其制品；人造花；人发制品,411,开曼群岛,1243.0
202607,67,第67章  已加工羽毛、羽绒及其制品；人造花；人发制品,412,智利,4358145.0
202607,67,第67章  已加工羽毛、羽绒及其制品；人造花；人发制品,413,哥伦比亚,5996686.0
202607,67,第67章  已加工羽毛、羽绒及其制品；人造花；人发制品,418,多米尼加 ,1544185.0
202607,67,第67章  已加工羽毛、羽绒及其制品；人造花；人发制品,419,厄瓜多尔,1012571.0
202607,67,第67章  已加工羽毛、羽绒及其制品；人造花；人发制品,423,危地马拉,1291002.0
202607,67,第67章  已加工羽毛、羽绒及其制品；人造花；人发制品,426,洪都拉斯,727635.0
202607,67,第67章  已加工羽毛、羽绒及其制品；人造花；人发制品,432,巴拿马,2295348.0
202607,67,第67章  已加工羽毛、羽绒及其制品；人造花；人发制品,433,巴拉圭,448320.0
202607,67,第67章  已加工羽毛、羽绒及其制品；人造花；人发制品,434,秘鲁,2983224.0
202607,67,第67章  已加工羽毛、羽绒及其制品；人造花；人发制品,439,圣文森特和格林纳丁斯 ,16865.0
202607,67,第67章  已加工羽毛、羽绒及其制品；人造花；人发制品,445,委内瑞拉,635377.0
202607,67,第67章  已加工羽毛、羽绒及其制品；人造花；人发制品,447,圣基茨和尼维斯 ,2205.0
202607,67,第67章  已加工羽毛、羽绒及其制品；人造花；人发制品,504,百慕大,1968.0
202607,67,第67章  已加工羽毛、羽绒及其制品；人造花；人发制品,602,库克群岛,863.0
202607,67,第67章  已加工羽毛、羽绒及其制品；人造花；人发制品,603,斐济,78792.0
202607,67,第67章  已加工羽毛、羽绒及其制品；人造花；人发制品,608,瓦努阿图,12079.0
202607,67,第67章  已加工羽毛、羽绒及其制品；人造花；人发制品,609,新西兰,576013.0
202607,67,第67章  已加工羽毛、羽绒及其制品；人造花；人发制品,611,巴布亚新几内亚,330257.0
202607,67,第67章  已加工羽毛、羽绒及其制品；人造花；人发制品,613,所罗门群岛,16392.0
202607,67,第67章  已加工羽毛、羽绒及其制品；人造花；人发制品,620,密克罗尼西亚联邦,6720.0
202607,67,第67章  已加工羽毛、羽绒及其制品；人造花；人发制品,622,帕劳,3190.0
202607,67,第67章  已加工羽毛、羽绒及其制品；人造花；人发制品,623,法属波利尼西亚,46436.0
202607,68,第68章  石料、石膏、水泥、石棉、云母及类似材料的制品,101,阿富汗,141991.0
202607,68,第68章  石料、石膏、水泥、石棉、云母及类似材料的制品,103,孟加拉国,1815365.0
202607,68,第68章  石料、石膏、水泥、石棉、云母及类似材料的制品,105,文莱,71544.0
202607,68,第68章  石料、石膏、水泥、石棉、云母及类似材料的制品,106,缅甸,1480996.0
202607,68,第68章  石料、石膏、水泥、石棉、云母及类似材料的制品,107,柬埔寨,3318226.0
202607,68,第68章  石料、石膏、水泥、石棉、云母及类似材料的制品,114,伊拉克,2789367.0
202607,68,第68章  石料、石膏、水泥、石棉、云母及类似材料的制品,115,以色列,4548831.0
202607,68,第68章  石料、石膏、水泥、石棉、云母及类似材料的制品,117,约旦,576860.0
202607,68,第68章  石料、石膏、水泥、石棉、云母及类似材料的制品,121,中国澳门,4377722.0
202607,68,第68章  石料、石膏、水泥、石棉、云母及类似材料的制品,128,巴勒斯坦,10568.0
202607,68,第68章  石料、石膏、水泥、石棉、云母及类似材料的制品,130,卡塔尔,1600256.0
202607,68,第68章  石料、石膏、水泥、石棉、云母及类似材料的制品,131,沙特阿拉伯,8868928.0
202607,68,第68章  石料、石膏、水泥、石棉、云母及类似材料的制品,134,斯里兰卡,440586.0
202607,68,第68章  石料、石膏、水泥、石棉、云母及类似材料的制品,144,东帝汶,16974.0
202607,68,第68章  石料、石膏、水泥、石棉、云母及类似材料的制品,146,吉尔吉斯斯坦,5170231.0
202607,68,第68章  石料、石膏、水泥、石棉、云母及类似材料的制品,201,阿尔及利亚,1844746.0
202607,68,第68章  石料、石膏、水泥、石棉、云母及类似材料的制品,214,吉布提,333675.0
202607,68,第68章  石料、石膏、水泥、石棉、云母及类似材料的制品,215,埃及,5177782.0
202607,68,第68章  石料、石膏、水泥、石棉、云母及类似材料的制品,216,赤道几内亚,20264.0
202607,68,第68章  石料、石膏、水泥、石棉、云母及类似材料的制品,226,利比亚,341726.0
202607,68,第68章  石料、石膏、水泥、石棉、云母及类似材料的制品,228,马拉维,41495.0
202607,68,第68章  石料、石膏、水泥、石棉、云母及类似材料的制品,229,马里,34871.0
202607,68,第68章  石料、石膏、水泥、石棉、云母及类似材料的制品,232,摩洛哥,988323.0
202607,68,第68章  石料、石膏、水泥、石棉、云母及类似材料的制品,236,尼日利亚,2495998.0
202607,68,第68章  石料、石膏、水泥、石棉、云母及类似材料的制品,238,卢旺达,30035.0
202607,68,第68章  石料、石膏、水泥、石棉、云母及类似材料的制品,246,苏丹,224437.0
202607,68,第68章  石料、石膏、水泥、石棉、云母及类似材料的制品,247,坦桑尼亚,681821.0
202607,68,第68章  石料、石膏、水泥、石棉、云母及类似材料的制品,248,多哥,85468.0
202607,68,第68章  石料、石膏、水泥、石棉、云母及类似材料的制品,251,布基纳法索,140307.0
202607,68,第68章  石料、石膏、水泥、石棉、云母及类似材料的制品,253,赞比亚,679949.0
202607,68,第68章  石料、石膏、水泥、石棉、云母及类似材料的制品,302,丹麦,1179600.0
202607,68,第68章  石料、石膏、水泥、石棉、云母及类似材料的制品,308,卢森堡,34111.0
202607,68,第68章  石料、石膏、水泥、石棉、云母及类似材料的制品,311,葡萄牙,1588794.0
202607,68,第68章  石料、石膏、水泥、石棉、云母及类似材料的制品,322,冰岛,58655.0
202607,68,第68章  石料、石膏、水泥、石棉、云母及类似材料的制品,328,罗马尼亚,1089996.0
202607,68,第68章  石料、石膏、水泥、石棉、云母及类似材料的制品,330,瑞典,2425933.0
202607,68,第68章  石料、石膏、水泥、石棉、云母及类似材料的制品,331,瑞士,602620.0
202607,68,第68章  石料、石膏、水泥、石棉、云母及类似材料的制品,334,爱沙尼亚,308146.0
202607,68,第68章  石料、石膏、水泥、石棉、云母及类似材料的制品,335,拉脱维亚,155835.0
202607,68,第68章  石料、石膏、水泥、石棉、云母及类似材料的制品,343,摩尔多瓦,206856.0
202607,68,第68章  石料、石膏、水泥、石棉、云母及类似材料的制品,347,乌克兰,2422832.0
202607,68,第68章  石料、石膏、水泥、石棉、云母及类似材料的制品,352,捷克,2853183.0
202607,68,第68章  石料、石膏、水泥、石棉、云母及类似材料的制品,353,斯洛伐克,1324691.0
202607,68,第68章  石料、石膏、水泥、石棉、云母及类似材料的制品,354,北马其顿,72612.0
202607,68,第68章  石料、石膏、水泥、石棉、云母及类似材料的制品,355,波斯尼亚和黑塞哥维那,19543.0
202607,68,第68章  石料、石膏、水泥、石棉、云母及类似材料的制品,402,阿根廷,2217228.0
202607,68,第68章  石料、石膏、水泥、石棉、云母及类似材料的制品,411,开曼群岛,5868.0
202607,68,第68章  石料、石膏、水泥、石棉、云母及类似材料的制品,412,智利,2892013.0
202607,68,第68章  石料、石膏、水泥、石棉、云母及类似材料的制品,413,哥伦比亚,2315417.0
202607,68,第68章  石料、石膏、水泥、石棉、云母及类似材料的制品,416,古巴,30741.0
202607,68,第68章  石料、石膏、水泥、石棉、云母及类似材料的制品,418,多米尼加 ,543134.0
202607,68,第68章  石料、石膏、水泥、石棉、云母及类似材料的制品,419,厄瓜多尔,367508.0
202607,68,第68章  石料、石膏、水泥、石棉、云母及类似材料的制品,423,危地马拉,699287.0
202607,68,第68章  石料、石膏、水泥、石棉、云母及类似材料的制品,426,洪都拉斯,129859.0
202607,68,第68章  石料、石膏、水泥、石棉、云母及类似材料的制品,432,巴拿马,755022.0
202607,68,第68章  石料、石膏、水泥、石棉、云母及类似材料的制品,433,巴拉圭,193212.0
202607,68,第68章  石料、石膏、水泥、石棉、云母及类似材料的制品,434,秘鲁,1537387.0
202607,68,第68章  石料、石膏、水泥、石棉、云母及类似材料的制品,439,圣文森特和格林纳丁斯 ,101.0
202607,68,第68章  石料、石膏、水泥、石棉、云母及类似材料的制品,445,委内瑞拉,1390071.0
202607,68,第68章  石料、石膏、水泥、石棉、云母及类似材料的制品,447,圣基茨和尼维斯 ,15678.0
202607,68,第68章  石料、石膏、水泥、石棉、云母及类似材料的制品,449,博纳尔，圣俄斯塔休斯和萨巴 ,3463.0
202607,68,第68章  石料、石膏、水泥、石棉、云母及类似材料的制品,504,百慕大,1.0
202607,68,第68章  石料、石膏、水泥、石棉、云母及类似材料的制品,603,斐济,240491.0
202607,68,第68章  石料、石膏、水泥、石棉、云母及类似材料的制品,606,瑙鲁,8819.0
202607,68,第68章  石料、石膏、水泥、石棉、云母及类似材料的制品,608,瓦努阿图,5315.0
202607,68,第68章  石料、石膏、水泥、石棉、云母及类似材料的制品,609,新西兰,3013932.0
202607,68,第68章  石料、石膏、水泥、石棉、云母及类似材料的制品,611,巴布亚新几内亚,954412.0
202607,68,第68章  石料、石膏、水泥、石棉、云母及类似材料的制品,613,所罗门群岛,12484.0
202607,68,第68章  石料、石膏、水泥、石棉、云母及类似材料的制品,620,密克罗尼西亚联邦,204.0
202607,68,第68章  石料、石膏、水泥、石棉、云母及类似材料的制品,622,帕劳,53855.0
202607,68,第68章  石料、石膏、水泥、石棉、云母及类似材料的制品,623,法属波利尼西亚,12999.0
202607,69,第69章  陶瓷产品,101,阿富汗,503697.0
202607,69,第69章  陶瓷产品,103,孟加拉国,2304059.0
202607,69,第69章  陶瓷产品,105,文莱,287807.0
202607,69,第69章  陶瓷产品,106,缅甸,3330863.0
202607,69,第69章  陶瓷产品,107,柬埔寨,6817030.0
202607,69,第69章  陶瓷产品,114,伊拉克,9307235.0
202607,69,第69章  陶瓷产品,115,以色列,6437417.0
202607,69,第69章  陶瓷产品,117,约旦,1747171.0
202607,69,第69章  陶瓷产品,121,中国澳门,1674428.0
202607,69,第69章  陶瓷产品,128,巴勒斯坦,150571.0
202607,69,第69章  陶瓷产品,130,卡塔尔,1459783.0
202607,69,第69章  陶瓷产品,131,沙特阿拉伯,8647746.0
202607,69,第69章  陶瓷产品,134,斯里兰卡,1454021.0
202607,69,第69章  陶瓷产品,144,东帝汶,193128.0
202607,69,第69章  陶瓷产品,146,吉尔吉斯斯坦,12467107.0
202607,69,第69章  陶瓷产品,201,阿尔及利亚,2524835.0
202607,69,第69章  陶瓷产品,214,吉布提,3934078.0
202607,69,第69章  陶瓷产品,215,埃及,4246566.0
202607,69,第69章  陶瓷产品,216,赤道几内亚,9849.0
202607,69,第69章  陶瓷产品,226,利比亚,459448.0
202607,69,第69章  陶瓷产品,228,马拉维,22587.0
202607,69,第69章  陶瓷产品,229,马里,143556.0
202607,69,第69章  陶瓷产品,232,摩洛哥,2502384.0
202607,69,第69章  陶瓷产品,236,尼日利亚,5345985.0
202607,69,第69章  陶瓷产品,238,卢旺达,131891.0
202607,69,第69章  陶瓷产品,246,苏丹,780392.0
202607,69,第69章  陶瓷产品,247,坦桑尼亚,3877666.0
202607,69,第69章  陶瓷产品,248,多哥,1182496.0
202607,69,第69章  陶瓷产品,251,布基纳法索,33722.0
202607,69,第69章  陶瓷产品,253,赞比亚,1087433.0
202607,69,第69章  陶瓷产品,302,丹麦,3535730.0
202607,69,第69章  陶瓷产品,311,葡萄牙,2904276.0
202607,69,第69章  陶瓷产品,322,冰岛,331804.0
202607,69,第69章  陶瓷产品,328,罗马尼亚,2986375.0
202607,69,第69章  陶瓷产品,330,瑞典,4072863.0
202607,69,第69章  陶瓷产品,331,瑞士,618856.0
202607,69,第69章  陶瓷产品,334,爱沙尼亚,32936.0
202607,69,第69章  陶瓷产品,335,拉脱维亚,187247.0
202607,69,第69章  陶瓷产品,343,摩尔多瓦,204691.0
202607,69,第69章  陶瓷产品,347,乌克兰,3885088.0
202607,69,第69章  陶瓷产品,352,捷克,1521461.0
202607,69,第69章  陶瓷产品,353,斯洛伐克,230468.0
202607,69,第69章  陶瓷产品,354,北马其顿,137729.0
202607,69,第69章  陶瓷产品,355,波斯尼亚和黑塞哥维那,114232.0
202607,69,第69章  陶瓷产品,402,阿根廷,4867979.0
202607,69,第69章  陶瓷产品,411,开曼群岛,19195.0
202607,69,第69章  陶瓷产品,412,智利,10657865.0
202607,69,第69章  陶瓷产品,413,哥伦比亚,6571740.0
202607,69,第69章  陶瓷产品,416,古巴,99209.0
202607,69,第69章  陶瓷产品,418,多米尼加 ,2590185.0
202607,69,第69章  陶瓷产品,419,厄瓜多尔,1874402.0
202607,69,第69章  陶瓷产品,423,危地马拉,2430205.0
202607,69,第69章  陶瓷产品,426,洪都拉斯,505888.0
202607,69,第69章  陶瓷产品,432,巴拿马,1731930.0
202607,69,第69章  陶瓷产品,433,巴拉圭,569246.0
202607,69,第69章  陶瓷产品,434,秘鲁,9969554.0
202607,69,第69章  陶瓷产品,438,法属圣马丁 ,3750.0
202607,69,第69章  陶瓷产品,439,圣文森特和格林纳丁斯 ,14345.0
202607,69,第69章  陶瓷产品,445,委内瑞拉,1715585.0
202607,69,第69章  陶瓷产品,447,圣基茨和尼维斯 ,16693.0
202607,69,第69章  陶瓷产品,449,博纳尔，圣俄斯塔休斯和萨巴 ,3759.0
202607,69,第69章  陶瓷产品,504,百慕大,1484.0
202607,69,第69章  陶瓷产品,603,斐济,413154.0
202607,69,第69章  陶瓷产品,608,瓦努阿图,80192.0
202607,69,第69章  陶瓷产品,609,新西兰,3806810.0
202607,69,第69章  陶瓷产品,611,巴布亚新几内亚,564615.0
202607,69,第69章  陶瓷产品,613,所罗门群岛,109057.0
202607,69,第69章  陶瓷产品,620,密克罗尼西亚联邦,1408.0
202607,69,第69章  陶瓷产品,622,帕劳,6275.0
202607,69,第69章  陶瓷产品,623,法属波利尼西亚,124754.0
202607,70,第70章  玻璃及其制品,101,阿富汗,666353.0
202607,70,第70章  玻璃及其制品,103,孟加拉国,4733880.0
202607,70,第70章  玻璃及其制品,105,文莱,95431.0
202607,70,第70章  玻璃及其制品,106,缅甸,2482126.0
202607,70,第70章  玻璃及其制品,107,柬埔寨,4202687.0
202607,70,第70章  玻璃及其制品,114,伊拉克,2817994.0
202607,70,第70章  玻璃及其制品,115,以色列,10723406.0
202607,70,第70章  玻璃及其制品,117,约旦,1816600.0
202607,70,第70章  玻璃及其制品,121,中国澳门,944511.0
202607,70,第70章  玻璃及其制品,128,巴勒斯坦,74108.0
202607,70,第70章  玻璃及其制品,130,卡塔尔,1720668.0
202607,70,第70章  玻璃及其制品,131,沙特阿拉伯,15433788.0
202607,70,第70章  玻璃及其制品,134,斯里兰卡,1544337.0
202607,70,第70章  玻璃及其制品,144,东帝汶,25016.0
202607,70,第70章  玻璃及其制品,146,吉尔吉斯斯坦,4657501.0
202607,70,第70章  玻璃及其制品,201,阿尔及利亚,2966820.0
202607,70,第70章  玻璃及其制品,214,吉布提,1665195.0
202607,70,第70章  玻璃及其制品,215,埃及,10834832.0
202607,70,第70章  玻璃及其制品,216,赤道几内亚,28454.0
202607,70,第70章  玻璃及其制品,226,利比亚,732240.0
202607,70,第70章  玻璃及其制品,228,马拉维,44754.0
202607,70,第70章  玻璃及其制品,229,马里,162229.0
202607,70,第70章  玻璃及其制品,232,摩洛哥,7127121.0
202607,70,第70章  玻璃及其制品,236,尼日利亚,3921525.0
202607,70,第70章  玻璃及其制品,238,卢旺达,41407.0
202607,70,第70章  玻璃及其制品,246,苏丹,1231255.0
202607,70,第70章  玻璃及其制品,247,坦桑尼亚,3953382.0
202607,70,第70章  玻璃及其制品,248,多哥,365847.0
202607,70,第70章  玻璃及其制品,251,布基纳法索,106033.0
202607,70,第70章  玻璃及其制品,253,赞比亚,107455.0
202607,70,第70章  玻璃及其制品,257,斯威士兰,54371.0
202607,70,第70章  玻璃及其制品,302,丹麦,4301119.0
202607,70,第70章  玻璃及其制品,308,卢森堡,313198.0
202607,70,第70章  玻璃及其制品,311,葡萄牙,3584830.0
202607,70,第70章  玻璃及其制品,322,冰岛,4439.0
202607,70,第70章  玻璃及其制品,323,列支敦士登,4186.0
202607,70,第70章  玻璃及其制品,325,摩纳哥,7420.0
202607,70,第70章  玻璃及其制品,328,罗马尼亚,6298882.0
202607,70,第70章  玻璃及其制品,329,圣马力诺,215.0
202607,70,第70章  玻璃及其制品,330,瑞典,5112108.0
202607,70,第70章  玻璃及其制品,331,瑞士,2162822.0
202607,70,第70章  玻璃及其制品,334,爱沙尼亚,381605.0
202607,70,第70章  玻璃及其制品,335,拉脱维亚,637270.0
202607,70,第70章  玻璃及其制品,343,摩尔多瓦,467695.0
202607,70,第70章  玻璃及其制品,347,乌克兰,2264983.0
202607,70,第70章  玻璃及其制品,352,捷克,3889125.0
202607,70,第70章  玻璃及其制品,353,斯洛伐克,1175771.0
202607,70,第70章  玻璃及其制品,354,北马其顿,745594.0
202607,70,第70章  玻璃及其制品,355,波斯尼亚和黑塞哥维那,102673.0
202607,70,第70章  玻璃及其制品,402,阿根廷,4630183.0
202607,70,第70章  玻璃及其制品,411,开曼群岛,19853.0
202607,70,第70章  玻璃及其制品,412,智利,6375545.0
202607,70,第70章  玻璃及其制品,413,哥伦比亚,8790172.0
202607,70,第70章  玻璃及其制品,416,古巴,308962.0
202607,70,第70章  玻璃及其制品,418,多米尼加 ,2278806.0
202607,70,第70章  玻璃及其制品,419,厄瓜多尔,4403920.0
202607,70,第70章  玻璃及其制品,423,危地马拉,2296505.0
202607,70,第70章  玻璃及其制品,426,洪都拉斯,1040067.0
202607,70,第70章  玻璃及其制品,432,巴拿马,1530911.0
202607,70,第70章  玻璃及其制品,433,巴拉圭,662545.0
202607,70,第70章  玻璃及其制品,434,秘鲁,5358412.0
202607,70,第70章  玻璃及其制品,438,法属圣马丁 ,2873.0
202607,70,第70章  玻璃及其制品,439,圣文森特和格林纳丁斯 ,4873.0
202607,70,第70章  玻璃及其制品,445,委内瑞拉,1304524.0
202607,70,第70章  玻璃及其制品,447,圣基茨和尼维斯 ,14996.0
202607,70,第70章  玻璃及其制品,504,百慕大,45796.0
202607,70,第70章  玻璃及其制品,603,斐济,210471.0
202607,70,第70章  玻璃及其制品,608,瓦努阿图,63789.0
202607,70,第70章  玻璃及其制品,609,新西兰,5140819.0
202607,70,第70章  玻璃及其制品,611,巴布亚新几内亚,376503.0
202607,70,第70章  玻璃及其制品,613,所罗门群岛,23285.0
202607,70,第70章  玻璃及其制品,622,帕劳,2208.0
202607,70,第70章  玻璃及其制品,623,法属波利尼西亚,55773.0
202607,71,第71章  天然或养殖珍珠、宝石或半宝石、贵金属、包贵金属及其制品；仿首饰；硬币,101,阿富汗,80445.0
202607,71,第71章  天然或养殖珍珠、宝石或半宝石、贵金属、包贵金属及其制品；仿首饰；硬币,103,孟加拉国,807937.0
202607,71,第71章  天然或养殖珍珠、宝石或半宝石、贵金属、包贵金属及其制品；仿首饰；硬币,105,文莱,1006.0
202607,71,第71章  天然或养殖珍珠、宝石或半宝石、贵金属、包贵金属及其制品；仿首饰；硬币,106,缅甸,145992.0
202607,71,第71章  天然或养殖珍珠、宝石或半宝石、贵金属、包贵金属及其制品；仿首饰；硬币,107,柬埔寨,254027.0
202607,71,第71章  天然或养殖珍珠、宝石或半宝石、贵金属、包贵金属及其制品；仿首饰；硬币,114,伊拉克,2058097.0
202607,71,第71章  天然或养殖珍珠、宝石或半宝石、贵金属、包贵金属及其制品；仿首饰；硬币,115,以色列,2778216.0
202607,71,第71章  天然或养殖珍珠、宝石或半宝石、贵金属、包贵金属及其制品；仿首饰；硬币,117,约旦,650465.0
202607,71,第71章  天然或养殖珍珠、宝石或半宝石、贵金属、包贵金属及其制品；仿首饰；硬币,121,中国澳门,9943636.0
202607,71,第71章  天然或养殖珍珠、宝石或半宝石、贵金属、包贵金属及其制品；仿首饰；硬币,128,巴勒斯坦,19695.0
202607,71,第71章  天然或养殖珍珠、宝石或半宝石、贵金属、包贵金属及其制品；仿首饰；硬币,130,卡塔尔,285213.0
202607,71,第71章  天然或养殖珍珠、宝石或半宝石、贵金属、包贵金属及其制品；仿首饰；硬币,131,沙特阿拉伯,5556479.0
202607,71,第71章  天然或养殖珍珠、宝石或半宝石、贵金属、包贵金属及其制品；仿首饰；硬币,134,斯里兰卡,299898.0
202607,71,第71章  天然或养殖珍珠、宝石或半宝石、贵金属、包贵金属及其制品；仿首饰；硬币,144,东帝汶,26815.0
202607,71,第71章  天然或养殖珍珠、宝石或半宝石、贵金属、包贵金属及其制品；仿首饰；硬币,146,吉尔吉斯斯坦,618900.0
202607,71,第71章  天然或养殖珍珠、宝石或半宝石、贵金属、包贵金属及其制品；仿首饰；硬币,201,阿尔及利亚,794925.0
202607,71,第71章  天然或养殖珍珠、宝石或半宝石、贵金属、包贵金属及其制品；仿首饰；硬币,214,吉布提,556448.0
202607,71,第71章  天然或养殖珍珠、宝石或半宝石、贵金属、包贵金属及其制品；仿首饰；硬币,215,埃及,2504993.0
202607,71,第71章  天然或养殖珍珠、宝石或半宝石、贵金属、包贵金属及其制品；仿首饰；硬币,226,利比亚,89970.0
202607,71,第71章  天然或养殖珍珠、宝石或半宝石、贵金属、包贵金属及其制品；仿首饰；硬币,228,马拉维,1471.0
202607,71,第71章  天然或养殖珍珠、宝石或半宝石、贵金属、包贵金属及其制品；仿首饰；硬币,229,马里,4422.0
202607,71,第71章  天然或养殖珍珠、宝石或半宝石、贵金属、包贵金属及其制品；仿首饰；硬币,232,摩洛哥,949282.0
202607,71,第71章  天然或养殖珍珠、宝石或半宝石、贵金属、包贵金属及其制品；仿首饰；硬币,236,尼日利亚,1725940.0
202607,71,第71章  天然或养殖珍珠、宝石或半宝石、贵金属、包贵金属及其制品；仿首饰；硬币,238,卢旺达,5351.0
202607,71,第71章  天然或养殖珍珠、宝石或半宝石、贵金属、包贵金属及其制品；仿首饰；硬币,246,苏丹,28254.0
202607,71,第71章  天然或养殖珍珠、宝石或半宝石、贵金属、包贵金属及其制品；仿首饰；硬币,247,坦桑尼亚,525169.0
202607,71,第71章  天然或养殖珍珠、宝石或半宝石、贵金属、包贵金属及其制品；仿首饰；硬币,248,多哥,368540.0
202607,71,第71章  天然或养殖珍珠、宝石或半宝石、贵金属、包贵金属及其制品；仿首饰；硬币,251,布基纳法索,4080.0
202607,71,第71章  天然或养殖珍珠、宝石或半宝石、贵金属、包贵金属及其制品；仿首饰；硬币,253,赞比亚,30116.0
202607,71,第71章  天然或养殖珍珠、宝石或半宝石、贵金属、包贵金属及其制品；仿首饰；硬币,257,斯威士兰,127.0
202607,71,第71章  天然或养殖珍珠、宝石或半宝石、贵金属、包贵金属及其制品；仿首饰；硬币,302,丹麦,1932920.0
202607,71,第71章  天然或养殖珍珠、宝石或半宝石、贵金属、包贵金属及其制品；仿首饰；硬币,308,卢森堡,18524.0
202607,71,第71章  天然或养殖珍珠、宝石或半宝石、贵金属、包贵金属及其制品；仿首饰；硬币,311,葡萄牙,1862917.0
202607,71,第71章  天然或养殖珍珠、宝石或半宝石、贵金属、包贵金属及其制品；仿首饰；硬币,322,冰岛,6294.0
202607,71,第71章  天然或养殖珍珠、宝石或半宝石、贵金属、包贵金属及其制品；仿首饰；硬币,325,摩纳哥,4855.0
202607,71,第71章  天然或养殖珍珠、宝石或半宝石、贵金属、包贵金属及其制品；仿首饰；硬币,328,罗马尼亚,987390.0
202607,71,第71章  天然或养殖珍珠、宝石或半宝石、贵金属、包贵金属及其制品；仿首饰；硬币,329,圣马力诺,82807.0
202607,71,第71章  天然或养殖珍珠、宝石或半宝石、贵金属、包贵金属及其制品；仿首饰；硬币,330,瑞典,2061994.0
202607,71,第71章  天然或养殖珍珠、宝石或半宝石、贵金属、包贵金属及其制品；仿首饰；硬币,331,瑞士,7792463.0
202607,71,第71章  天然或养殖珍珠、宝石或半宝石、贵金属、包贵金属及其制品；仿首饰；硬币,334,爱沙尼亚,121839.0
202607,71,第71章  天然或养殖珍珠、宝石或半宝石、贵金属、包贵金属及其制品；仿首饰；硬币,335,拉脱维亚,39381.0
202607,71,第71章  天然或养殖珍珠、宝石或半宝石、贵金属、包贵金属及其制品；仿首饰；硬币,343,摩尔多瓦,6747.0
202607,71,第71章  天然或养殖珍珠、宝石或半宝石、贵金属、包贵金属及其制品；仿首饰；硬币,347,乌克兰,235540.0
202607,71,第71章  天然或养殖珍珠、宝石或半宝石、贵金属、包贵金属及其制品；仿首饰；硬币,352,捷克,539038.0
202607,71,第71章  天然或养殖珍珠、宝石或半宝石、贵金属、包贵金属及其制品；仿首饰；硬币,353,斯洛伐克,204162.0
202607,71,第71章  天然或养殖珍珠、宝石或半宝石、贵金属、包贵金属及其制品；仿首饰；硬币,354,北马其顿,324.0
202607,71,第71章  天然或养殖珍珠、宝石或半宝石、贵金属、包贵金属及其制品；仿首饰；硬币,355,波斯尼亚和黑塞哥维那,9875.0
202607,71,第71章  天然或养殖珍珠、宝石或半宝石、贵金属、包贵金属及其制品；仿首饰；硬币,402,阿根廷,1735194.0
202607,71,第71章  天然或养殖珍珠、宝石或半宝石、贵金属、包贵金属及其制品；仿首饰；硬币,411,开曼群岛,1577.0
202607,71,第71章  天然或养殖珍珠、宝石或半宝石、贵金属、包贵金属及其制品；仿首饰；硬币,412,智利,1490737.0
202607,71,第71章  天然或养殖珍珠、宝石或半宝石、贵金属、包贵金属及其制品；仿首饰；硬币,413,哥伦比亚,1908192.0
202607,71,第71章  天然或养殖珍珠、宝石或半宝石、贵金属、包贵金属及其制品；仿首饰；硬币,418,多米尼加 ,276411.0
202607,71,第71章  天然或养殖珍珠、宝石或半宝石、贵金属、包贵金属及其制品；仿首饰；硬币,419,厄瓜多尔,414027.0
202607,71,第71章  天然或养殖珍珠、宝石或半宝石、贵金属、包贵金属及其制品；仿首饰；硬币,423,危地马拉,399233.0
202607,71,第71章  天然或养殖珍珠、宝石或半宝石、贵金属、包贵金属及其制品；仿首饰；硬币,426,洪都拉斯,195196.0
202607,71,第71章  天然或养殖珍珠、宝石或半宝石、贵金属、包贵金属及其制品；仿首饰；硬币,432,巴拿马,640504.0
202607,71,第71章  天然或养殖珍珠、宝石或半宝石、贵金属、包贵金属及其制品；仿首饰；硬币,433,巴拉圭,121804.0
202607,71,第71章  天然或养殖珍珠、宝石或半宝石、贵金属、包贵金属及其制品；仿首饰；硬币,434,秘鲁,1794096.0
202607,71,第71章  天然或养殖珍珠、宝石或半宝石、贵金属、包贵金属及其制品；仿首饰；硬币,445,委内瑞拉,214887.0
202607,71,第71章  天然或养殖珍珠、宝石或半宝石、贵金属、包贵金属及其制品；仿首饰；硬币,447,圣基茨和尼维斯 ,2517.0
202607,71,第71章  天然或养殖珍珠、宝石或半宝石、贵金属、包贵金属及其制品；仿首饰；硬币,504,百慕大,12491.0
202607,71,第71章  天然或养殖珍珠、宝石或半宝石、贵金属、包贵金属及其制品；仿首饰；硬币,602,库克群岛,2499.0
202607,71,第71章  天然或养殖珍珠、宝石或半宝石、贵金属、包贵金属及其制品；仿首饰；硬币,603,斐济,205034.0
202607,71,第71章  天然或养殖珍珠、宝石或半宝石、贵金属、包贵金属及其制品；仿首饰；硬币,608,瓦努阿图,4776.0
202607,71,第71章  天然或养殖珍珠、宝石或半宝石、贵金属、包贵金属及其制品；仿首饰；硬币,609,新西兰,1815822.0
202607,71,第71章  天然或养殖珍珠、宝石或半宝石、贵金属、包贵金属及其制品；仿首饰；硬币,611,巴布亚新几内亚,59099.0
202607,71,第71章  天然或养殖珍珠、宝石或半宝石、贵金属、包贵金属及其制品；仿首饰；硬币,613,所罗门群岛,216.0
202607,71,第71章  天然或养殖珍珠、宝石或半宝石、贵金属、包贵金属及其制品；仿首饰；硬币,620,密克罗尼西亚联邦,21.0
202607,71,第71章  天然或养殖珍珠、宝石或半宝石、贵金属、包贵金属及其制品；仿首饰；硬币,622,帕劳,11200.0
202607,71,第71章  天然或养殖珍珠、宝石或半宝石、贵金属、包贵金属及其制品；仿首饰；硬币,623,法属波利尼西亚,8515.0
202607,72,第72章  钢铁,101,阿富汗,1287044.0
202607,72,第72章  钢铁,103,孟加拉国,64556788.0
202607,72,第72章  钢铁,105,文莱,10199345.0
202607,72,第72章  钢铁,106,缅甸,43601878.0
202607,72,第72章  钢铁,107,柬埔寨,28552118.0
202607,72,第72章  钢铁,114,伊拉克,25312454.0
202607,72,第72章  钢铁,115,以色列,63605589.0
202607,72,第72章  钢铁,117,约旦,44121697.0
202607,72,第72章  钢铁,121,中国澳门,4594321.0
202607,72,第72章  钢铁,128,巴勒斯坦,312763.0
202607,72,第72章  钢铁,130,卡塔尔,1308321.0
202607,72,第72章  钢铁,131,沙特阿拉伯,320980705.0
202607,72,第72章  钢铁,134,斯里兰卡,31949386.0
202607,72,第72章  钢铁,144,东帝汶,1818806.0
202607,72,第72章  钢铁,146,吉尔吉斯斯坦,32153558.0
202607,72,第72章  钢铁,201,阿尔及利亚,40028625.0
202607,72,第72章  钢铁,214,吉布提,82981786.0
202607,72,第72章  钢铁,215,埃及,85890164.0
202607,72,第72章  钢铁,216,赤道几内亚,506168.0
202607,72,第72章  钢铁,226,利比亚,11515976.0
202607,72,第72章  钢铁,228,马拉维,2461010.0
202607,72,第72章  钢铁,229,马里,2648055.0
202607,72,第72章  钢铁,232,摩洛哥,25600478.0
202607,72,第72章  钢铁,236,尼日利亚,137878791.0
202607,72,第72章  钢铁,238,卢旺达,1191075.0
202607,72,第72章  钢铁,246,苏丹,36978822.0
202607,72,第72章  钢铁,247,坦桑尼亚,78289770.0
202607,72,第72章  钢铁,248,多哥,5508077.0
202607,72,第72章  钢铁,251,布基纳法索,9302145.0
202607,72,第72章  钢铁,253,赞比亚,9045807.0
202607,72,第72章  钢铁,257,斯威士兰,42508.0
202607,72,第72章  钢铁,302,丹麦,326735.0
202607,72,第72章  钢铁,308,卢森堡,100.0
202607,72,第72章  钢铁,311,葡萄牙,7906068.0
202607,72,第72章  钢铁,322,冰岛,222265.0
202607,72,第72章  钢铁,328,罗马尼亚,22588595.0
202607,72,第72章  钢铁,330,瑞典,1579356.0
202607,72,第72章  钢铁,331,瑞士,821201.0
202607,72,第72章  钢铁,334,爱沙尼亚,457920.0
202607,72,第72章  钢铁,335,拉脱维亚,592967.0
202607,72,第72章  钢铁,343,摩尔多瓦,789423.0
202607,72,第72章  钢铁,347,乌克兰,41567306.0
202607,72,第72章  钢铁,352,捷克,2482509.0
202607,72,第72章  钢铁,353,斯洛伐克,203104.0
202607,72,第72章  钢铁,354,北马其顿,37037.0
202607,72,第72章  钢铁,355,波斯尼亚和黑塞哥维那,426098.0
202607,72,第72章  钢铁,402,阿根廷,5304734.0
202607,72,第72章  钢铁,412,智利,96747423.0
202607,72,第72章  钢铁,413,哥伦比亚,70020677.0
202607,72,第72章  钢铁,416,古巴,856192.0
202607,72,第72章  钢铁,418,多米尼加 ,60139632.0
202607,72,第72章  钢铁,419,厄瓜多尔,54011593.0
202607,72,第72章  钢铁,423,危地马拉,94571834.0
202607,72,第72章  钢铁,426,洪都拉斯,32554466.0
202607,72,第72章  钢铁,432,巴拿马,44873753.0
202607,72,第72章  钢铁,433,巴拉圭,11978164.0
202607,72,第72章  钢铁,434,秘鲁,43423362.0
202607,72,第72章  钢铁,445,委内瑞拉,35979330.0
202607,72,第72章  钢铁,504,百慕大,39200.0
202607,72,第72章  钢铁,602,库克群岛,11823.0
202607,72,第72章  钢铁,603,斐济,1764199.0
202607,72,第72章  钢铁,606,瑙鲁,173.0
202607,72,第72章  钢铁,608,瓦努阿图,851552.0
202607,72,第72章  钢铁,609,新西兰,6837637.0
202607,72,第72章  钢铁,611,巴布亚新几内亚,8258631.0
202607,72,第72章  钢铁,613,所罗门群岛,508295.0
202607,72,第72章  钢铁,619,图瓦卢,29197.0
202607,72,第72章  钢铁,620,密克罗尼西亚联邦,10496.0
202607,72,第72章  钢铁,622,帕劳,39381.0
202607,72,第72章  钢铁,623,法属波利尼西亚,316351.0
202607,73,第73章  钢铁制品,101,阿富汗,2072842.0
202607,73,第73章  钢铁制品,103,孟加拉国,22073247.0
202607,73,第73章  钢铁制品,105,文莱,4969045.0
202607,73,第73章  钢铁制品,106,缅甸,20837211.0
202607,73,第73章  钢铁制品,107,柬埔寨,60828061.0
202607,73,第73章  钢铁制品,114,伊拉克,68821030.0
202607,73,第73章  钢铁制品,115,以色列,66712007.0
202607,73,第73章  钢铁制品,117,约旦,16809758.0
202607,73,第73章  钢铁制品,121,中国澳门,12982551.0
202607,73,第73章  钢铁制品,128,巴勒斯坦,1850927.0
202607,73,第73章  钢铁制品,130,卡塔尔,11455245.0
202607,73,第73章  钢铁制品,131,沙特阿拉伯,211283366.0
202607,73,第73章  钢铁制品,134,斯里兰卡,20748078.0
202607,73,第73章  钢铁制品,144,东帝汶,2288999.0
202607,73,第73章  钢铁制品,146,吉尔吉斯斯坦,88017912.0
202607,73,第73章  钢铁制品,201,阿尔及利亚,113799128.0
202607,73,第73章  钢铁制品,214,吉布提,10855562.0
202607,73,第73章  钢铁制品,215,埃及,65716224.0
202607,73,第73章  钢铁制品,216,赤道几内亚,879746.0
202607,73,第73章  钢铁制品,226,利比亚,31403110.0
202607,73,第73章  钢铁制品,228,马拉维,1033913.0
202607,73,第73章  钢铁制品,229,马里,1622674.0
202607,73,第73章  钢铁制品,232,摩洛哥,31632612.0
202607,73,第73章  钢铁制品,236,尼日利亚,135595745.0
202607,73,第73章  钢铁制品,238,卢旺达,5188165.0
202607,73,第73章  钢铁制品,246,苏丹,6646904.0
202607,73,第73章  钢铁制品,247,坦桑尼亚,56865429.0
202607,73,第73章  钢铁制品,248,多哥,11660681.0
202607,73,第73章  钢铁制品,251,布基纳法索,6105437.0
202607,73,第73章  钢铁制品,253,赞比亚,11180727.0
202607,73,第73章  钢铁制品,257,斯威士兰,360480.0
202607,73,第73章  钢铁制品,302,丹麦,29263867.0
202607,73,第73章  钢铁制品,308,卢森堡,1690719.0
202607,73,第73章  钢铁制品,311,葡萄牙,14007917.0
202607,73,第73章  钢铁制品,322,冰岛,379796.0
202607,73,第73章  钢铁制品,323,列支敦士登,62875.0
202607,73,第73章  钢铁制品,328,罗马尼亚,27045328.0
202607,73,第73章  钢铁制品,329,圣马力诺,8698.0
202607,73,第73章  钢铁制品,330,瑞典,32937581.0
202607,73,第73章  钢铁制品,331,瑞士,11784263.0
202607,73,第73章  钢铁制品,334,爱沙尼亚,2916710.0
202607,73,第73章  钢铁制品,335,拉脱维亚,1946539.0
202607,73,第73章  钢铁制品,343,摩尔多瓦,712214.0
202607,73,第73章  钢铁制品,347,乌克兰,27080393.0
202607,73,第73章  钢铁制品,352,捷克,29697358.0
202607,73,第73章  钢铁制品,353,斯洛伐克,12776589.0
202607,73,第73章  钢铁制品,354,北马其顿,1182575.0
202607,73,第73章  钢铁制品,355,波斯尼亚和黑塞哥维那,1605661.0
202607,73,第73章  钢铁制品,402,阿根廷,26827961.0
202607,73,第73章  钢铁制品,411,开曼群岛,95749.0
202607,73,第73章  钢铁制品,412,智利,78968304.0
202607,73,第73章  钢铁制品,413,哥伦比亚,48554419.0
202607,73,第73章  钢铁制品,416,古巴,1422155.0
202607,73,第73章  钢铁制品,418,多米尼加 ,24952918.0
202607,73,第73章  钢铁制品,419,厄瓜多尔,29843694.0
202607,73,第73章  钢铁制品,423,危地马拉,19327722.0
202607,73,第73章  钢铁制品,426,洪都拉斯,11428867.0
202607,73,第73章  钢铁制品,432,巴拿马,43220943.0
202607,73,第73章  钢铁制品,433,巴拉圭,2836535.0
202607,73,第73章  钢铁制品,434,秘鲁,67099418.0
202607,73,第73章  钢铁制品,438,法属圣马丁 ,142518.0
202607,73,第73章  钢铁制品,439,圣文森特和格林纳丁斯 ,52194.0
202607,73,第73章  钢铁制品,445,委内瑞拉,32832848.0
202607,73,第73章  钢铁制品,447,圣基茨和尼维斯 ,180093.0
202607,73,第73章  钢铁制品,449,博纳尔，圣俄斯塔休斯和萨巴 ,11157.0
202607,73,第73章  钢铁制品,504,百慕大,2020247.0
202607,73,第73章  钢铁制品,602,库克群岛,665698.0
202607,73,第73章  钢铁制品,603,斐济,3984406.0
202607,73,第73章  钢铁制品,606,瑙鲁,188923.0
202607,73,第73章  钢铁制品,608,瓦努阿图,1282514.0
202607,73,第73章  钢铁制品,609,新西兰,34201523.0
202607,73,第73章  钢铁制品,611,巴布亚新几内亚,13236063.0
202607,73,第73章  钢铁制品,613,所罗门群岛,2531057.0
202607,73,第73章  钢铁制品,619,图瓦卢,526641.0
202607,73,第73章  钢铁制品,620,密克罗尼西亚联邦,210154.0
202607,73,第73章  钢铁制品,622,帕劳,448866.0
202607,73,第73章  钢铁制品,623,法属波利尼西亚,528591.0
202607,74,第74章  铜及其制品,101,阿富汗,69251.0
202607,74,第74章  铜及其制品,103,孟加拉国,8887197.0
202607,74,第74章  铜及其制品,105,文莱,94339.0
202607,74,第74章  铜及其制品,106,缅甸,822461.0
202607,74,第74章  铜及其制品,107,柬埔寨,2647934.0
202607,74,第74章  铜及其制品,114,伊拉克,1160591.0
202607,74,第74章  铜及其制品,115,以色列,6576293.0
202607,74,第74章  铜及其制品,117,约旦,3469948.0
202607,74,第74章  铜及其制品,121,中国澳门,155138.0
202607,74,第74章  铜及其制品,128,巴勒斯坦,2571.0
202607,74,第74章  铜及其制品,130,卡塔尔,117606.0
202607,74,第74章  铜及其制品,131,沙特阿拉伯,33455343.0
202607,74,第74章  铜及其制品,134,斯里兰卡,1134397.0
202607,74,第74章  铜及其制品,144,东帝汶,40.0
202607,74,第74章  铜及其制品,146,吉尔吉斯斯坦,643910.0
202607,74,第74章  铜及其制品,201,阿尔及利亚,1206260.0
202607,74,第74章  铜及其制品,214,吉布提,201946.0
202607,74,第74章  铜及其制品,215,埃及,24019461.0
202607,74,第74章  铜及其制品,216,赤道几内亚,81.0
202607,74,第74章  铜及其制品,226,利比亚,260330.0
202607,74,第74章  铜及其制品,228,马拉维,726.0
202607,74,第74章  铜及其制品,229,马里,4171.0
202607,74,第74章  铜及其制品,232,摩洛哥,974180.0
202607,74,第74章  铜及其制品,236,尼日利亚,2664893.0
202607,74,第74章  铜及其制品,238,卢旺达,67396.0
202607,74,第74章  铜及其制品,246,苏丹,260850.0
202607,74,第74章  铜及其制品,247,坦桑尼亚,1270237.0
202607,74,第74章  铜及其制品,248,多哥,10502.0
202607,74,第74章  铜及其制品,251,布基纳法索,184275.0
202607,74,第74章  铜及其制品,253,赞比亚,82645.0
202607,74,第74章  铜及其制品,302,丹麦,1543150.0
202607,74,第74章  铜及其制品,308,卢森堡,2.0
202607,74,第74章  铜及其制品,311,葡萄牙,3760929.0
202607,74,第74章  铜及其制品,323,列支敦士登,11313.0
202607,74,第74章  铜及其制品,328,罗马尼亚,2286096.0
202607,74,第74章  铜及其制品,329,圣马力诺,5654.0
202607,74,第74章  铜及其制品,330,瑞典,2630458.0
202607,74,第74章  铜及其制品,331,瑞士,778089.0
202607,74,第74章  铜及其制品,334,爱沙尼亚,471553.0
202607,74,第74章  铜及其制品,335,拉脱维亚,73141.0
202607,74,第74章  铜及其制品,343,摩尔多瓦,15841.0
202607,74,第74章  铜及其制品,347,乌克兰,1804816.0
202607,74,第74章  铜及其制品,352,捷克,3931226.0
202607,74,第74章  铜及其制品,353,斯洛伐克,433475.0
202607,74,第74章  铜及其制品,354,北马其顿,77659.0
202607,74,第74章  铜及其制品,355,波斯尼亚和黑塞哥维那,18963.0
202607,74,第74章  铜及其制品,402,阿根廷,3720066.0
202607,74,第74章  铜及其制品,411,开曼群岛,20365.0
202607,74,第74章  铜及其制品,412,智利,4340731.0
202607,74,第74章  铜及其制品,413,哥伦比亚,3247416.0
202607,74,第74章  铜及其制品,418,多米尼加 ,140155.0
202607,74,第74章  铜及其制品,419,厄瓜多尔,740174.0
202607,74,第74章  铜及其制品,423,危地马拉,124506.0
202607,74,第74章  铜及其制品,426,洪都拉斯,190420.0
202607,74,第74章  铜及其制品,432,巴拿马,975435.0
202607,74,第74章  铜及其制品,433,巴拉圭,71506.0
202607,74,第74章  铜及其制品,434,秘鲁,1505719.0
202607,74,第74章  铜及其制品,445,委内瑞拉,621758.0
202607,74,第74章  铜及其制品,504,百慕大,21.0
202607,74,第74章  铜及其制品,603,斐济,484680.0
202607,74,第74章  铜及其制品,608,瓦努阿图,16027.0
202607,74,第74章  铜及其制品,609,新西兰,4907720.0
202607,74,第74章  铜及其制品,611,巴布亚新几内亚,168041.0
202607,74,第74章  铜及其制品,613,所罗门群岛,79003.0
202607,74,第74章  铜及其制品,623,法属波利尼西亚,8931.0
202607,75,第75章  镍及其制品,103,孟加拉国,9522.0
202607,75,第75章  镍及其制品,105,文莱,2888.0
202607,75,第75章  镍及其制品,114,伊拉克,1291.0
202607,75,第75章  镍及其制品,115,以色列,118585.0
202607,75,第75章  镍及其制品,130,卡塔尔,172875.0
202607,75,第75章  镍及其制品,131,沙特阿拉伯,1271591.0
202607,75,第75章  镍及其制品,134,斯里兰卡,1686.0
202607,75,第75章  镍及其制品,146,吉尔吉斯斯坦,6571.0
202607,75,第75章  镍及其制品,215,埃及,100972.0
202607,75,第75章  镍及其制品,216,赤道几内亚,47.0
202607,75,第75章  镍及其制品,232,摩洛哥,3146.0
202607,75,第75章  镍及其制品,236,尼日利亚,3279.0
202607,75,第75章  镍及其制品,238,卢旺达,3288.0
202607,75,第75章  镍及其制品,247,坦桑尼亚,84.0
202607,75,第75章  镍及其制品,302,丹麦,49340.0
202607,75,第75章  镍及其制品,308,卢森堡,8240.0
202607,75,第75章  镍及其制品,311,葡萄牙,5932.0
202607,75,第75章  镍及其制品,323,列支敦士登,2696.0
202607,75,第75章  镍及其制品,328,罗马尼亚,18329.0
202607,75,第75章  镍及其制品,330,瑞典,1387667.0
202607,75,第75章  镍及其制品,331,瑞士,420940.0
202607,75,第75章  镍及其制品,334,爱沙尼亚,4384.0
202607,75,第75章  镍及其制品,335,拉脱维亚,1856.0
202607,75,第75章  镍及其制品,347,乌克兰,133328.0
202607,75,第75章  镍及其制品,352,捷克,39615.0
202607,75,第75章  镍及其制品,353,斯洛伐克,16921.0
202607,75,第75章  镍及其制品,355,波斯尼亚和黑塞哥维那,66213.0
202607,75,第75章  镍及其制品,402,阿根廷,447152.0
202607,75,第75章  镍及其制品,412,智利,30764.0
202607,75,第75章  镍及其制品,413,哥伦比亚,25782.0
202607,75,第75章  镍及其制品,419,厄瓜多尔,51062.0
202607,75,第75章  镍及其制品,432,巴拿马,1951.0
202607,75,第75章  镍及其制品,434,秘鲁,9973.0
202607,75,第75章  镍及其制品,445,委内瑞拉,56.0
202607,75,第75章  镍及其制品,609,新西兰,4677.0
202607,76,第76章  铝及其制品,101,阿富汗,334049.0
202607,76,第76章  铝及其制品,103,孟加拉国,9751984.0
202607,76,第76章  铝及其制品,105,文莱,577282.0
202607,76,第76章  铝及其制品,106,缅甸,7307594.0
202607,76,第76章  铝及其制品,107,柬埔寨,61375975.0
202607,76,第76章  铝及其制品,114,伊拉克,27026386.0
202607,76,第76章  铝及其制品,115,以色列,62022925.0
202607,76,第76章  铝及其制品,117,约旦,27992630.0
202607,76,第76章  铝及其制品,121,中国澳门,3182960.0
202607,76,第76章  铝及其制品,128,巴勒斯坦,749114.0
202607,76,第76章  铝及其制品,130,卡塔尔,2809774.0
202607,76,第76章  铝及其制品,131,沙特阿拉伯,69224641.0
202607,76,第76章  铝及其制品,134,斯里兰卡,8249723.0
202607,76,第76章  铝及其制品,144,东帝汶,214934.0
202607,76,第76章  铝及其制品,146,吉尔吉斯斯坦,13737819.0
202607,76,第76章  铝及其制品,201,阿尔及利亚,14960426.0
202607,76,第76章  铝及其制品,214,吉布提,7097172.0
202607,76,第76章  铝及其制品,215,埃及,29867627.0
202607,76,第76章  铝及其制品,216,赤道几内亚,75050.0
202607,76,第76章  铝及其制品,226,利比亚,3668943.0
202607,76,第76章  铝及其制品,228,马拉维,530887.0
202607,76,第76章  铝及其制品,229,马里,14086.0
202607,76,第76章  铝及其制品,232,摩洛哥,27134567.0
202607,76,第76章  铝及其制品,236,尼日利亚,88757677.0
202607,76,第76章  铝及其制品,238,卢旺达,1644291.0
202607,76,第76章  铝及其制品,246,苏丹,1777823.0
202607,76,第76章  铝及其制品,247,坦桑尼亚,15736045.0
202607,76,第76章  铝及其制品,248,多哥,3134962.0
202607,76,第76章  铝及其制品,251,布基纳法索,2252746.0
202607,76,第76章  铝及其制品,253,赞比亚,991682.0
202607,76,第76章  铝及其制品,302,丹麦,9775145.0
202607,76,第76章  铝及其制品,308,卢森堡,1815646.0
202607,76,第76章  铝及其制品,311,葡萄牙,5146788.0
202607,76,第76章  铝及其制品,322,冰岛,1928332.0
202607,76,第76章  铝及其制品,323,列支敦士登,51334.0
202607,76,第76章  铝及其制品,325,摩纳哥,2045.0
202607,76,第76章  铝及其制品,328,罗马尼亚,7870701.0
202607,76,第76章  铝及其制品,329,圣马力诺,4864.0
202607,76,第76章  铝及其制品,330,瑞典,7760805.0
202607,76,第76章  铝及其制品,331,瑞士,8143226.0
202607,76,第76章  铝及其制品,334,爱沙尼亚,1447757.0
202607,76,第76章  铝及其制品,335,拉脱维亚,1314323.0
202607,76,第76章  铝及其制品,343,摩尔多瓦,587620.0
202607,76,第76章  铝及其制品,347,乌克兰,8227836.0
202607,76,第76章  铝及其制品,352,捷克,13510420.0
202607,76,第76章  铝及其制品,353,斯洛伐克,2265341.0
202607,76,第76章  铝及其制品,354,北马其顿,331277.0
202607,76,第76章  铝及其制品,355,波斯尼亚和黑塞哥维那,1699994.0
202607,76,第76章  铝及其制品,402,阿根廷,14877051.0
202607,76,第76章  铝及其制品,411,开曼群岛,106917.0
202607,76,第76章  铝及其制品,412,智利,30307693.0
202607,76,第76章  铝及其制品,413,哥伦比亚,39340818.0
202607,76,第76章  铝及其制品,416,古巴,1109708.0
202607,76,第76章  铝及其制品,418,多米尼加 ,12115624.0
202607,76,第76章  铝及其制品,419,厄瓜多尔,5548865.0
202607,76,第76章  铝及其制品,423,危地马拉,15170266.0
202607,76,第76章  铝及其制品,426,洪都拉斯,4846444.0
202607,76,第76章  铝及其制品,432,巴拿马,10169479.0
202607,76,第76章  铝及其制品,433,巴拉圭,2433188.0
202607,76,第76章  铝及其制品,434,秘鲁,18988462.0
202607,76,第76章  铝及其制品,438,法属圣马丁 ,528154.0
202607,76,第76章  铝及其制品,439,圣文森特和格林纳丁斯 ,214938.0
202607,76,第76章  铝及其制品,445,委内瑞拉,2756964.0
202607,76,第76章  铝及其制品,447,圣基茨和尼维斯 ,22013.0
202607,76,第76章  铝及其制品,449,博纳尔，圣俄斯塔休斯和萨巴 ,41790.0
202607,76,第76章  铝及其制品,504,百慕大,52082.0
202607,76,第76章  铝及其制品,602,库克群岛,3157.0
202607,76,第76章  铝及其制品,603,斐济,978200.0
202607,76,第76章  铝及其制品,606,瑙鲁,11559.0
202607,76,第76章  铝及其制品,608,瓦努阿图,235960.0
202607,76,第76章  铝及其制品,609,新西兰,27309209.0
202607,76,第76章  铝及其制品,611,巴布亚新几内亚,2094106.0
202607,76,第76章  铝及其制品,613,所罗门群岛,416255.0
202607,76,第76章  铝及其制品,620,密克罗尼西亚联邦,9119.0
202607,76,第76章  铝及其制品,622,帕劳,6061.0
202607,76,第76章  铝及其制品,623,法属波利尼西亚,160091.0
202607,78,第78章  铅及其制品,101,阿富汗,34000.0
202607,78,第78章  铅及其制品,103,孟加拉国,70882.0
202607,78,第78章  铅及其制品,106,缅甸,24333.0
202607,78,第78章  铅及其制品,107,柬埔寨,87.0
202607,78,第78章  铅及其制品,115,以色列,1895.0
202607,78,第78章  铅及其制品,130,卡塔尔,141.0
202607,78,第78章  铅及其制品,131,沙特阿拉伯,3475.0
202607,78,第78章  铅及其制品,134,斯里兰卡,50221.0
202607,78,第78章  铅及其制品,146,吉尔吉斯斯坦,6021.0
202607,78,第78章  铅及其制品,201,阿尔及利亚,229836.0
202607,78,第78章  铅及其制品,215,埃及,1104.0
202607,78,第78章  铅及其制品,232,摩洛哥,1.0
202607,78,第78章  铅及其制品,236,尼日利亚,27929.0
202607,78,第78章  铅及其制品,238,卢旺达,16749.0
202607,78,第78章  铅及其制品,247,坦桑尼亚,3240.0
202607,78,第78章  铅及其制品,248,多哥,15958.0
202607,78,第78章  铅及其制品,253,赞比亚,8.0
202607,78,第78章  铅及其制品,311,葡萄牙,8302.0
202607,78,第78章  铅及其制品,331,瑞士,346.0
202607,78,第78章  铅及其制品,347,乌克兰,9112.0
202607,78,第78章  铅及其制品,412,智利,51448.0
202607,78,第78章  铅及其制品,413,哥伦比亚,566.0
202607,78,第78章  铅及其制品,418,多米尼加 ,23200.0
202607,78,第78章  铅及其制品,419,厄瓜多尔,3588.0
202607,78,第78章  铅及其制品,423,危地马拉,2025.0
202607,78,第78章  铅及其制品,426,洪都拉斯,31979.0
202607,78,第78章  铅及其制品,432,巴拿马,1150086.0
202607,78,第78章  铅及其制品,434,秘鲁,3100.0
202607,78,第78章  铅及其制品,445,委内瑞拉,2115.0
202607,79,第79章  锌及其制品,103,孟加拉国,406488.0
202607,79,第79章  锌及其制品,105,文莱,737.0
202607,79,第79章  锌及其制品,106,缅甸,2083.0
202607,79,第79章  锌及其制品,107,柬埔寨,9178.0
202607,79,第79章  锌及其制品,114,伊拉克,90.0
202607,79,第79章  锌及其制品,115,以色列,68557.0
202607,79,第79章  锌及其制品,117,约旦,20268.0
202607,79,第79章  锌及其制品,121,中国澳门,303.0
202607,79,第79章  锌及其制品,128,巴勒斯坦,8208.0
202607,79,第79章  锌及其制品,130,卡塔尔,6660.0
202607,79,第79章  锌及其制品,131,沙特阿拉伯,901538.0
202607,79,第79章  锌及其制品,134,斯里兰卡,85183.0
202607,79,第79章  锌及其制品,146,吉尔吉斯斯坦,78504.0
202607,79,第79章  锌及其制品,201,阿尔及利亚,15644.0
202607,79,第79章  锌及其制品,214,吉布提,520.0
202607,79,第79章  锌及其制品,215,埃及,9078.0
202607,79,第79章  锌及其制品,232,摩洛哥,5275.0
202607,79,第79章  锌及其制品,236,尼日利亚,770.0
202607,79,第79章  锌及其制品,238,卢旺达,15677.0
202607,79,第79章  锌及其制品,246,苏丹,41456.0
202607,79,第79章  锌及其制品,247,坦桑尼亚,40153.0
202607,79,第79章  锌及其制品,253,赞比亚,2084.0
202607,79,第79章  锌及其制品,302,丹麦,89781.0
202607,79,第79章  锌及其制品,311,葡萄牙,33396.0
202607,79,第79章  锌及其制品,328,罗马尼亚,52312.0
202607,79,第79章  锌及其制品,330,瑞典,51483.0
202607,79,第79章  锌及其制品,331,瑞士,24946.0
202607,79,第79章  锌及其制品,335,拉脱维亚,194.0
202607,79,第79章  锌及其制品,343,摩尔多瓦,6931.0
202607,79,第79章  锌及其制品,347,乌克兰,763.0
202607,79,第79章  锌及其制品,352,捷克,32829.0
202607,79,第79章  锌及其制品,353,斯洛伐克,217379.0
202607,79,第79章  锌及其制品,354,北马其顿,76450.0
202607,79,第79章  锌及其制品,402,阿根廷,1996.0
202607,79,第79章  锌及其制品,412,智利,105804.0
202607,79,第79章  锌及其制品,413,哥伦比亚,93769.0
202607,79,第79章  锌及其制品,418,多米尼加 ,39409.0
202607,79,第79章  锌及其制品,419,厄瓜多尔,76959.0
202607,79,第79章  锌及其制品,423,危地马拉,18469.0
202607,79,第79章  锌及其制品,426,洪都拉斯,6114.0
202607,79,第79章  锌及其制品,432,巴拿马,136334.0
202607,79,第79章  锌及其制品,433,巴拉圭,72985.0
202607,79,第79章  锌及其制品,434,秘鲁,1889.0
202607,79,第79章  锌及其制品,445,委内瑞拉,75668.0
202607,79,第79章  锌及其制品,504,百慕大,0.0
202607,79,第79章  锌及其制品,602,库克群岛,1.0
202607,79,第79章  锌及其制品,603,斐济,1.0
202607,79,第79章  锌及其制品,609,新西兰,15219.0
202607,80,第80章  锡及其制品,101,阿富汗,1962.0
202607,80,第80章  锡及其制品,106,缅甸,70889.0
202607,80,第80章  锡及其制品,107,柬埔寨,1534.0
202607,80,第80章  锡及其制品,114,伊拉克,26560.0
202607,80,第80章  锡及其制品,115,以色列,26655.0
202607,80,第80章  锡及其制品,117,约旦,1624.0
202607,80,第80章  锡及其制品,121,中国澳门,155.0
202607,80,第80章  锡及其制品,131,沙特阿拉伯,4332.0
202607,80,第80章  锡及其制品,134,斯里兰卡,112908.0
202607,80,第80章  锡及其制品,144,东帝汶,550.0
202607,80,第80章  锡及其制品,146,吉尔吉斯斯坦,4275.0
202607,80,第80章  锡及其制品,201,阿尔及利亚,1259.0
202607,80,第80章  锡及其制品,215,埃及,54103.0
202607,80,第80章  锡及其制品,226,利比亚,3222.0
202607,80,第80章  锡及其制品,236,尼日利亚,509483.0
202607,80,第80章  锡及其制品,238,卢旺达,65.0
202607,80,第80章  锡及其制品,248,多哥,1791.0
202607,80,第80章  锡及其制品,302,丹麦,9.0
202607,80,第80章  锡及其制品,328,罗马尼亚,158051.0
202607,80,第80章  锡及其制品,331,瑞士,24.0
202607,80,第80章  锡及其制品,334,爱沙尼亚,7.0
202607,80,第80章  锡及其制品,353,斯洛伐克,28962.0
202607,80,第80章  锡及其制品,402,阿根廷,5873.0
202607,80,第80章  锡及其制品,412,智利,39299.0
202607,80,第80章  锡及其制品,413,哥伦比亚,1.0
202607,80,第80章  锡及其制品,419,厄瓜多尔,887.0
202607,80,第80章  锡及其制品,432,巴拿马,25871.0
202607,80,第80章  锡及其制品,434,秘鲁,5566.0
202607,80,第80章  锡及其制品,445,委内瑞拉,19025.0
202607,80,第80章  锡及其制品,609,新西兰,559.0
202607,80,第80章  锡及其制品,611,巴布亚新几内亚,43638.0
202607,80,第80章  锡及其制品,613,所罗门群岛,2319.0
202607,81,第81章  其他贱金属、金属陶瓷及其制品,103,孟加拉国,88789.0
202607,81,第81章  其他贱金属、金属陶瓷及其制品,106,缅甸,2160.0
202607,81,第81章  其他贱金属、金属陶瓷及其制品,107,柬埔寨,64694.0
202607,81,第81章  其他贱金属、金属陶瓷及其制品,115,以色列,3869459.0
202607,81,第81章  其他贱金属、金属陶瓷及其制品,121,中国澳门,148.0
202607,81,第81章  其他贱金属、金属陶瓷及其制品,130,卡塔尔,2837.0
202607,81,第81章  其他贱金属、金属陶瓷及其制品,131,沙特阿拉伯,1623686.0
202607,81,第81章  其他贱金属、金属陶瓷及其制品,134,斯里兰卡,1459467.0
202607,81,第81章  其他贱金属、金属陶瓷及其制品,201,阿尔及利亚,2401.0
202607,81,第81章  其他贱金属、金属陶瓷及其制品,215,埃及,912177.0
202607,81,第81章  其他贱金属、金属陶瓷及其制品,232,摩洛哥,259507.0
202607,81,第81章  其他贱金属、金属陶瓷及其制品,236,尼日利亚,108400.0
202607,81,第81章  其他贱金属、金属陶瓷及其制品,247,坦桑尼亚,8354.0
202607,81,第81章  其他贱金属、金属陶瓷及其制品,253,赞比亚,954.0
202607,81,第81章  其他贱金属、金属陶瓷及其制品,302,丹麦,37395.0
202607,81,第81章  其他贱金属、金属陶瓷及其制品,308,卢森堡,343740.0
202607,81,第81章  其他贱金属、金属陶瓷及其制品,311,葡萄牙,134654.0
202607,81,第81章  其他贱金属、金属陶瓷及其制品,323,列支敦士登,215071.0
202607,81,第81章  其他贱金属、金属陶瓷及其制品,328,罗马尼亚,226984.0
202607,81,第81章  其他贱金属、金属陶瓷及其制品,329,圣马力诺,4786.0
202607,81,第81章  其他贱金属、金属陶瓷及其制品,330,瑞典,2036509.0
202607,81,第81章  其他贱金属、金属陶瓷及其制品,331,瑞士,3375234.0
202607,81,第81章  其他贱金属、金属陶瓷及其制品,334,爱沙尼亚,136187.0
202607,81,第81章  其他贱金属、金属陶瓷及其制品,335,拉脱维亚,64761.0
202607,81,第81章  其他贱金属、金属陶瓷及其制品,347,乌克兰,110552.0
202607,81,第81章  其他贱金属、金属陶瓷及其制品,352,捷克,644130.0
202607,81,第81章  其他贱金属、金属陶瓷及其制品,353,斯洛伐克,637942.0
202607,81,第81章  其他贱金属、金属陶瓷及其制品,402,阿根廷,559158.0
202607,81,第81章  其他贱金属、金属陶瓷及其制品,412,智利,250031.0
202607,81,第81章  其他贱金属、金属陶瓷及其制品,413,哥伦比亚,49796.0
202607,81,第81章  其他贱金属、金属陶瓷及其制品,418,多米尼加 ,18645.0
202607,81,第81章  其他贱金属、金属陶瓷及其制品,419,厄瓜多尔,63533.0
202607,81,第81章  其他贱金属、金属陶瓷及其制品,426,洪都拉斯,155521.0
202607,81,第81章  其他贱金属、金属陶瓷及其制品,432,巴拿马,40086.0
202607,81,第81章  其他贱金属、金属陶瓷及其制品,433,巴拉圭,67781.0
202607,81,第81章  其他贱金属、金属陶瓷及其制品,434,秘鲁,15602.0
202607,81,第81章  其他贱金属、金属陶瓷及其制品,445,委内瑞拉,388.0
202607,81,第81章  其他贱金属、金属陶瓷及其制品,609,新西兰,236923.0
202607,81,第81章  其他贱金属、金属陶瓷及其制品,611,巴布亚新几内亚,781.0
202607,82,第82章  贱金属工具、器具、利口器、餐匙、餐叉及其零件,101,阿富汗,775495.0
202607,82,第82章  贱金属工具、器具、利口器、餐匙、餐叉及其零件,103,孟加拉国,6993523.0
202607,82,第82章  贱金属工具、器具、利口器、餐匙、餐叉及其零件,105,文莱,160433.0
202607,82,第82章  贱金属工具、器具、利口器、餐匙、餐叉及其零件,106,缅甸,2833287.0
202607,82,第82章  贱金属工具、器具、利口器、餐匙、餐叉及其零件,107,柬埔寨,5759087.0
202607,82,第82章  贱金属工具、器具、利口器、餐匙、餐叉及其零件,114,伊拉克,20366052.0
202607,82,第82章  贱金属工具、器具、利口器、餐匙、餐叉及其零件,115,以色列,11615704.0
202607,82,第82章  贱金属工具、器具、利口器、餐匙、餐叉及其零件,117,约旦,3848436.0
202607,82,第82章  贱金属工具、器具、利口器、餐匙、餐叉及其零件,121,中国澳门,279517.0
202607,82,第82章  贱金属工具、器具、利口器、餐匙、餐叉及其零件,128,巴勒斯坦,293813.0
202607,82,第82章  贱金属工具、器具、利口器、餐匙、餐叉及其零件,130,卡塔尔,847361.0
202607,82,第82章  贱金属工具、器具、利口器、餐匙、餐叉及其零件,131,沙特阿拉伯,20526684.0
202607,82,第82章  贱金属工具、器具、利口器、餐匙、餐叉及其零件,134,斯里兰卡,3503605.0
202607,82,第82章  贱金属工具、器具、利口器、餐匙、餐叉及其零件,144,东帝汶,215191.0
202607,82,第82章  贱金属工具、器具、利口器、餐匙、餐叉及其零件,146,吉尔吉斯斯坦,14975586.0
202607,82,第82章  贱金属工具、器具、利口器、餐匙、餐叉及其零件,201,阿尔及利亚,6480505.0
202607,82,第82章  贱金属工具、器具、利口器、餐匙、餐叉及其零件,214,吉布提,3699727.0
202607,82,第82章  贱金属工具、器具、利口器、餐匙、餐叉及其零件,215,埃及,17685386.0
202607,82,第82章  贱金属工具、器具、利口器、餐匙、餐叉及其零件,216,赤道几内亚,78205.0
202607,82,第82章  贱金属工具、器具、利口器、餐匙、餐叉及其零件,226,利比亚,2748396.0
202607,82,第82章  贱金属工具、器具、利口器、餐匙、餐叉及其零件,228,马拉维,42521.0
202607,82,第82章  贱金属工具、器具、利口器、餐匙、餐叉及其零件,229,马里,159278.0
202607,82,第82章  贱金属工具、器具、利口器、餐匙、餐叉及其零件,232,摩洛哥,5742407.0
202607,82,第82章  贱金属工具、器具、利口器、餐匙、餐叉及其零件,236,尼日利亚,10955357.0
202607,82,第82章  贱金属工具、器具、利口器、餐匙、餐叉及其零件,238,卢旺达,233219.0
202607,82,第82章  贱金属工具、器具、利口器、餐匙、餐叉及其零件,246,苏丹,2511426.0
202607,82,第82章  贱金属工具、器具、利口器、餐匙、餐叉及其零件,247,坦桑尼亚,11321837.0
202607,82,第82章  贱金属工具、器具、利口器、餐匙、餐叉及其零件,248,多哥,2762076.0
202607,82,第82章  贱金属工具、器具、利口器、餐匙、餐叉及其零件,251,布基纳法索,393545.0
202607,82,第82章  贱金属工具、器具、利口器、餐匙、餐叉及其零件,253,赞比亚,1714217.0
202607,82,第82章  贱金属工具、器具、利口器、餐匙、餐叉及其零件,257,斯威士兰,45126.0
202607,82,第82章  贱金属工具、器具、利口器、餐匙、餐叉及其零件,302,丹麦,6924754.0
202607,82,第82章  贱金属工具、器具、利口器、餐匙、餐叉及其零件,308,卢森堡,259797.0
202607,82,第82章  贱金属工具、器具、利口器、餐匙、餐叉及其零件,311,葡萄牙,7918911.0
202607,82,第82章  贱金属工具、器具、利口器、餐匙、餐叉及其零件,322,冰岛,24664.0
202607,82,第82章  贱金属工具、器具、利口器、餐匙、餐叉及其零件,323,列支敦士登,647449.0
202607,82,第82章  贱金属工具、器具、利口器、餐匙、餐叉及其零件,328,罗马尼亚,9854686.0
202607,82,第82章  贱金属工具、器具、利口器、餐匙、餐叉及其零件,329,圣马力诺,47.0
202607,82,第82章  贱金属工具、器具、利口器、餐匙、餐叉及其零件,330,瑞典,16223828.0
202607,82,第82章  贱金属工具、器具、利口器、餐匙、餐叉及其零件,331,瑞士,6028484.0
202607,82,第82章  贱金属工具、器具、利口器、餐匙、餐叉及其零件,334,爱沙尼亚,759970.0
202607,82,第82章  贱金属工具、器具、利口器、餐匙、餐叉及其零件,335,拉脱维亚,1060049.0
202607,82,第82章  贱金属工具、器具、利口器、餐匙、餐叉及其零件,343,摩尔多瓦,320113.0
202607,82,第82章  贱金属工具、器具、利口器、餐匙、餐叉及其零件,347,乌克兰,7436688.0
202607,82,第82章  贱金属工具、器具、利口器、餐匙、餐叉及其零件,352,捷克,11418628.0
202607,82,第82章  贱金属工具、器具、利口器、餐匙、餐叉及其零件,353,斯洛伐克,1564597.0
202607,82,第82章  贱金属工具、器具、利口器、餐匙、餐叉及其零件,354,北马其顿,207552.0
202607,82,第82章  贱金属工具、器具、利口器、餐匙、餐叉及其零件,355,波斯尼亚和黑塞哥维那,354136.0
202607,82,第82章  贱金属工具、器具、利口器、餐匙、餐叉及其零件,402,阿根廷,15786092.0
202607,82,第82章  贱金属工具、器具、利口器、餐匙、餐叉及其零件,411,开曼群岛,15772.0
202607,82,第82章  贱金属工具、器具、利口器、餐匙、餐叉及其零件,412,智利,20589811.0
202607,82,第82章  贱金属工具、器具、利口器、餐匙、餐叉及其零件,413,哥伦比亚,16861175.0
202607,82,第82章  贱金属工具、器具、利口器、餐匙、餐叉及其零件,416,古巴,107515.0
202607,82,第82章  贱金属工具、器具、利口器、餐匙、餐叉及其零件,418,多米尼加 ,2355225.0
202607,82,第82章  贱金属工具、器具、利口器、餐匙、餐叉及其零件,419,厄瓜多尔,4596932.0
202607,82,第82章  贱金属工具、器具、利口器、餐匙、餐叉及其零件,423,危地马拉,3823500.0
202607,82,第82章  贱金属工具、器具、利口器、餐匙、餐叉及其零件,426,洪都拉斯,2346148.0
202607,82,第82章  贱金属工具、器具、利口器、餐匙、餐叉及其零件,432,巴拿马,4949675.0
202607,82,第82章  贱金属工具、器具、利口器、餐匙、餐叉及其零件,433,巴拉圭,1494136.0
202607,82,第82章  贱金属工具、器具、利口器、餐匙、餐叉及其零件,434,秘鲁,14984864.0
202607,82,第82章  贱金属工具、器具、利口器、餐匙、餐叉及其零件,438,法属圣马丁 ,2558.0
202607,82,第82章  贱金属工具、器具、利口器、餐匙、餐叉及其零件,439,圣文森特和格林纳丁斯 ,5053.0
202607,82,第82章  贱金属工具、器具、利口器、餐匙、餐叉及其零件,445,委内瑞拉,6696622.0
202607,82,第82章  贱金属工具、器具、利口器、餐匙、餐叉及其零件,447,圣基茨和尼维斯 ,1536.0
202607,82,第82章  贱金属工具、器具、利口器、餐匙、餐叉及其零件,504,百慕大,2.0
202607,82,第82章  贱金属工具、器具、利口器、餐匙、餐叉及其零件,602,库克群岛,2750.0
202607,82,第82章  贱金属工具、器具、利口器、餐匙、餐叉及其零件,603,斐济,310149.0
202607,82,第82章  贱金属工具、器具、利口器、餐匙、餐叉及其零件,606,瑙鲁,2816.0
202607,82,第82章  贱金属工具、器具、利口器、餐匙、餐叉及其零件,608,瓦努阿图,117587.0
202607,82,第82章  贱金属工具、器具、利口器、餐匙、餐叉及其零件,609,新西兰,3974525.0
202607,82,第82章  贱金属工具、器具、利口器、餐匙、餐叉及其零件,611,巴布亚新几内亚,2231373.0
202607,82,第82章  贱金属工具、器具、利口器、餐匙、餐叉及其零件,613,所罗门群岛,182225.0
202607,82,第82章  贱金属工具、器具、利口器、餐匙、餐叉及其零件,619,图瓦卢,2424.0
202607,82,第82章  贱金属工具、器具、利口器、餐匙、餐叉及其零件,620,密克罗尼西亚联邦,10329.0
202607,82,第82章  贱金属工具、器具、利口器、餐匙、餐叉及其零件,622,帕劳,5759.0
202607,82,第82章  贱金属工具、器具、利口器、餐匙、餐叉及其零件,623,法属波利尼西亚,113159.0
202607,83,第83章  贱金属杂项制品,101,阿富汗,3092788.0
202607,83,第83章  贱金属杂项制品,103,孟加拉国,16004329.0
202607,83,第83章  贱金属杂项制品,105,文莱,420616.0
202607,83,第83章  贱金属杂项制品,106,缅甸,7478698.0
202607,83,第83章  贱金属杂项制品,107,柬埔寨,34293033.0
202607,83,第83章  贱金属杂项制品,114,伊拉克,15599915.0
202607,83,第83章  贱金属杂项制品,115,以色列,16506490.0
202607,83,第83章  贱金属杂项制品,117,约旦,6703851.0
202607,83,第83章  贱金属杂项制品,121,中国澳门,478095.0
202607,83,第83章  贱金属杂项制品,128,巴勒斯坦,905409.0
202607,83,第83章  贱金属杂项制品,130,卡塔尔,2530342.0
202607,83,第83章  贱金属杂项制品,131,沙特阿拉伯,38507946.0
202607,83,第83章  贱金属杂项制品,134,斯里兰卡,5277610.0
202607,83,第83章  贱金属杂项制品,144,东帝汶,268222.0
202607,83,第83章  贱金属杂项制品,146,吉尔吉斯斯坦,21772014.0
202607,83,第83章  贱金属杂项制品,201,阿尔及利亚,10466708.0
202607,83,第83章  贱金属杂项制品,214,吉布提,5695808.0
202607,83,第83章  贱金属杂项制品,215,埃及,26258027.0
202607,83,第83章  贱金属杂项制品,216,赤道几内亚,180709.0
202607,83,第83章  贱金属杂项制品,226,利比亚,3871484.0
202607,83,第83章  贱金属杂项制品,228,马拉维,45366.0
202607,83,第83章  贱金属杂项制品,229,马里,109800.0
202607,83,第83章  贱金属杂项制品,232,摩洛哥,9902005.0
202607,83,第83章  贱金属杂项制品,236,尼日利亚,25857757.0
202607,83,第83章  贱金属杂项制品,238,卢旺达,314811.0
202607,83,第83章  贱金属杂项制品,246,苏丹,2862383.0
202607,83,第83章  贱金属杂项制品,247,坦桑尼亚,14377612.0
202607,83,第83章  贱金属杂项制品,248,多哥,4234114.0
202607,83,第83章  贱金属杂项制品,251,布基纳法索,738065.0
202607,83,第83章  贱金属杂项制品,253,赞比亚,961689.0
202607,83,第83章  贱金属杂项制品,257,斯威士兰,2985.0
202607,83,第83章  贱金属杂项制品,302,丹麦,8741204.0
202607,83,第83章  贱金属杂项制品,308,卢森堡,7184.0
202607,83,第83章  贱金属杂项制品,311,葡萄牙,5451790.0
202607,83,第83章  贱金属杂项制品,322,冰岛,10640.0
202607,83,第83章  贱金属杂项制品,323,列支敦士登,25070.0
202607,83,第83章  贱金属杂项制品,328,罗马尼亚,7683731.0
202607,83,第83章  贱金属杂项制品,329,圣马力诺,495.0
202607,83,第83章  贱金属杂项制品,330,瑞典,10494224.0
202607,83,第83章  贱金属杂项制品,331,瑞士,3387827.0
202607,83,第83章  贱金属杂项制品,334,爱沙尼亚,627121.0
202607,83,第83章  贱金属杂项制品,335,拉脱维亚,1033131.0
202607,83,第83章  贱金属杂项制品,343,摩尔多瓦,662103.0
202607,83,第83章  贱金属杂项制品,347,乌克兰,4049544.0
202607,83,第83章  贱金属杂项制品,352,捷克,8961458.0
202607,83,第83章  贱金属杂项制品,353,斯洛伐克,7288018.0
202607,83,第83章  贱金属杂项制品,354,北马其顿,248841.0
202607,83,第83章  贱金属杂项制品,355,波斯尼亚和黑塞哥维那,239535.0
202607,83,第83章  贱金属杂项制品,402,阿根廷,7841639.0
202607,83,第83章  贱金属杂项制品,411,开曼群岛,9234.0
202607,83,第83章  贱金属杂项制品,412,智利,14241099.0
202607,83,第83章  贱金属杂项制品,413,哥伦比亚,17392134.0
202607,83,第83章  贱金属杂项制品,416,古巴,297618.0
202607,83,第83章  贱金属杂项制品,418,多米尼加 ,7211420.0
202607,83,第83章  贱金属杂项制品,419,厄瓜多尔,6494970.0
202607,83,第83章  贱金属杂项制品,423,危地马拉,6457565.0
202607,83,第83章  贱金属杂项制品,426,洪都拉斯,1822817.0
202607,83,第83章  贱金属杂项制品,432,巴拿马,5560177.0
202607,83,第83章  贱金属杂项制品,433,巴拉圭,1018372.0
202607,83,第83章  贱金属杂项制品,434,秘鲁,12172281.0
202607,83,第83章  贱金属杂项制品,438,法属圣马丁 ,17485.0
202607,83,第83章  贱金属杂项制品,439,圣文森特和格林纳丁斯 ,6212.0
202607,83,第83章  贱金属杂项制品,445,委内瑞拉,5313162.0
202607,83,第83章  贱金属杂项制品,447,圣基茨和尼维斯 ,2840.0
202607,83,第83章  贱金属杂项制品,449,博纳尔，圣俄斯塔休斯和萨巴 ,302.0
202607,83,第83章  贱金属杂项制品,504,百慕大,34724.0
202607,83,第83章  贱金属杂项制品,602,库克群岛,420.0
202607,83,第83章  贱金属杂项制品,603,斐济,595518.0
202607,83,第83章  贱金属杂项制品,606,瑙鲁,2912.0
202607,83,第83章  贱金属杂项制品,608,瓦努阿图,67712.0
202607,83,第83章  贱金属杂项制品,609,新西兰,7209833.0
202607,83,第83章  贱金属杂项制品,611,巴布亚新几内亚,1164449.0
202607,83,第83章  贱金属杂项制品,613,所罗门群岛,181381.0
202607,83,第83章  贱金属杂项制品,620,密克罗尼西亚联邦,2118.0
202607,83,第83章  贱金属杂项制品,622,帕劳,153.0
202607,83,第83章  贱金属杂项制品,623,法属波利尼西亚,96916.0
202607,84,第84章  核反应堆、锅炉、机器、机械器具及零件,101,阿富汗,15841873.0
202607,84,第84章  核反应堆、锅炉、机器、机械器具及零件,103,孟加拉国,185411375.0
202607,84,第84章  核反应堆、锅炉、机器、机械器具及零件,105,文莱,8045664.0
202607,84,第84章  核反应堆、锅炉、机器、机械器具及零件,106,缅甸,63227962.0
202607,84,第84章  核反应堆、锅炉、机器、机械器具及零件,107,柬埔寨,142737385.0
202607,84,第84章  核反应堆、锅炉、机器、机械器具及零件,114,伊拉克,183377909.0
202607,84,第84章  核反应堆、锅炉、机器、机械器具及零件,115,以色列,244725297.0
202607,84,第84章  核反应堆、锅炉、机器、机械器具及零件,117,约旦,60523211.0
202607,84,第84章  核反应堆、锅炉、机器、机械器具及零件,121,中国澳门,18304891.0
202607,84,第84章  核反应堆、锅炉、机器、机械器具及零件,128,巴勒斯坦,4176049.0
202607,84,第84章  核反应堆、锅炉、机器、机械器具及零件,130,卡塔尔,779077083.0
202607,84,第84章  核反应堆、锅炉、机器、机械器具及零件,131,沙特阿拉伯,689476154.0
202607,84,第84章  核反应堆、锅炉、机器、机械器具及零件,134,斯里兰卡,94233473.0
202607,84,第84章  核反应堆、锅炉、机器、机械器具及零件,144,东帝汶,2098032.0
202607,84,第84章  核反应堆、锅炉、机器、机械器具及零件,146,吉尔吉斯斯坦,161682382.0
202607,84,第84章  核反应堆、锅炉、机器、机械器具及零件,201,阿尔及利亚,226294513.0
202607,84,第84章  核反应堆、锅炉、机器、机械器具及零件,214,吉布提,45923001.0
202607,84,第84章  核反应堆、锅炉、机器、机械器具及零件,215,埃及,284571424.0
202607,84,第84章  核反应堆、锅炉、机器、机械器具及零件,216,赤道几内亚,2269096.0
202607,84,第84章  核反应堆、锅炉、机器、机械器具及零件,226,利比亚,72283727.0
202607,84,第84章  核反应堆、锅炉、机器、机械器具及零件,228,马拉维,2354309.0
202607,84,第84章  核反应堆、锅炉、机器、机械器具及零件,229,马里,21619476.0
202607,84,第84章  核反应堆、锅炉、机器、机械器具及零件,232,摩洛哥,207799782.0
202607,84,第84章  核反应堆、锅炉、机器、机械器具及零件,236,尼日利亚,539541124.0
202607,84,第84章  核反应堆、锅炉、机器、机械器具及零件,238,卢旺达,6489070.0
202607,84,第84章  核反应堆、锅炉、机器、机械器具及零件,246,苏丹,31852166.0
202607,84,第84章  核反应堆、锅炉、机器、机械器具及零件,247,坦桑尼亚,124257247.0
202607,84,第84章  核反应堆、锅炉、机器、机械器具及零件,248,多哥,27553006.0
202607,84,第84章  核反应堆、锅炉、机器、机械器具及零件,251,布基纳法索,19343116.0
202607,84,第84章  核反应堆、锅炉、机器、机械器具及零件,253,赞比亚,46431161.0
202607,84,第84章  核反应堆、锅炉、机器、机械器具及零件,257,斯威士兰,829500.0
202607,84,第84章  核反应堆、锅炉、机器、机械器具及零件,302,丹麦,128518388.0
202607,84,第84章  核反应堆、锅炉、机器、机械器具及零件,308,卢森堡,4538167.0
202607,84,第84章  核反应堆、锅炉、机器、机械器具及零件,311,葡萄牙,99074803.0
202607,84,第84章  核反应堆、锅炉、机器、机械器具及零件,322,冰岛,3670503.0
202607,84,第84章  核反应堆、锅炉、机器、机械器具及零件,323,列支敦士登,1822464.0
202607,84,第84章  核反应堆、锅炉、机器、机械器具及零件,325,摩纳哥,126272.0
202607,84,第84章  核反应堆、锅炉、机器、机械器具及零件,328,罗马尼亚,242996394.0
202607,84,第84章  核反应堆、锅炉、机器、机械器具及零件,329,圣马力诺,344755.0
202607,84,第84章  核反应堆、锅炉、机器、机械器具及零件,330,瑞典,157756136.0
202607,84,第84章  核反应堆、锅炉、机器、机械器具及零件,331,瑞士,101740859.0
202607,84,第84章  核反应堆、锅炉、机器、机械器具及零件,334,爱沙尼亚,14203402.0
202607,84,第84章  核反应堆、锅炉、机器、机械器具及零件,335,拉脱维亚,9717732.0
202607,84,第84章  核反应堆、锅炉、机器、机械器具及零件,343,摩尔多瓦,8577800.0
202607,84,第84章  核反应堆、锅炉、机器、机械器具及零件,347,乌克兰,85545999.0
202607,84,第84章  核反应堆、锅炉、机器、机械器具及零件,352,捷克,325560744.0
202607,84,第84章  核反应堆、锅炉、机器、机械器具及零件,353,斯洛伐克,114749228.0
202607,84,第84章  核反应堆、锅炉、机器、机械器具及零件,354,北马其顿,11020222.0
202607,84,第84章  核反应堆、锅炉、机器、机械器具及零件,355,波斯尼亚和黑塞哥维那,11409469.0
202607,84,第84章  核反应堆、锅炉、机器、机械器具及零件,402,阿根廷,293376594.0
202607,84,第84章  核反应堆、锅炉、机器、机械器具及零件,411,开曼群岛,373328.0
202607,84,第84章  核反应堆、锅炉、机器、机械器具及零件,412,智利,256956175.0
202607,84,第84章  核反应堆、锅炉、机器、机械器具及零件,413,哥伦比亚,312848105.0
202607,84,第84章  核反应堆、锅炉、机器、机械器具及零件,416,古巴,1613137.0
202607,84,第84章  核反应堆、锅炉、机器、机械器具及零件,418,多米尼加 ,67745669.0
202607,84,第84章  核反应堆、锅炉、机器、机械器具及零件,419,厄瓜多尔,128187052.0
202607,84,第84章  核反应堆、锅炉、机器、机械器具及零件,423,危地马拉,52737440.0
202607,84,第84章  核反应堆、锅炉、机器、机械器具及零件,426,洪都拉斯,30051092.0
202607,84,第84章  核反应堆、锅炉、机器、机械器具及零件,432,巴拿马,265561077.0
202607,84,第84章  核反应堆、锅炉、机器、机械器具及零件,433,巴拉圭,98751820.0
202607,84,第84章  核反应堆、锅炉、机器、机械器具及零件,434,秘鲁,278147702.0
202607,84,第84章  核反应堆、锅炉、机器、机械器具及零件,438,法属圣马丁 ,279806.0
202607,84,第84章  核反应堆、锅炉、机器、机械器具及零件,439,圣文森特和格林纳丁斯 ,364449.0
202607,84,第84章  核反应堆、锅炉、机器、机械器具及零件,445,委内瑞拉,114330784.0
202607,84,第84章  核反应堆、锅炉、机器、机械器具及零件,447,圣基茨和尼维斯 ,8280164.0
202607,84,第84章  核反应堆、锅炉、机器、机械器具及零件,449,博纳尔，圣俄斯塔休斯和萨巴 ,47474.0
202607,84,第84章  核反应堆、锅炉、机器、机械器具及零件,504,百慕大,89570.0
202607,84,第84章  核反应堆、锅炉、机器、机械器具及零件,602,库克群岛,67529.0
202607,84,第84章  核反应堆、锅炉、机器、机械器具及零件,603,斐济,6909750.0
202607,84,第84章  核反应堆、锅炉、机器、机械器具及零件,606,瑙鲁,231469.0
202607,84,第84章  核反应堆、锅炉、机器、机械器具及零件,608,瓦努阿图,2979559.0
202607,84,第84章  核反应堆、锅炉、机器、机械器具及零件,609,新西兰,103543399.0
202607,84,第84章  核反应堆、锅炉、机器、机械器具及零件,611,巴布亚新几内亚,25999997.0
202607,84,第84章  核反应堆、锅炉、机器、机械器具及零件,613,所罗门群岛,1323692.0
202607,84,第84章  核反应堆、锅炉、机器、机械器具及零件,619,图瓦卢,1050576.0
202607,84,第84章  核反应堆、锅炉、机器、机械器具及零件,620,密克罗尼西亚联邦,207722.0
202607,84,第84章  核反应堆、锅炉、机器、机械器具及零件,622,帕劳,174971.0
202607,84,第84章  核反应堆、锅炉、机器、机械器具及零件,623,法属波利尼西亚,1930414.0
202607,85,第85章  电机、电气设备及其零件；录音机及放声机、电视图像、声音的录制和重放设备及其零件、附件,101,阿富汗,22755316.0
202607,85,第85章  电机、电气设备及其零件；录音机及放声机、电视图像、声音的录制和重放设备及其零件、附件,103,孟加拉国,224472249.0
202607,85,第85章  电机、电气设备及其零件；录音机及放声机、电视图像、声音的录制和重放设备及其零件、附件,105,文莱,4548775.0
202607,85,第85章  电机、电气设备及其零件；录音机及放声机、电视图像、声音的录制和重放设备及其零件、附件,106,缅甸,76412877.0
202607,85,第85章  电机、电气设备及其零件；录音机及放声机、电视图像、声音的录制和重放设备及其零件、附件,107,柬埔寨,151935869.0
202607,85,第85章  电机、电气设备及其零件；录音机及放声机、电视图像、声音的录制和重放设备及其零件、附件,114,伊拉克,194962274.0
202607,85,第85章  电机、电气设备及其零件；录音机及放声机、电视图像、声音的录制和重放设备及其零件、附件,115,以色列,260563840.0
202607,85,第85章  电机、电气设备及其零件；录音机及放声机、电视图像、声音的录制和重放设备及其零件、附件,117,约旦,96755054.0
202607,85,第85章  电机、电气设备及其零件；录音机及放声机、电视图像、声音的录制和重放设备及其零件、附件,121,中国澳门,32983562.0
202607,85,第85章  电机、电气设备及其零件；录音机及放声机、电视图像、声音的录制和重放设备及其零件、附件,128,巴勒斯坦,9852146.0
202607,85,第85章  电机、电气设备及其零件；录音机及放声机、电视图像、声音的录制和重放设备及其零件、附件,130,卡塔尔,36251993.0
202607,85,第85章  电机、电气设备及其零件；录音机及放声机、电视图像、声音的录制和重放设备及其零件、附件,131,沙特阿拉伯,800904309.0
202607,85,第85章  电机、电气设备及其零件；录音机及放声机、电视图像、声音的录制和重放设备及其零件、附件,134,斯里兰卡,58696646.0
202607,85,第85章  电机、电气设备及其零件；录音机及放声机、电视图像、声音的录制和重放设备及其零件、附件,144,东帝汶,3807507.0
202607,85,第85章  电机、电气设备及其零件；录音机及放声机、电视图像、声音的录制和重放设备及其零件、附件,146,吉尔吉斯斯坦,129395831.0
202607,85,第85章  电机、电气设备及其零件；录音机及放声机、电视图像、声音的录制和重放设备及其零件、附件,201,阿尔及利亚,157778940.0
202607,85,第85章  电机、电气设备及其零件；录音机及放声机、电视图像、声音的录制和重放设备及其零件、附件,214,吉布提,26885407.0
202607,85,第85章  电机、电气设备及其零件；录音机及放声机、电视图像、声音的录制和重放设备及其零件、附件,215,埃及,342725228.0
202607,85,第85章  电机、电气设备及其零件；录音机及放声机、电视图像、声音的录制和重放设备及其零件、附件,216,赤道几内亚,1738768.0
202607,85,第85章  电机、电气设备及其零件；录音机及放声机、电视图像、声音的录制和重放设备及其零件、附件,226,利比亚,51483341.0
202607,85,第85章  电机、电气设备及其零件；录音机及放声机、电视图像、声音的录制和重放设备及其零件、附件,228,马拉维,3110528.0
202607,85,第85章  电机、电气设备及其零件；录音机及放声机、电视图像、声音的录制和重放设备及其零件、附件,229,马里,19787311.0
202607,85,第85章  电机、电气设备及其零件；录音机及放声机、电视图像、声音的录制和重放设备及其零件、附件,232,摩洛哥,137731361.0
202607,85,第85章  电机、电气设备及其零件；录音机及放声机、电视图像、声音的录制和重放设备及其零件、附件,236,尼日利亚,409315038.0
202607,85,第85章  电机、电气设备及其零件；录音机及放声机、电视图像、声音的录制和重放设备及其零件、附件,238,卢旺达,12806969.0
202607,85,第85章  电机、电气设备及其零件；录音机及放声机、电视图像、声音的录制和重放设备及其零件、附件,246,苏丹,51054089.0
202607,85,第85章  电机、电气设备及其零件；录音机及放声机、电视图像、声音的录制和重放设备及其零件、附件,247,坦桑尼亚,130840101.0
202607,85,第85章  电机、电气设备及其零件；录音机及放声机、电视图像、声音的录制和重放设备及其零件、附件,248,多哥,43120884.0
202607,85,第85章  电机、电气设备及其零件；录音机及放声机、电视图像、声音的录制和重放设备及其零件、附件,251,布基纳法索,19342951.0
202607,85,第85章  电机、电气设备及其零件；录音机及放声机、电视图像、声音的录制和重放设备及其零件、附件,253,赞比亚,30953519.0
202607,85,第85章  电机、电气设备及其零件；录音机及放声机、电视图像、声音的录制和重放设备及其零件、附件,257,斯威士兰,392141.0
202607,85,第85章  电机、电气设备及其零件；录音机及放声机、电视图像、声音的录制和重放设备及其零件、附件,302,丹麦,159567941.0
202607,85,第85章  电机、电气设备及其零件；录音机及放声机、电视图像、声音的录制和重放设备及其零件、附件,308,卢森堡,7052743.0
202607,85,第85章  电机、电气设备及其零件；录音机及放声机、电视图像、声音的录制和重放设备及其零件、附件,311,葡萄牙,149896077.0
202607,85,第85章  电机、电气设备及其零件；录音机及放声机、电视图像、声音的录制和重放设备及其零件、附件,322,冰岛,18887513.0
202607,85,第85章  电机、电气设备及其零件；录音机及放声机、电视图像、声音的录制和重放设备及其零件、附件,323,列支敦士登,265268.0
202607,85,第85章  电机、电气设备及其零件；录音机及放声机、电视图像、声音的录制和重放设备及其零件、附件,325,摩纳哥,12791.0
202607,85,第85章  电机、电气设备及其零件；录音机及放声机、电视图像、声音的录制和重放设备及其零件、附件,328,罗马尼亚,516862370.0
202607,85,第85章  电机、电气设备及其零件；录音机及放声机、电视图像、声音的录制和重放设备及其零件、附件,329,圣马力诺,119312.0
202607,85,第85章  电机、电气设备及其零件；录音机及放声机、电视图像、声音的录制和重放设备及其零件、附件,330,瑞典,263802174.0
202607,85,第85章  电机、电气设备及其零件；录音机及放声机、电视图像、声音的录制和重放设备及其零件、附件,331,瑞士,92150480.0
202607,85,第85章  电机、电气设备及其零件；录音机及放声机、电视图像、声音的录制和重放设备及其零件、附件,334,爱沙尼亚,28768838.0
202607,85,第85章  电机、电气设备及其零件；录音机及放声机、电视图像、声音的录制和重放设备及其零件、附件,335,拉脱维亚,29794683.0
202607,85,第85章  电机、电气设备及其零件；录音机及放声机、电视图像、声音的录制和重放设备及其零件、附件,343,摩尔多瓦,13553385.0
202607,85,第85章  电机、电气设备及其零件；录音机及放声机、电视图像、声音的录制和重放设备及其零件、附件,347,乌克兰,181210053.0
202607,85,第85章  电机、电气设备及其零件；录音机及放声机、电视图像、声音的录制和重放设备及其零件、附件,352,捷克,923358779.0
202607,85,第85章  电机、电气设备及其零件；录音机及放声机、电视图像、声音的录制和重放设备及其零件、附件,353,斯洛伐克,211888222.0
202607,85,第85章  电机、电气设备及其零件；录音机及放声机、电视图像、声音的录制和重放设备及其零件、附件,354,北马其顿,12196318.0
202607,85,第85章  电机、电气设备及其零件；录音机及放声机、电视图像、声音的录制和重放设备及其零件、附件,355,波斯尼亚和黑塞哥维那,13475309.0
202607,85,第85章  电机、电气设备及其零件；录音机及放声机、电视图像、声音的录制和重放设备及其零件、附件,402,阿根廷,253129349.0
202607,85,第85章  电机、电气设备及其零件；录音机及放声机、电视图像、声音的录制和重放设备及其零件、附件,411,开曼群岛,142325.0
202607,85,第85章  电机、电气设备及其零件；录音机及放声机、电视图像、声音的录制和重放设备及其零件、附件,412,智利,502803549.0
202607,85,第85章  电机、电气设备及其零件；录音机及放声机、电视图像、声音的录制和重放设备及其零件、附件,413,哥伦比亚,331704971.0
202607,85,第85章  电机、电气设备及其零件；录音机及放声机、电视图像、声音的录制和重放设备及其零件、附件,416,古巴,28918731.0
202607,85,第85章  电机、电气设备及其零件；录音机及放声机、电视图像、声音的录制和重放设备及其零件、附件,418,多米尼加 ,71814859.0
202607,85,第85章  电机、电气设备及其零件；录音机及放声机、电视图像、声音的录制和重放设备及其零件、附件,419,厄瓜多尔,78922471.0
202607,85,第85章  电机、电气设备及其零件；录音机及放声机、电视图像、声音的录制和重放设备及其零件、附件,423,危地马拉,48757364.0
202607,85,第85章  电机、电气设备及其零件；录音机及放声机、电视图像、声音的录制和重放设备及其零件、附件,426,洪都拉斯,53372723.0
202607,85,第85章  电机、电气设备及其零件；录音机及放声机、电视图像、声音的录制和重放设备及其零件、附件,432,巴拿马,233995522.0
202607,85,第85章  电机、电气设备及其零件；录音机及放声机、电视图像、声音的录制和重放设备及其零件、附件,433,巴拉圭,60591648.0
202607,85,第85章  电机、电气设备及其零件；录音机及放声机、电视图像、声音的录制和重放设备及其零件、附件,434,秘鲁,220489807.0
202607,85,第85章  电机、电气设备及其零件；录音机及放声机、电视图像、声音的录制和重放设备及其零件、附件,438,法属圣马丁 ,111650.0
202607,85,第85章  电机、电气设备及其零件；录音机及放声机、电视图像、声音的录制和重放设备及其零件、附件,439,圣文森特和格林纳丁斯 ,240308.0
202607,85,第85章  电机、电气设备及其零件；录音机及放声机、电视图像、声音的录制和重放设备及其零件、附件,445,委内瑞拉,110540038.0
202607,85,第85章  电机、电气设备及其零件；录音机及放声机、电视图像、声音的录制和重放设备及其零件、附件,447,圣基茨和尼维斯 ,374843.0
202607,85,第85章  电机、电气设备及其零件；录音机及放声机、电视图像、声音的录制和重放设备及其零件、附件,449,博纳尔，圣俄斯塔休斯和萨巴 ,49291.0
202607,85,第85章  电机、电气设备及其零件；录音机及放声机、电视图像、声音的录制和重放设备及其零件、附件,504,百慕大,42734.0
202607,85,第85章  电机、电气设备及其零件；录音机及放声机、电视图像、声音的录制和重放设备及其零件、附件,602,库克群岛,14357.0
202607,85,第85章  电机、电气设备及其零件；录音机及放声机、电视图像、声音的录制和重放设备及其零件、附件,603,斐济,5544443.0
202607,85,第85章  电机、电气设备及其零件；录音机及放声机、电视图像、声音的录制和重放设备及其零件、附件,606,瑙鲁,86406.0
202607,85,第85章  电机、电气设备及其零件；录音机及放声机、电视图像、声音的录制和重放设备及其零件、附件,608,瓦努阿图,1555195.0
202607,85,第85章  电机、电气设备及其零件；录音机及放声机、电视图像、声音的录制和重放设备及其零件、附件,609,新西兰,130390600.0
202607,85,第85章  电机、电气设备及其零件；录音机及放声机、电视图像、声音的录制和重放设备及其零件、附件,611,巴布亚新几内亚,13530942.0
202607,85,第85章  电机、电气设备及其零件；录音机及放声机、电视图像、声音的录制和重放设备及其零件、附件,613,所罗门群岛,1309312.0
202607,85,第85章  电机、电气设备及其零件；录音机及放声机、电视图像、声音的录制和重放设备及其零件、附件,619,图瓦卢,4531.0
202607,85,第85章  电机、电气设备及其零件；录音机及放声机、电视图像、声音的录制和重放设备及其零件、附件,620,密克罗尼西亚联邦,260463.0
202607,85,第85章  电机、电气设备及其零件；录音机及放声机、电视图像、声音的录制和重放设备及其零件、附件,622,帕劳,169389.0
202607,85,第85章  电机、电气设备及其零件；录音机及放声机、电视图像、声音的录制和重放设备及其零件、附件,623,法属波利尼西亚,948562.0
202607,86,第86章  铁道及电车道机车、车辆及其零件；铁道及电车道轨道固定装置及其零件；附件；各种机械（包括电动机械）交通信号设备,101,阿富汗,900.0
202607,86,第86章  铁道及电车道机车、车辆及其零件；铁道及电车道轨道固定装置及其零件；附件；各种机械（包括电动机械）交通信号设备,103,孟加拉国,102025.0
202607,86,第86章  铁道及电车道机车、车辆及其零件；铁道及电车道轨道固定装置及其零件；附件；各种机械（包括电动机械）交通信号设备,105,文莱,190743.0
202607,86,第86章  铁道及电车道机车、车辆及其零件；铁道及电车道轨道固定装置及其零件；附件；各种机械（包括电动机械）交通信号设备,106,缅甸,34301.0
202607,86,第86章  铁道及电车道机车、车辆及其零件；铁道及电车道轨道固定装置及其零件；附件；各种机械（包括电动机械）交通信号设备,107,柬埔寨,11761.0
202607,86,第86章  铁道及电车道机车、车辆及其零件；铁道及电车道轨道固定装置及其零件；附件；各种机械（包括电动机械）交通信号设备,114,伊拉克,169181.0
202607,86,第86章  铁道及电车道机车、车辆及其零件；铁道及电车道轨道固定装置及其零件；附件；各种机械（包括电动机械）交通信号设备,115,以色列,2441408.0
202607,86,第86章  铁道及电车道机车、车辆及其零件；铁道及电车道轨道固定装置及其零件；附件；各种机械（包括电动机械）交通信号设备,117,约旦,4483.0
202607,86,第86章  铁道及电车道机车、车辆及其零件；铁道及电车道轨道固定装置及其零件；附件；各种机械（包括电动机械）交通信号设备,130,卡塔尔,18446.0
202607,86,第86章  铁道及电车道机车、车辆及其零件；铁道及电车道轨道固定装置及其零件；附件；各种机械（包括电动机械）交通信号设备,131,沙特阿拉伯,1020290.0
202607,86,第86章  铁道及电车道机车、车辆及其零件；铁道及电车道轨道固定装置及其零件；附件；各种机械（包括电动机械）交通信号设备,134,斯里兰卡,4657.0
202607,86,第86章  铁道及电车道机车、车辆及其零件；铁道及电车道轨道固定装置及其零件；附件；各种机械（包括电动机械）交通信号设备,146,吉尔吉斯斯坦,60810.0
202607,86,第86章  铁道及电车道机车、车辆及其零件；铁道及电车道轨道固定装置及其零件；附件；各种机械（包括电动机械）交通信号设备,201,阿尔及利亚,4036424.0
202607,86,第86章  铁道及电车道机车、车辆及其零件；铁道及电车道轨道固定装置及其零件；附件；各种机械（包括电动机械）交通信号设备,214,吉布提,187261.0
202607,86,第86章  铁道及电车道机车、车辆及其零件；铁道及电车道轨道固定装置及其零件；附件；各种机械（包括电动机械）交通信号设备,215,埃及,859247.0
202607,86,第86章  铁道及电车道机车、车辆及其零件；铁道及电车道轨道固定装置及其零件；附件；各种机械（包括电动机械）交通信号设备,226,利比亚,87703.0
202607,86,第86章  铁道及电车道机车、车辆及其零件；铁道及电车道轨道固定装置及其零件；附件；各种机械（包括电动机械）交通信号设备,232,摩洛哥,1192888.0
202607,86,第86章  铁道及电车道机车、车辆及其零件；铁道及电车道轨道固定装置及其零件；附件；各种机械（包括电动机械）交通信号设备,236,尼日利亚,615941.0
202607,86,第86章  铁道及电车道机车、车辆及其零件；铁道及电车道轨道固定装置及其零件；附件；各种机械（包括电动机械）交通信号设备,238,卢旺达,107303.0
202607,86,第86章  铁道及电车道机车、车辆及其零件；铁道及电车道轨道固定装置及其零件；附件；各种机械（包括电动机械）交通信号设备,247,坦桑尼亚,389089.0
202607,86,第86章  铁道及电车道机车、车辆及其零件；铁道及电车道轨道固定装置及其零件；附件；各种机械（包括电动机械）交通信号设备,253,赞比亚,1283.0
202607,86,第86章  铁道及电车道机车、车辆及其零件；铁道及电车道轨道固定装置及其零件；附件；各种机械（包括电动机械）交通信号设备,302,丹麦,190433750.0
202607,86,第86章  铁道及电车道机车、车辆及其零件；铁道及电车道轨道固定装置及其零件；附件；各种机械（包括电动机械）交通信号设备,308,卢森堡,26375.0
202607,86,第86章  铁道及电车道机车、车辆及其零件；铁道及电车道轨道固定装置及其零件；附件；各种机械（包括电动机械）交通信号设备,311,葡萄牙,153446.0
202607,86,第86章  铁道及电车道机车、车辆及其零件；铁道及电车道轨道固定装置及其零件；附件；各种机械（包括电动机械）交通信号设备,325,摩纳哥,54000.0
202607,86,第86章  铁道及电车道机车、车辆及其零件；铁道及电车道轨道固定装置及其零件；附件；各种机械（包括电动机械）交通信号设备,328,罗马尼亚,242373.0
202607,86,第86章  铁道及电车道机车、车辆及其零件；铁道及电车道轨道固定装置及其零件；附件；各种机械（包括电动机械）交通信号设备,330,瑞典,586846.0
202607,86,第86章  铁道及电车道机车、车辆及其零件；铁道及电车道轨道固定装置及其零件；附件；各种机械（包括电动机械）交通信号设备,331,瑞士,86447693.0
202607,86,第86章  铁道及电车道机车、车辆及其零件；铁道及电车道轨道固定装置及其零件；附件；各种机械（包括电动机械）交通信号设备,334,爱沙尼亚,550128.0
202607,86,第86章  铁道及电车道机车、车辆及其零件；铁道及电车道轨道固定装置及其零件；附件；各种机械（包括电动机械）交通信号设备,343,摩尔多瓦,2476.0
202607,86,第86章  铁道及电车道机车、车辆及其零件；铁道及电车道轨道固定装置及其零件；附件；各种机械（包括电动机械）交通信号设备,347,乌克兰,85050.0
202607,86,第86章  铁道及电车道机车、车辆及其零件；铁道及电车道轨道固定装置及其零件；附件；各种机械（包括电动机械）交通信号设备,352,捷克,1784260.0
202607,86,第86章  铁道及电车道机车、车辆及其零件；铁道及电车道轨道固定装置及其零件；附件；各种机械（包括电动机械）交通信号设备,353,斯洛伐克,837977.0
202607,86,第86章  铁道及电车道机车、车辆及其零件；铁道及电车道轨道固定装置及其零件；附件；各种机械（包括电动机械）交通信号设备,354,北马其顿,8651.0
202607,86,第86章  铁道及电车道机车、车辆及其零件；铁道及电车道轨道固定装置及其零件；附件；各种机械（包括电动机械）交通信号设备,355,波斯尼亚和黑塞哥维那,23247.0
202607,86,第86章  铁道及电车道机车、车辆及其零件；铁道及电车道轨道固定装置及其零件；附件；各种机械（包括电动机械）交通信号设备,402,阿根廷,324728.0
202607,86,第86章  铁道及电车道机车、车辆及其零件；铁道及电车道轨道固定装置及其零件；附件；各种机械（包括电动机械）交通信号设备,412,智利,1801030.0
202607,86,第86章  铁道及电车道机车、车辆及其零件；铁道及电车道轨道固定装置及其零件；附件；各种机械（包括电动机械）交通信号设备,413,哥伦比亚,967406.0
202607,86,第86章  铁道及电车道机车、车辆及其零件；铁道及电车道轨道固定装置及其零件；附件；各种机械（包括电动机械）交通信号设备,418,多米尼加 ,1910114.0
202607,86,第86章  铁道及电车道机车、车辆及其零件；铁道及电车道轨道固定装置及其零件；附件；各种机械（包括电动机械）交通信号设备,419,厄瓜多尔,189467.0
202607,86,第86章  铁道及电车道机车、车辆及其零件；铁道及电车道轨道固定装置及其零件；附件；各种机械（包括电动机械）交通信号设备,423,危地马拉,72957.0
202607,86,第86章  铁道及电车道机车、车辆及其零件；铁道及电车道轨道固定装置及其零件；附件；各种机械（包括电动机械）交通信号设备,432,巴拿马,10849.0
202607,86,第86章  铁道及电车道机车、车辆及其零件；铁道及电车道轨道固定装置及其零件；附件；各种机械（包括电动机械）交通信号设备,433,巴拉圭,11995.0
202607,86,第86章  铁道及电车道机车、车辆及其零件；铁道及电车道轨道固定装置及其零件；附件；各种机械（包括电动机械）交通信号设备,434,秘鲁,1025704.0
202607,86,第86章  铁道及电车道机车、车辆及其零件；铁道及电车道轨道固定装置及其零件；附件；各种机械（包括电动机械）交通信号设备,445,委内瑞拉,187686.0
202607,86,第86章  铁道及电车道机车、车辆及其零件；铁道及电车道轨道固定装置及其零件；附件；各种机械（包括电动机械）交通信号设备,504,百慕大,14545040.0
202607,86,第86章  铁道及电车道机车、车辆及其零件；铁道及电车道轨道固定装置及其零件；附件；各种机械（包括电动机械）交通信号设备,603,斐济,15800.0
202607,86,第86章  铁道及电车道机车、车辆及其零件；铁道及电车道轨道固定装置及其零件；附件；各种机械（包括电动机械）交通信号设备,609,新西兰,2263320.0
202607,86,第86章  铁道及电车道机车、车辆及其零件；铁道及电车道轨道固定装置及其零件；附件；各种机械（包括电动机械）交通信号设备,611,巴布亚新几内亚,556034.0
202607,86,第86章  铁道及电车道机车、车辆及其零件；铁道及电车道轨道固定装置及其零件；附件；各种机械（包括电动机械）交通信号设备,620,密克罗尼西亚联邦,9000.0
202607,86,第86章  铁道及电车道机车、车辆及其零件；铁道及电车道轨道固定装置及其零件；附件；各种机械（包括电动机械）交通信号设备,623,法属波利尼西亚,41146.0
202607,87,第87章  车辆及其零件、附件，但铁道及电车道车辆除外,101,阿富汗,11717404.0
202607,87,第87章  车辆及其零件、附件，但铁道及电车道车辆除外,103,孟加拉国,40788455.0
202607,87,第87章  车辆及其零件、附件，但铁道及电车道车辆除外,105,文莱,7830867.0
202607,87,第87章  车辆及其零件、附件，但铁道及电车道车辆除外,106,缅甸,94832376.0
202607,87,第87章  车辆及其零件、附件，但铁道及电车道车辆除外,107,柬埔寨,94631996.0
202607,87,第87章  车辆及其零件、附件，但铁道及电车道车辆除外,114,伊拉克,189239451.0
202607,87,第87章  车辆及其零件、附件，但铁道及电车道车辆除外,115,以色列,304901602.0
202607,87,第87章  车辆及其零件、附件，但铁道及电车道车辆除外,117,约旦,278363595.0
202607,87,第87章  车辆及其零件、附件，但铁道及电车道车辆除外,121,中国澳门,12585836.0
202607,87,第87章  车辆及其零件、附件，但铁道及电车道车辆除外,128,巴勒斯坦,8564752.0
202607,87,第87章  车辆及其零件、附件，但铁道及电车道车辆除外,130,卡塔尔,128219920.0
202607,87,第87章  车辆及其零件、附件，但铁道及电车道车辆除外,131,沙特阿拉伯,526595305.0
202607,87,第87章  车辆及其零件、附件，但铁道及电车道车辆除外,134,斯里兰卡,51460898.0
202607,87,第87章  车辆及其零件、附件，但铁道及电车道车辆除外,144,东帝汶,1203752.0
202607,87,第87章  车辆及其零件、附件，但铁道及电车道车辆除外,146,吉尔吉斯斯坦,579485018.0
202607,87,第87章  车辆及其零件、附件，但铁道及电车道车辆除外,201,阿尔及利亚,311548613.0
202607,87,第87章  车辆及其零件、附件，但铁道及电车道车辆除外,214,吉布提,74009677.0
202607,87,第87章  车辆及其零件、附件，但铁道及电车道车辆除外,215,埃及,308269395.0
202607,87,第87章  车辆及其零件、附件，但铁道及电车道车辆除外,216,赤道几内亚,769349.0
202607,87,第87章  车辆及其零件、附件，但铁道及电车道车辆除外,226,利比亚,38033355.0
202607,87,第87章  车辆及其零件、附件，但铁道及电车道车辆除外,228,马拉维,2679367.0
202607,87,第87章  车辆及其零件、附件，但铁道及电车道车辆除外,229,马里,47987589.0
202607,87,第87章  车辆及其零件、附件，但铁道及电车道车辆除外,232,摩洛哥,142276456.0
202607,87,第87章  车辆及其零件、附件，但铁道及电车道车辆除外,236,尼日利亚,242163275.0
202607,87,第87章  车辆及其零件、附件，但铁道及电车道车辆除外,238,卢旺达,16627995.0
202607,87,第87章  车辆及其零件、附件，但铁道及电车道车辆除外,246,苏丹,26212083.0
202607,87,第87章  车辆及其零件、附件，但铁道及电车道车辆除外,247,坦桑尼亚,204751424.0
202607,87,第87章  车辆及其零件、附件，但铁道及电车道车辆除外,248,多哥,87538133.0
202607,87,第87章  车辆及其零件、附件，但铁道及电车道车辆除外,251,布基纳法索,29841121.0
202607,87,第87章  车辆及其零件、附件，但铁道及电车道车辆除外,253,赞比亚,60768780.0
202607,87,第87章  车辆及其零件、附件，但铁道及电车道车辆除外,257,斯威士兰,125434.0
202607,87,第87章  车辆及其零件、附件，但铁道及电车道车辆除外,302,丹麦,33194553.0
202607,87,第87章  车辆及其零件、附件，但铁道及电车道车辆除外,308,卢森堡,111879.0
202607,87,第87章  车辆及其零件、附件，但铁道及电车道车辆除外,311,葡萄牙,44999520.0
202607,87,第87章  车辆及其零件、附件，但铁道及电车道车辆除外,322,冰岛,788642.0
202607,87,第87章  车辆及其零件、附件，但铁道及电车道车辆除外,323,列支敦士登,446859.0
202607,87,第87章  车辆及其零件、附件，但铁道及电车道车辆除外,325,摩纳哥,334580.0
202607,87,第87章  车辆及其零件、附件，但铁道及电车道车辆除外,328,罗马尼亚,70076973.0
202607,87,第87章  车辆及其零件、附件，但铁道及电车道车辆除外,329,圣马力诺,460.0
202607,87,第87章  车辆及其零件、附件，但铁道及电车道车辆除外,330,瑞典,59956240.0
202607,87,第87章  车辆及其零件、附件，但铁道及电车道车辆除外,331,瑞士,23313361.0
202607,87,第87章  车辆及其零件、附件，但铁道及电车道车辆除外,334,爱沙尼亚,5890678.0
202607,87,第87章  车辆及其零件、附件，但铁道及电车道车辆除外,335,拉脱维亚,3418279.0
202607,87,第87章  车辆及其零件、附件，但铁道及电车道车辆除外,343,摩尔多瓦,14988865.0
202607,87,第87章  车辆及其零件、附件，但铁道及电车道车辆除外,347,乌克兰,67536888.0
202607,87,第87章  车辆及其零件、附件，但铁道及电车道车辆除外,352,捷克,131070678.0
202607,87,第87章  车辆及其零件、附件，但铁道及电车道车辆除外,353,斯洛伐克,70428508.0
202607,87,第87章  车辆及其零件、附件，但铁道及电车道车辆除外,354,北马其顿,4119097.0
202607,87,第87章  车辆及其零件、附件，但铁道及电车道车辆除外,355,波斯尼亚和黑塞哥维那,3736736.0
202607,87,第87章  车辆及其零件、附件，但铁道及电车道车辆除外,402,阿根廷,281434806.0
202607,87,第87章  车辆及其零件、附件，但铁道及电车道车辆除外,411,开曼群岛,501473.0
202607,87,第87章  车辆及其零件、附件，但铁道及电车道车辆除外,412,智利,340945666.0
202607,87,第87章  车辆及其零件、附件，但铁道及电车道车辆除外,413,哥伦比亚,458405796.0
202607,87,第87章  车辆及其零件、附件，但铁道及电车道车辆除外,416,古巴,5904514.0
202607,87,第87章  车辆及其零件、附件，但铁道及电车道车辆除外,418,多米尼加 ,64683528.0
202607,87,第87章  车辆及其零件、附件，但铁道及电车道车辆除外,419,厄瓜多尔,217310898.0
202607,87,第87章  车辆及其零件、附件，但铁道及电车道车辆除外,423,危地马拉,89448059.0
202607,87,第87章  车辆及其零件、附件，但铁道及电车道车辆除外,426,洪都拉斯,26593872.0
202607,87,第87章  车辆及其零件、附件，但铁道及电车道车辆除外,432,巴拿马,97415613.0
202607,87,第87章  车辆及其零件、附件，但铁道及电车道车辆除外,433,巴拉圭,48224046.0
202607,87,第87章  车辆及其零件、附件，但铁道及电车道车辆除外,434,秘鲁,288184013.0
202607,87,第87章  车辆及其零件、附件，但铁道及电车道车辆除外,438,法属圣马丁 ,325402.0
202607,87,第87章  车辆及其零件、附件，但铁道及电车道车辆除外,439,圣文森特和格林纳丁斯 ,237851.0
202607,87,第87章  车辆及其零件、附件，但铁道及电车道车辆除外,445,委内瑞拉,132647628.0
202607,87,第87章  车辆及其零件、附件，但铁道及电车道车辆除外,447,圣基茨和尼维斯 ,217607.0
202607,87,第87章  车辆及其零件、附件，但铁道及电车道车辆除外,602,库克群岛,118689.0
202607,87,第87章  车辆及其零件、附件，但铁道及电车道车辆除外,603,斐济,2996183.0
202607,87,第87章  车辆及其零件、附件，但铁道及电车道车辆除外,606,瑙鲁,337994.0
202607,87,第87章  车辆及其零件、附件，但铁道及电车道车辆除外,608,瓦努阿图,886709.0
202607,87,第87章  车辆及其零件、附件，但铁道及电车道车辆除外,609,新西兰,82378282.0
202607,87,第87章  车辆及其零件、附件，但铁道及电车道车辆除外,611,巴布亚新几内亚,9590823.0
202607,87,第87章  车辆及其零件、附件，但铁道及电车道车辆除外,613,所罗门群岛,930690.0
202607,87,第87章  车辆及其零件、附件，但铁道及电车道车辆除外,619,图瓦卢,96030.0
202607,87,第87章  车辆及其零件、附件，但铁道及电车道车辆除外,620,密克罗尼西亚联邦,204774.0
202607,87,第87章  车辆及其零件、附件，但铁道及电车道车辆除外,622,帕劳,275924.0
202607,87,第87章  车辆及其零件、附件，但铁道及电车道车辆除外,623,法属波利尼西亚,4496386.0
202607,88,第88章  航空器、航天器及其零件,103,孟加拉国,21672.0
202607,88,第88章  航空器、航天器及其零件,107,柬埔寨,16963761.0
202607,88,第88章  航空器、航天器及其零件,115,以色列,2628092.0
202607,88,第88章  航空器、航天器及其零件,117,约旦,77668.0
202607,88,第88章  航空器、航天器及其零件,121,中国澳门,816.0
202607,88,第88章  航空器、航天器及其零件,130,卡塔尔,126017.0
202607,88,第88章  航空器、航天器及其零件,131,沙特阿拉伯,4067695.0
202607,88,第88章  航空器、航天器及其零件,134,斯里兰卡,254.0
202607,88,第88章  航空器、航天器及其零件,146,吉尔吉斯斯坦,177363.0
202607,88,第88章  航空器、航天器及其零件,215,埃及,83165.0
202607,88,第88章  航空器、航天器及其零件,232,摩洛哥,64391947.0
202607,88,第88章  航空器、航天器及其零件,236,尼日利亚,28400072.0
202607,88,第88章  航空器、航天器及其零件,247,坦桑尼亚,680.0
202607,88,第88章  航空器、航天器及其零件,251,布基纳法索,105326.0
202607,88,第88章  航空器、航天器及其零件,302,丹麦,2083915.0
202607,88,第88章  航空器、航天器及其零件,308,卢森堡,27175.0
202607,88,第88章  航空器、航天器及其零件,311,葡萄牙,517005.0
202607,88,第88章  航空器、航天器及其零件,322,冰岛,1293.0
202607,88,第88章  航空器、航天器及其零件,328,罗马尼亚,99782.0
202607,88,第88章  航空器、航天器及其零件,330,瑞典,22746.0
202607,88,第88章  航空器、航天器及其零件,331,瑞士,3542757.0
202607,88,第88章  航空器、航天器及其零件,334,爱沙尼亚,121583.0
202607,88,第88章  航空器、航天器及其零件,335,拉脱维亚,338938.0
202607,88,第88章  航空器、航天器及其零件,352,捷克,2155109.0
202607,88,第88章  航空器、航天器及其零件,353,斯洛伐克,53179.0
202607,88,第88章  航空器、航天器及其零件,355,波斯尼亚和黑塞哥维那,11743.0
202607,88,第88章  航空器、航天器及其零件,402,阿根廷,2201232.0
202607,88,第88章  航空器、航天器及其零件,412,智利,1024500.0
202607,88,第88章  航空器、航天器及其零件,413,哥伦比亚,2617082.0
202607,88,第88章  航空器、航天器及其零件,418,多米尼加 ,1382149.0
202607,88,第88章  航空器、航天器及其零件,419,厄瓜多尔,351028.0
202607,88,第88章  航空器、航天器及其零件,423,危地马拉,276623.0
202607,88,第88章  航空器、航天器及其零件,426,洪都拉斯,578.0
202607,88,第88章  航空器、航天器及其零件,432,巴拿马,856705.0
202607,88,第88章  航空器、航天器及其零件,433,巴拉圭,5086667.0
202607,88,第88章  航空器、航天器及其零件,434,秘鲁,5277547.0
202607,88,第88章  航空器、航天器及其零件,609,新西兰,316175.0
202607,89,第89章  船舶及浮动结构体,103,孟加拉国,98837.0
202607,89,第89章  船舶及浮动结构体,106,缅甸,1432418.0
202607,89,第89章  船舶及浮动结构体,107,柬埔寨,2689736.0
202607,89,第89章  船舶及浮动结构体,114,伊拉克,14886.0
202607,89,第89章  船舶及浮动结构体,115,以色列,479296.0
202607,89,第89章  船舶及浮动结构体,121,中国澳门,5112.0
202607,89,第89章  船舶及浮动结构体,130,卡塔尔,12449.0
202607,89,第89章  船舶及浮动结构体,131,沙特阿拉伯,134116.0
202607,89,第89章  船舶及浮动结构体,134,斯里兰卡,21784.0
202607,89,第89章  船舶及浮动结构体,144,东帝汶,14640.0
202607,89,第89章  船舶及浮动结构体,146,吉尔吉斯斯坦,3094760.0
202607,89,第89章  船舶及浮动结构体,201,阿尔及利亚,2594211.0
202607,89,第89章  船舶及浮动结构体,214,吉布提,529770.0
202607,89,第89章  船舶及浮动结构体,215,埃及,174608.0
202607,89,第89章  船舶及浮动结构体,226,利比亚,36535.0
202607,89,第89章  船舶及浮动结构体,236,尼日利亚,8588520.0
202607,89,第89章  船舶及浮动结构体,247,坦桑尼亚,275005.0
202607,89,第89章  船舶及浮动结构体,253,赞比亚,33660.0
202607,89,第89章  船舶及浮动结构体,257,斯威士兰,766.0
202607,89,第89章  船舶及浮动结构体,302,丹麦,19264.0
202607,89,第89章  船舶及浮动结构体,311,葡萄牙,10968005.0
202607,89,第89章  船舶及浮动结构体,328,罗马尼亚,350177.0
202607,89,第89章  船舶及浮动结构体,330,瑞典,39759438.0
202607,89,第89章  船舶及浮动结构体,331,瑞士,216261.0
202607,89,第89章  船舶及浮动结构体,334,爱沙尼亚,62180.0
202607,89,第89章  船舶及浮动结构体,343,摩尔多瓦,25135.0
202607,89,第89章  船舶及浮动结构体,347,乌克兰,73748.0
202607,89,第89章  船舶及浮动结构体,352,捷克,371397.0
202607,89,第89章  船舶及浮动结构体,354,北马其顿,300.0
202607,89,第89章  船舶及浮动结构体,355,波斯尼亚和黑塞哥维那,2245.0
202607,89,第89章  船舶及浮动结构体,402,阿根廷,206140.0
202607,89,第89章  船舶及浮动结构体,412,智利,785373.0
202607,89,第89章  船舶及浮动结构体,413,哥伦比亚,250068.0
202607,89,第89章  船舶及浮动结构体,418,多米尼加 ,34000411.0
202607,89,第89章  船舶及浮动结构体,419,厄瓜多尔,8727589.0
202607,89,第89章  船舶及浮动结构体,423,危地马拉,47427.0
202607,89,第89章  船舶及浮动结构体,432,巴拿马,159689466.0
202607,89,第89章  船舶及浮动结构体,433,巴拉圭,53987.0
202607,89,第89章  船舶及浮动结构体,434,秘鲁,42433.0
202607,89,第89章  船舶及浮动结构体,438,法属圣马丁 ,2291.0
202607,89,第89章  船舶及浮动结构体,445,委内瑞拉,33447.0
202607,89,第89章  船舶及浮动结构体,504,百慕大,359355.0
202607,89,第89章  船舶及浮动结构体,602,库克群岛,3435517.0
202607,89,第89章  船舶及浮动结构体,603,斐济,1200848.0
202607,89,第89章  船舶及浮动结构体,608,瓦努阿图,50665.0
202607,89,第89章  船舶及浮动结构体,609,新西兰,429959.0
202607,89,第89章  船舶及浮动结构体,611,巴布亚新几内亚,26858.0
202607,89,第89章  船舶及浮动结构体,613,所罗门群岛,2286.0
202607,89,第89章  船舶及浮动结构体,619,图瓦卢,4550000.0
202607,89,第89章  船舶及浮动结构体,620,密克罗尼西亚联邦,55730.0
202607,89,第89章  船舶及浮动结构体,622,帕劳,156834.0
202607,89,第89章  船舶及浮动结构体,623,法属波利尼西亚,345657.0
202607,90,第90章  光学、照相、电影、计量、检验、医疗或外科用仪器及设备、精密仪器及设备；上述物品的零件、附件,101,阿富汗,1839392.0
202607,90,第90章  光学、照相、电影、计量、检验、医疗或外科用仪器及设备、精密仪器及设备；上述物品的零件、附件,103,孟加拉国,24936497.0
202607,90,第90章  光学、照相、电影、计量、检验、医疗或外科用仪器及设备、精密仪器及设备；上述物品的零件、附件,105,文莱,305028.0
202607,90,第90章  光学、照相、电影、计量、检验、医疗或外科用仪器及设备、精密仪器及设备；上述物品的零件、附件,106,缅甸,8379073.0
202607,90,第90章  光学、照相、电影、计量、检验、医疗或外科用仪器及设备、精密仪器及设备；上述物品的零件、附件,107,柬埔寨,14086856.0
202607,90,第90章  光学、照相、电影、计量、检验、医疗或外科用仪器及设备、精密仪器及设备；上述物品的零件、附件,114,伊拉克,28543533.0
202607,90,第90章  光学、照相、电影、计量、检验、医疗或外科用仪器及设备、精密仪器及设备；上述物品的零件、附件,115,以色列,44702390.0
202607,90,第90章  光学、照相、电影、计量、检验、医疗或外科用仪器及设备、精密仪器及设备；上述物品的零件、附件,117,约旦,8623491.0
202607,90,第90章  光学、照相、电影、计量、检验、医疗或外科用仪器及设备、精密仪器及设备；上述物品的零件、附件,121,中国澳门,8427058.0
202607,90,第90章  光学、照相、电影、计量、检验、医疗或外科用仪器及设备、精密仪器及设备；上述物品的零件、附件,128,巴勒斯坦,479480.0
202607,90,第90章  光学、照相、电影、计量、检验、医疗或外科用仪器及设备、精密仪器及设备；上述物品的零件、附件,130,卡塔尔,7910819.0
202607,90,第90章  光学、照相、电影、计量、检验、医疗或外科用仪器及设备、精密仪器及设备；上述物品的零件、附件,131,沙特阿拉伯,57100546.0
202607,90,第90章  光学、照相、电影、计量、检验、医疗或外科用仪器及设备、精密仪器及设备；上述物品的零件、附件,134,斯里兰卡,3848577.0
202607,90,第90章  光学、照相、电影、计量、检验、医疗或外科用仪器及设备、精密仪器及设备；上述物品的零件、附件,144,东帝汶,68851.0
202607,90,第90章  光学、照相、电影、计量、检验、医疗或外科用仪器及设备、精密仪器及设备；上述物品的零件、附件,146,吉尔吉斯斯坦,11673688.0
202607,90,第90章  光学、照相、电影、计量、检验、医疗或外科用仪器及设备、精密仪器及设备；上述物品的零件、附件,201,阿尔及利亚,22449641.0
202607,90,第90章  光学、照相、电影、计量、检验、医疗或外科用仪器及设备、精密仪器及设备；上述物品的零件、附件,214,吉布提,1060116.0
202607,90,第90章  光学、照相、电影、计量、检验、医疗或外科用仪器及设备、精密仪器及设备；上述物品的零件、附件,215,埃及,45841843.0
202607,90,第90章  光学、照相、电影、计量、检验、医疗或外科用仪器及设备、精密仪器及设备；上述物品的零件、附件,216,赤道几内亚,91673.0
202607,90,第90章  光学、照相、电影、计量、检验、医疗或外科用仪器及设备、精密仪器及设备；上述物品的零件、附件,226,利比亚,3247908.0
202607,90,第90章  光学、照相、电影、计量、检验、医疗或外科用仪器及设备、精密仪器及设备；上述物品的零件、附件,228,马拉维,1830133.0
202607,90,第90章  光学、照相、电影、计量、检验、医疗或外科用仪器及设备、精密仪器及设备；上述物品的零件、附件,229,马里,323123.0
202607,90,第90章  光学、照相、电影、计量、检验、医疗或外科用仪器及设备、精密仪器及设备；上述物品的零件、附件,232,摩洛哥,22420036.0
202607,90,第90章  光学、照相、电影、计量、检验、医疗或外科用仪器及设备、精密仪器及设备；上述物品的零件、附件,236,尼日利亚,28432587.0
202607,90,第90章  光学、照相、电影、计量、检验、医疗或外科用仪器及设备、精密仪器及设备；上述物品的零件、附件,238,卢旺达,793689.0
202607,90,第90章  光学、照相、电影、计量、检验、医疗或外科用仪器及设备、精密仪器及设备；上述物品的零件、附件,246,苏丹,6984518.0
202607,90,第90章  光学、照相、电影、计量、检验、医疗或外科用仪器及设备、精密仪器及设备；上述物品的零件、附件,247,坦桑尼亚,6448782.0
202607,90,第90章  光学、照相、电影、计量、检验、医疗或外科用仪器及设备、精密仪器及设备；上述物品的零件、附件,248,多哥,2335775.0
202607,90,第90章  光学、照相、电影、计量、检验、医疗或外科用仪器及设备、精密仪器及设备；上述物品的零件、附件,251,布基纳法索,1123438.0
202607,90,第90章  光学、照相、电影、计量、检验、医疗或外科用仪器及设备、精密仪器及设备；上述物品的零件、附件,253,赞比亚,5005771.0
202607,90,第90章  光学、照相、电影、计量、检验、医疗或外科用仪器及设备、精密仪器及设备；上述物品的零件、附件,257,斯威士兰,48331.0
202607,90,第90章  光学、照相、电影、计量、检验、医疗或外科用仪器及设备、精密仪器及设备；上述物品的零件、附件,302,丹麦,26375638.0
202607,90,第90章  光学、照相、电影、计量、检验、医疗或外科用仪器及设备、精密仪器及设备；上述物品的零件、附件,308,卢森堡,1146487.0
202607,90,第90章  光学、照相、电影、计量、检验、医疗或外科用仪器及设备、精密仪器及设备；上述物品的零件、附件,311,葡萄牙,12848794.0
202607,90,第90章  光学、照相、电影、计量、检验、医疗或外科用仪器及设备、精密仪器及设备；上述物品的零件、附件,322,冰岛,410928.0
202607,90,第90章  光学、照相、电影、计量、检验、医疗或外科用仪器及设备、精密仪器及设备；上述物品的零件、附件,323,列支敦士登,403097.0
202607,90,第90章  光学、照相、电影、计量、检验、医疗或外科用仪器及设备、精密仪器及设备；上述物品的零件、附件,325,摩纳哥,47305.0
202607,90,第90章  光学、照相、电影、计量、检验、医疗或外科用仪器及设备、精密仪器及设备；上述物品的零件、附件,328,罗马尼亚,34955124.0
202607,90,第90章  光学、照相、电影、计量、检验、医疗或外科用仪器及设备、精密仪器及设备；上述物品的零件、附件,329,圣马力诺,8095.0
202607,90,第90章  光学、照相、电影、计量、检验、医疗或外科用仪器及设备、精密仪器及设备；上述物品的零件、附件,330,瑞典,23522244.0
202607,90,第90章  光学、照相、电影、计量、检验、医疗或外科用仪器及设备、精密仪器及设备；上述物品的零件、附件,331,瑞士,25915268.0
202607,90,第90章  光学、照相、电影、计量、检验、医疗或外科用仪器及设备、精密仪器及设备；上述物品的零件、附件,334,爱沙尼亚,5206024.0
202607,90,第90章  光学、照相、电影、计量、检验、医疗或外科用仪器及设备、精密仪器及设备；上述物品的零件、附件,335,拉脱维亚,4179017.0
202607,90,第90章  光学、照相、电影、计量、检验、医疗或外科用仪器及设备、精密仪器及设备；上述物品的零件、附件,343,摩尔多瓦,1196664.0
202607,90,第90章  光学、照相、电影、计量、检验、医疗或外科用仪器及设备、精密仪器及设备；上述物品的零件、附件,347,乌克兰,21610338.0
202607,90,第90章  光学、照相、电影、计量、检验、医疗或外科用仪器及设备、精密仪器及设备；上述物品的零件、附件,352,捷克,38327903.0
202607,90,第90章  光学、照相、电影、计量、检验、医疗或外科用仪器及设备、精密仪器及设备；上述物品的零件、附件,353,斯洛伐克,17224445.0
202607,90,第90章  光学、照相、电影、计量、检验、医疗或外科用仪器及设备、精密仪器及设备；上述物品的零件、附件,354,北马其顿,629217.0
202607,90,第90章  光学、照相、电影、计量、检验、医疗或外科用仪器及设备、精密仪器及设备；上述物品的零件、附件,355,波斯尼亚和黑塞哥维那,999353.0
202607,90,第90章  光学、照相、电影、计量、检验、医疗或外科用仪器及设备、精密仪器及设备；上述物品的零件、附件,402,阿根廷,33292056.0
202607,90,第90章  光学、照相、电影、计量、检验、医疗或外科用仪器及设备、精密仪器及设备；上述物品的零件、附件,411,开曼群岛,21565.0
202607,90,第90章  光学、照相、电影、计量、检验、医疗或外科用仪器及设备、精密仪器及设备；上述物品的零件、附件,412,智利,32603075.0
202607,90,第90章  光学、照相、电影、计量、检验、医疗或外科用仪器及设备、精密仪器及设备；上述物品的零件、附件,413,哥伦比亚,32496776.0
202607,90,第90章  光学、照相、电影、计量、检验、医疗或外科用仪器及设备、精密仪器及设备；上述物品的零件、附件,416,古巴,70452.0
202607,90,第90章  光学、照相、电影、计量、检验、医疗或外科用仪器及设备、精密仪器及设备；上述物品的零件、附件,418,多米尼加 ,7792925.0
202607,90,第90章  光学、照相、电影、计量、检验、医疗或外科用仪器及设备、精密仪器及设备；上述物品的零件、附件,419,厄瓜多尔,13309916.0
202607,90,第90章  光学、照相、电影、计量、检验、医疗或外科用仪器及设备、精密仪器及设备；上述物品的零件、附件,423,危地马拉,8189924.0
202607,90,第90章  光学、照相、电影、计量、检验、医疗或外科用仪器及设备、精密仪器及设备；上述物品的零件、附件,426,洪都拉斯,2988093.0
202607,90,第90章  光学、照相、电影、计量、检验、医疗或外科用仪器及设备、精密仪器及设备；上述物品的零件、附件,432,巴拿马,12365928.0
202607,90,第90章  光学、照相、电影、计量、检验、医疗或外科用仪器及设备、精密仪器及设备；上述物品的零件、附件,433,巴拉圭,4749416.0
202607,90,第90章  光学、照相、电影、计量、检验、医疗或外科用仪器及设备、精密仪器及设备；上述物品的零件、附件,434,秘鲁,32644362.0
202607,90,第90章  光学、照相、电影、计量、检验、医疗或外科用仪器及设备、精密仪器及设备；上述物品的零件、附件,438,法属圣马丁 ,226.0
202607,90,第90章  光学、照相、电影、计量、检验、医疗或外科用仪器及设备、精密仪器及设备；上述物品的零件、附件,439,圣文森特和格林纳丁斯 ,1879.0
202607,90,第90章  光学、照相、电影、计量、检验、医疗或外科用仪器及设备、精密仪器及设备；上述物品的零件、附件,445,委内瑞拉,13688273.0
202607,90,第90章  光学、照相、电影、计量、检验、医疗或外科用仪器及设备、精密仪器及设备；上述物品的零件、附件,447,圣基茨和尼维斯 ,51745.0
202607,90,第90章  光学、照相、电影、计量、检验、医疗或外科用仪器及设备、精密仪器及设备；上述物品的零件、附件,449,博纳尔，圣俄斯塔休斯和萨巴 ,1226.0
202607,90,第90章  光学、照相、电影、计量、检验、医疗或外科用仪器及设备、精密仪器及设备；上述物品的零件、附件,504,百慕大,2184.0
202607,90,第90章  光学、照相、电影、计量、检验、医疗或外科用仪器及设备、精密仪器及设备；上述物品的零件、附件,602,库克群岛,1129.0
202607,90,第90章  光学、照相、电影、计量、检验、医疗或外科用仪器及设备、精密仪器及设备；上述物品的零件、附件,603,斐济,438175.0
202607,90,第90章  光学、照相、电影、计量、检验、医疗或外科用仪器及设备、精密仪器及设备；上述物品的零件、附件,606,瑙鲁,80420.0
202607,90,第90章  光学、照相、电影、计量、检验、医疗或外科用仪器及设备、精密仪器及设备；上述物品的零件、附件,608,瓦努阿图,29242.0
202607,90,第90章  光学、照相、电影、计量、检验、医疗或外科用仪器及设备、精密仪器及设备；上述物品的零件、附件,609,新西兰,16185477.0
202607,90,第90章  光学、照相、电影、计量、检验、医疗或外科用仪器及设备、精密仪器及设备；上述物品的零件、附件,611,巴布亚新几内亚,644515.0
202607,90,第90章  光学、照相、电影、计量、检验、医疗或外科用仪器及设备、精密仪器及设备；上述物品的零件、附件,613,所罗门群岛,35438.0
202607,90,第90章  光学、照相、电影、计量、检验、医疗或外科用仪器及设备、精密仪器及设备；上述物品的零件、附件,619,图瓦卢,1415.0
202607,90,第90章  光学、照相、电影、计量、检验、医疗或外科用仪器及设备、精密仪器及设备；上述物品的零件、附件,620,密克罗尼西亚联邦,28100.0
202607,90,第90章  光学、照相、电影、计量、检验、医疗或外科用仪器及设备、精密仪器及设备；上述物品的零件、附件,622,帕劳,1207.0
202607,90,第90章  光学、照相、电影、计量、检验、医疗或外科用仪器及设备、精密仪器及设备；上述物品的零件、附件,623,法属波利尼西亚,25419.0
202607,91,第91章  钟表及其零件,101,阿富汗,83919.0
202607,91,第91章  钟表及其零件,103,孟加拉国,863265.0
202607,91,第91章  钟表及其零件,105,文莱,20224.0
202607,91,第91章  钟表及其零件,106,缅甸,184158.0
202607,91,第91章  钟表及其零件,107,柬埔寨,284779.0
202607,91,第91章  钟表及其零件,114,伊拉克,1808355.0
202607,91,第91章  钟表及其零件,115,以色列,1173687.0
202607,91,第91章  钟表及其零件,117,约旦,1659844.0
202607,91,第91章  钟表及其零件,121,中国澳门,59279.0
202607,91,第91章  钟表及其零件,128,巴勒斯坦,37738.0
202607,91,第91章  钟表及其零件,130,卡塔尔,626192.0
202607,91,第91章  钟表及其零件,131,沙特阿拉伯,4813001.0
202607,91,第91章  钟表及其零件,134,斯里兰卡,418203.0
202607,91,第91章  钟表及其零件,144,东帝汶,17283.0
202607,91,第91章  钟表及其零件,146,吉尔吉斯斯坦,851413.0
202607,91,第91章  钟表及其零件,201,阿尔及利亚,443844.0
202607,91,第91章  钟表及其零件,214,吉布提,60598.0
202607,91,第91章  钟表及其零件,215,埃及,1995210.0
202607,91,第91章  钟表及其零件,216,赤道几内亚,9443.0
202607,91,第91章  钟表及其零件,226,利比亚,229243.0
202607,91,第91章  钟表及其零件,232,摩洛哥,418878.0
202607,91,第91章  钟表及其零件,236,尼日利亚,1755565.0
202607,91,第91章  钟表及其零件,238,卢旺达,4984.0
202607,91,第91章  钟表及其零件,246,苏丹,151974.0
202607,91,第91章  钟表及其零件,247,坦桑尼亚,578591.0
202607,91,第91章  钟表及其零件,248,多哥,841282.0
202607,91,第91章  钟表及其零件,251,布基纳法索,398.0
202607,91,第91章  钟表及其零件,253,赞比亚,14555.0
202607,91,第91章  钟表及其零件,302,丹麦,1085033.0
202607,91,第91章  钟表及其零件,308,卢森堡,7664.0
202607,91,第91章  钟表及其零件,311,葡萄牙,313069.0
202607,91,第91章  钟表及其零件,322,冰岛,902.0
202607,91,第91章  钟表及其零件,328,罗马尼亚,550651.0
202607,91,第91章  钟表及其零件,330,瑞典,762815.0
202607,91,第91章  钟表及其零件,331,瑞士,16407964.0
202607,91,第91章  钟表及其零件,334,爱沙尼亚,10159.0
202607,91,第91章  钟表及其零件,335,拉脱维亚,83200.0
202607,91,第91章  钟表及其零件,343,摩尔多瓦,1158.0
202607,91,第91章  钟表及其零件,347,乌克兰,80033.0
202607,91,第91章  钟表及其零件,352,捷克,604699.0
202607,91,第91章  钟表及其零件,353,斯洛伐克,15318.0
202607,91,第91章  钟表及其零件,355,波斯尼亚和黑塞哥维那,51740.0
202607,91,第91章  钟表及其零件,402,阿根廷,787657.0
202607,91,第91章  钟表及其零件,411,开曼群岛,5988.0
202607,91,第91章  钟表及其零件,412,智利,1354194.0
202607,91,第91章  钟表及其零件,413,哥伦比亚,1857048.0
202607,91,第91章  钟表及其零件,416,古巴,650.0
202607,91,第91章  钟表及其零件,418,多米尼加 ,184601.0
202607,91,第91章  钟表及其零件,419,厄瓜多尔,223459.0
202607,91,第91章  钟表及其零件,423,危地马拉,196989.0
202607,91,第91章  钟表及其零件,426,洪都拉斯,269168.0
202607,91,第91章  钟表及其零件,432,巴拿马,1631254.0
202607,91,第91章  钟表及其零件,433,巴拉圭,617542.0
202607,91,第91章  钟表及其零件,434,秘鲁,1289304.0
202607,91,第91章  钟表及其零件,439,圣文森特和格林纳丁斯 ,7903.0
202607,91,第91章  钟表及其零件,445,委内瑞拉,661042.0
202607,91,第91章  钟表及其零件,504,百慕大,3.0
202607,91,第91章  钟表及其零件,602,库克群岛,191.0
202607,91,第91章  钟表及其零件,603,斐济,24146.0
202607,91,第91章  钟表及其零件,608,瓦努阿图,720.0
202607,91,第91章  钟表及其零件,609,新西兰,150685.0
202607,91,第91章  钟表及其零件,611,巴布亚新几内亚,46293.0
202607,91,第91章  钟表及其零件,613,所罗门群岛,1224.0
202607,91,第91章  钟表及其零件,623,法属波利尼西亚,1826.0
202607,92,第92章  乐器及其零件、附件,103,孟加拉国,145909.0
202607,92,第92章  乐器及其零件、附件,105,文莱,632.0
202607,92,第92章  乐器及其零件、附件,106,缅甸,74350.0
202607,92,第92章  乐器及其零件、附件,107,柬埔寨,20427.0
202607,92,第92章  乐器及其零件、附件,114,伊拉克,169711.0
202607,92,第92章  乐器及其零件、附件,115,以色列,580418.0
202607,92,第92章  乐器及其零件、附件,117,约旦,24965.0
202607,92,第92章  乐器及其零件、附件,121,中国澳门,25774.0
202607,92,第92章  乐器及其零件、附件,128,巴勒斯坦,22705.0
202607,92,第92章  乐器及其零件、附件,130,卡塔尔,3127.0
202607,92,第92章  乐器及其零件、附件,131,沙特阿拉伯,146930.0
202607,92,第92章  乐器及其零件、附件,134,斯里兰卡,120292.0
202607,92,第92章  乐器及其零件、附件,146,吉尔吉斯斯坦,212540.0
202607,92,第92章  乐器及其零件、附件,201,阿尔及利亚,10903.0
202607,92,第92章  乐器及其零件、附件,214,吉布提,9107.0
202607,92,第92章  乐器及其零件、附件,215,埃及,134933.0
202607,92,第92章  乐器及其零件、附件,226,利比亚,6410.0
202607,92,第92章  乐器及其零件、附件,232,摩洛哥,76310.0
202607,92,第92章  乐器及其零件、附件,236,尼日利亚,795493.0
202607,92,第92章  乐器及其零件、附件,246,苏丹,599.0
202607,92,第92章  乐器及其零件、附件,247,坦桑尼亚,416622.0
202607,92,第92章  乐器及其零件、附件,248,多哥,86960.0
202607,92,第92章  乐器及其零件、附件,302,丹麦,613790.0
202607,92,第92章  乐器及其零件、附件,311,葡萄牙,146065.0
202607,92,第92章  乐器及其零件、附件,322,冰岛,51691.0
202607,92,第92章  乐器及其零件、附件,328,罗马尼亚,289128.0
202607,92,第92章  乐器及其零件、附件,330,瑞典,920632.0
202607,92,第92章  乐器及其零件、附件,331,瑞士,57667.0
202607,92,第92章  乐器及其零件、附件,334,爱沙尼亚,7983.0
202607,92,第92章  乐器及其零件、附件,335,拉脱维亚,187938.0
202607,92,第92章  乐器及其零件、附件,343,摩尔多瓦,6401.0
202607,92,第92章  乐器及其零件、附件,347,乌克兰,410050.0
202607,92,第92章  乐器及其零件、附件,352,捷克,574422.0
202607,92,第92章  乐器及其零件、附件,353,斯洛伐克,882557.0
202607,92,第92章  乐器及其零件、附件,355,波斯尼亚和黑塞哥维那,825.0
202607,92,第92章  乐器及其零件、附件,402,阿根廷,590183.0
202607,92,第92章  乐器及其零件、附件,412,智利,1760365.0
202607,92,第92章  乐器及其零件、附件,413,哥伦比亚,964251.0
202607,92,第92章  乐器及其零件、附件,418,多米尼加 ,160056.0
202607,92,第92章  乐器及其零件、附件,419,厄瓜多尔,580075.0
202607,92,第92章  乐器及其零件、附件,423,危地马拉,620944.0
202607,92,第92章  乐器及其零件、附件,426,洪都拉斯,109733.0
202607,92,第92章  乐器及其零件、附件,432,巴拿马,670310.0
202607,92,第92章  乐器及其零件、附件,433,巴拉圭,215694.0
202607,92,第92章  乐器及其零件、附件,434,秘鲁,1854256.0
202607,92,第92章  乐器及其零件、附件,445,委内瑞拉,123306.0
202607,92,第92章  乐器及其零件、附件,602,库克群岛,39.0
202607,92,第92章  乐器及其零件、附件,603,斐济,8694.0
202607,92,第92章  乐器及其零件、附件,608,瓦努阿图,6990.0
202607,92,第92章  乐器及其零件、附件,609,新西兰,345236.0
202607,92,第92章  乐器及其零件、附件,611,巴布亚新几内亚,78144.0
202607,92,第92章  乐器及其零件、附件,613,所罗门群岛,2018.0
202607,92,第92章  乐器及其零件、附件,623,法属波利尼西亚,4520.0
202607,93,第93章  武器、弹药及其零件、附件,236,尼日利亚,18.0
202607,93,第93章  武器、弹药及其零件、附件,302,丹麦,76012.0
202607,93,第93章  武器、弹药及其零件、附件,331,瑞士,83220.0
202607,93,第93章  武器、弹药及其零件、附件,334,爱沙尼亚,13898.0
202607,93,第93章  武器、弹药及其零件、附件,347,乌克兰,19983.0
202607,93,第93章  武器、弹药及其零件、附件,352,捷克,30553.0
202607,93,第93章  武器、弹药及其零件、附件,353,斯洛伐克,147591.0
202607,93,第93章  武器、弹药及其零件、附件,402,阿根廷,198121.0
202607,93,第93章  武器、弹药及其零件、附件,412,智利,262549.0
202607,93,第93章  武器、弹药及其零件、附件,426,洪都拉斯,326828.0
202607,93,第93章  武器、弹药及其零件、附件,432,巴拿马,292180.0
202607,93,第93章  武器、弹药及其零件、附件,609,新西兰,49694.0
202607,94,第94章  家具；寝具、褥垫、弹簧床垫、软坐垫及类似的填充制品；未列名灯具及照明装置；发光标志、发光铭牌及类似品；活动房屋,101,阿富汗,1207562.0
202607,94,第94章  家具；寝具、褥垫、弹簧床垫、软坐垫及类似的填充制品；未列名灯具及照明装置；发光标志、发光铭牌及类似品；活动房屋,103,孟加拉国,14516011.0
202607,94,第94章  家具；寝具、褥垫、弹簧床垫、软坐垫及类似的填充制品；未列名灯具及照明装置；发光标志、发光铭牌及类似品；活动房屋,105,文莱,2207009.0
202607,94,第94章  家具；寝具、褥垫、弹簧床垫、软坐垫及类似的填充制品；未列名灯具及照明装置；发光标志、发光铭牌及类似品；活动房屋,106,缅甸,5860382.0
202607,94,第94章  家具；寝具、褥垫、弹簧床垫、软坐垫及类似的填充制品；未列名灯具及照明装置；发光标志、发光铭牌及类似品；活动房屋,107,柬埔寨,41354757.0
202607,94,第94章  家具；寝具、褥垫、弹簧床垫、软坐垫及类似的填充制品；未列名灯具及照明装置；发光标志、发光铭牌及类似品；活动房屋,114,伊拉克,67833411.0
202607,94,第94章  家具；寝具、褥垫、弹簧床垫、软坐垫及类似的填充制品；未列名灯具及照明装置；发光标志、发光铭牌及类似品；活动房屋,115,以色列,77079011.0
202607,94,第94章  家具；寝具、褥垫、弹簧床垫、软坐垫及类似的填充制品；未列名灯具及照明装置；发光标志、发光铭牌及类似品；活动房屋,117,约旦,20221928.0
202607,94,第94章  家具；寝具、褥垫、弹簧床垫、软坐垫及类似的填充制品；未列名灯具及照明装置；发光标志、发光铭牌及类似品；活动房屋,121,中国澳门,6537953.0
202607,94,第94章  家具；寝具、褥垫、弹簧床垫、软坐垫及类似的填充制品；未列名灯具及照明装置；发光标志、发光铭牌及类似品；活动房屋,128,巴勒斯坦,1922629.0
202607,94,第94章  家具；寝具、褥垫、弹簧床垫、软坐垫及类似的填充制品；未列名灯具及照明装置；发光标志、发光铭牌及类似品；活动房屋,130,卡塔尔,18367444.0
202607,94,第94章  家具；寝具、褥垫、弹簧床垫、软坐垫及类似的填充制品；未列名灯具及照明装置；发光标志、发光铭牌及类似品；活动房屋,131,沙特阿拉伯,161221555.0
202607,94,第94章  家具；寝具、褥垫、弹簧床垫、软坐垫及类似的填充制品；未列名灯具及照明装置；发光标志、发光铭牌及类似品；活动房屋,134,斯里兰卡,12057374.0
202607,94,第94章  家具；寝具、褥垫、弹簧床垫、软坐垫及类似的填充制品；未列名灯具及照明装置；发光标志、发光铭牌及类似品；活动房屋,144,东帝汶,2791559.0
202607,94,第94章  家具；寝具、褥垫、弹簧床垫、软坐垫及类似的填充制品；未列名灯具及照明装置；发光标志、发光铭牌及类似品；活动房屋,146,吉尔吉斯斯坦,44183249.0
202607,94,第94章  家具；寝具、褥垫、弹簧床垫、软坐垫及类似的填充制品；未列名灯具及照明装置；发光标志、发光铭牌及类似品；活动房屋,201,阿尔及利亚,22799699.0
202607,94,第94章  家具；寝具、褥垫、弹簧床垫、软坐垫及类似的填充制品；未列名灯具及照明装置；发光标志、发光铭牌及类似品；活动房屋,214,吉布提,11803851.0
202607,94,第94章  家具；寝具、褥垫、弹簧床垫、软坐垫及类似的填充制品；未列名灯具及照明装置；发光标志、发光铭牌及类似品；活动房屋,215,埃及,27351417.0
202607,94,第94章  家具；寝具、褥垫、弹簧床垫、软坐垫及类似的填充制品；未列名灯具及照明装置；发光标志、发光铭牌及类似品；活动房屋,216,赤道几内亚,803464.0
202607,94,第94章  家具；寝具、褥垫、弹簧床垫、软坐垫及类似的填充制品；未列名灯具及照明装置；发光标志、发光铭牌及类似品；活动房屋,226,利比亚,15841138.0
202607,94,第94章  家具；寝具、褥垫、弹簧床垫、软坐垫及类似的填充制品；未列名灯具及照明装置；发光标志、发光铭牌及类似品；活动房屋,228,马拉维,305349.0
202607,94,第94章  家具；寝具、褥垫、弹簧床垫、软坐垫及类似的填充制品；未列名灯具及照明装置；发光标志、发光铭牌及类似品；活动房屋,229,马里,767124.0
202607,94,第94章  家具；寝具、褥垫、弹簧床垫、软坐垫及类似的填充制品；未列名灯具及照明装置；发光标志、发光铭牌及类似品；活动房屋,232,摩洛哥,22900886.0
202607,94,第94章  家具；寝具、褥垫、弹簧床垫、软坐垫及类似的填充制品；未列名灯具及照明装置；发光标志、发光铭牌及类似品；活动房屋,236,尼日利亚,85596384.0
202607,94,第94章  家具；寝具、褥垫、弹簧床垫、软坐垫及类似的填充制品；未列名灯具及照明装置；发光标志、发光铭牌及类似品；活动房屋,238,卢旺达,1865123.0
202607,94,第94章  家具；寝具、褥垫、弹簧床垫、软坐垫及类似的填充制品；未列名灯具及照明装置；发光标志、发光铭牌及类似品；活动房屋,246,苏丹,6931318.0
202607,94,第94章  家具；寝具、褥垫、弹簧床垫、软坐垫及类似的填充制品；未列名灯具及照明装置；发光标志、发光铭牌及类似品；活动房屋,247,坦桑尼亚,40329984.0
202607,94,第94章  家具；寝具、褥垫、弹簧床垫、软坐垫及类似的填充制品；未列名灯具及照明装置；发光标志、发光铭牌及类似品；活动房屋,248,多哥,9563341.0
202607,94,第94章  家具；寝具、褥垫、弹簧床垫、软坐垫及类似的填充制品；未列名灯具及照明装置；发光标志、发光铭牌及类似品；活动房屋,251,布基纳法索,901066.0
202607,94,第94章  家具；寝具、褥垫、弹簧床垫、软坐垫及类似的填充制品；未列名灯具及照明装置；发光标志、发光铭牌及类似品；活动房屋,253,赞比亚,3887934.0
202607,94,第94章  家具；寝具、褥垫、弹簧床垫、软坐垫及类似的填充制品；未列名灯具及照明装置；发光标志、发光铭牌及类似品；活动房屋,257,斯威士兰,175614.0
202607,94,第94章  家具；寝具、褥垫、弹簧床垫、软坐垫及类似的填充制品；未列名灯具及照明装置；发光标志、发光铭牌及类似品；活动房屋,302,丹麦,63287185.0
202607,94,第94章  家具；寝具、褥垫、弹簧床垫、软坐垫及类似的填充制品；未列名灯具及照明装置；发光标志、发光铭牌及类似品；活动房屋,308,卢森堡,59143.0
202607,94,第94章  家具；寝具、褥垫、弹簧床垫、软坐垫及类似的填充制品；未列名灯具及照明装置；发光标志、发光铭牌及类似品；活动房屋,311,葡萄牙,21435271.0
202607,94,第94章  家具；寝具、褥垫、弹簧床垫、软坐垫及类似的填充制品；未列名灯具及照明装置；发光标志、发光铭牌及类似品；活动房屋,322,冰岛,1638789.0
202607,94,第94章  家具；寝具、褥垫、弹簧床垫、软坐垫及类似的填充制品；未列名灯具及照明装置；发光标志、发光铭牌及类似品；活动房屋,325,摩纳哥,7894.0
202607,94,第94章  家具；寝具、褥垫、弹簧床垫、软坐垫及类似的填充制品；未列名灯具及照明装置；发光标志、发光铭牌及类似品；活动房屋,328,罗马尼亚,38490211.0
202607,94,第94章  家具；寝具、褥垫、弹簧床垫、软坐垫及类似的填充制品；未列名灯具及照明装置；发光标志、发光铭牌及类似品；活动房屋,329,圣马力诺,28478.0
202607,94,第94章  家具；寝具、褥垫、弹簧床垫、软坐垫及类似的填充制品；未列名灯具及照明装置；发光标志、发光铭牌及类似品；活动房屋,330,瑞典,86572238.0
202607,94,第94章  家具；寝具、褥垫、弹簧床垫、软坐垫及类似的填充制品；未列名灯具及照明装置；发光标志、发光铭牌及类似品；活动房屋,331,瑞士,12768813.0
202607,94,第94章  家具；寝具、褥垫、弹簧床垫、软坐垫及类似的填充制品；未列名灯具及照明装置；发光标志、发光铭牌及类似品；活动房屋,334,爱沙尼亚,2902708.0
202607,94,第94章  家具；寝具、褥垫、弹簧床垫、软坐垫及类似的填充制品；未列名灯具及照明装置；发光标志、发光铭牌及类似品；活动房屋,335,拉脱维亚,4640055.0
202607,94,第94章  家具；寝具、褥垫、弹簧床垫、软坐垫及类似的填充制品；未列名灯具及照明装置；发光标志、发光铭牌及类似品；活动房屋,343,摩尔多瓦,1445259.0
202607,94,第94章  家具；寝具、褥垫、弹簧床垫、软坐垫及类似的填充制品；未列名灯具及照明装置；发光标志、发光铭牌及类似品；活动房屋,347,乌克兰,10598107.0
202607,94,第94章  家具；寝具、褥垫、弹簧床垫、软坐垫及类似的填充制品；未列名灯具及照明装置；发光标志、发光铭牌及类似品；活动房屋,352,捷克,24471463.0
202607,94,第94章  家具；寝具、褥垫、弹簧床垫、软坐垫及类似的填充制品；未列名灯具及照明装置；发光标志、发光铭牌及类似品；活动房屋,353,斯洛伐克,5128029.0
202607,94,第94章  家具；寝具、褥垫、弹簧床垫、软坐垫及类似的填充制品；未列名灯具及照明装置；发光标志、发光铭牌及类似品；活动房屋,354,北马其顿,1547054.0
202607,94,第94章  家具；寝具、褥垫、弹簧床垫、软坐垫及类似的填充制品；未列名灯具及照明装置；发光标志、发光铭牌及类似品；活动房屋,355,波斯尼亚和黑塞哥维那,1715267.0
202607,94,第94章  家具；寝具、褥垫、弹簧床垫、软坐垫及类似的填充制品；未列名灯具及照明装置；发光标志、发光铭牌及类似品；活动房屋,402,阿根廷,37757656.0
202607,94,第94章  家具；寝具、褥垫、弹簧床垫、软坐垫及类似的填充制品；未列名灯具及照明装置；发光标志、发光铭牌及类似品；活动房屋,411,开曼群岛,577551.0
202607,94,第94章  家具；寝具、褥垫、弹簧床垫、软坐垫及类似的填充制品；未列名灯具及照明装置；发光标志、发光铭牌及类似品；活动房屋,412,智利,81754883.0
202607,94,第94章  家具；寝具、褥垫、弹簧床垫、软坐垫及类似的填充制品；未列名灯具及照明装置；发光标志、发光铭牌及类似品；活动房屋,413,哥伦比亚,50122022.0
202607,94,第94章  家具；寝具、褥垫、弹簧床垫、软坐垫及类似的填充制品；未列名灯具及照明装置；发光标志、发光铭牌及类似品；活动房屋,416,古巴,380451.0
202607,94,第94章  家具；寝具、褥垫、弹簧床垫、软坐垫及类似的填充制品；未列名灯具及照明装置；发光标志、发光铭牌及类似品；活动房屋,418,多米尼加 ,22735766.0
202607,94,第94章  家具；寝具、褥垫、弹簧床垫、软坐垫及类似的填充制品；未列名灯具及照明装置；发光标志、发光铭牌及类似品；活动房屋,419,厄瓜多尔,13631825.0
202607,94,第94章  家具；寝具、褥垫、弹簧床垫、软坐垫及类似的填充制品；未列名灯具及照明装置；发光标志、发光铭牌及类似品；活动房屋,423,危地马拉,12711820.0
202607,94,第94章  家具；寝具、褥垫、弹簧床垫、软坐垫及类似的填充制品；未列名灯具及照明装置；发光标志、发光铭牌及类似品；活动房屋,426,洪都拉斯,7815502.0
202607,94,第94章  家具；寝具、褥垫、弹簧床垫、软坐垫及类似的填充制品；未列名灯具及照明装置；发光标志、发光铭牌及类似品；活动房屋,432,巴拿马,30830299.0
202607,94,第94章  家具；寝具、褥垫、弹簧床垫、软坐垫及类似的填充制品；未列名灯具及照明装置；发光标志、发光铭牌及类似品；活动房屋,433,巴拉圭,3077013.0
202607,94,第94章  家具；寝具、褥垫、弹簧床垫、软坐垫及类似的填充制品；未列名灯具及照明装置；发光标志、发光铭牌及类似品；活动房屋,434,秘鲁,40274512.0
202607,94,第94章  家具；寝具、褥垫、弹簧床垫、软坐垫及类似的填充制品；未列名灯具及照明装置；发光标志、发光铭牌及类似品；活动房屋,438,法属圣马丁 ,30236.0
202607,94,第94章  家具；寝具、褥垫、弹簧床垫、软坐垫及类似的填充制品；未列名灯具及照明装置；发光标志、发光铭牌及类似品；活动房屋,439,圣文森特和格林纳丁斯 ,80579.0
202607,94,第94章  家具；寝具、褥垫、弹簧床垫、软坐垫及类似的填充制品；未列名灯具及照明装置；发光标志、发光铭牌及类似品；活动房屋,445,委内瑞拉,20856499.0
202607,94,第94章  家具；寝具、褥垫、弹簧床垫、软坐垫及类似的填充制品；未列名灯具及照明装置；发光标志、发光铭牌及类似品；活动房屋,447,圣基茨和尼维斯 ,89677.0
202607,94,第94章  家具；寝具、褥垫、弹簧床垫、软坐垫及类似的填充制品；未列名灯具及照明装置；发光标志、发光铭牌及类似品；活动房屋,504,百慕大,66133.0
202607,94,第94章  家具；寝具、褥垫、弹簧床垫、软坐垫及类似的填充制品；未列名灯具及照明装置；发光标志、发光铭牌及类似品；活动房屋,602,库克群岛,59096.0
202607,94,第94章  家具；寝具、褥垫、弹簧床垫、软坐垫及类似的填充制品；未列名灯具及照明装置；发光标志、发光铭牌及类似品；活动房屋,603,斐济,3947944.0
202607,94,第94章  家具；寝具、褥垫、弹簧床垫、软坐垫及类似的填充制品；未列名灯具及照明装置；发光标志、发光铭牌及类似品；活动房屋,606,瑙鲁,124505.0
202607,94,第94章  家具；寝具、褥垫、弹簧床垫、软坐垫及类似的填充制品；未列名灯具及照明装置；发光标志、发光铭牌及类似品；活动房屋,608,瓦努阿图,1343897.0
202607,94,第94章  家具；寝具、褥垫、弹簧床垫、软坐垫及类似的填充制品；未列名灯具及照明装置；发光标志、发光铭牌及类似品；活动房屋,609,新西兰,41313275.0
202607,94,第94章  家具；寝具、褥垫、弹簧床垫、软坐垫及类似的填充制品；未列名灯具及照明装置；发光标志、发光铭牌及类似品；活动房屋,611,巴布亚新几内亚,7001684.0
202607,94,第94章  家具；寝具、褥垫、弹簧床垫、软坐垫及类似的填充制品；未列名灯具及照明装置；发光标志、发光铭牌及类似品；活动房屋,613,所罗门群岛,964205.0
202607,94,第94章  家具；寝具、褥垫、弹簧床垫、软坐垫及类似的填充制品；未列名灯具及照明装置；发光标志、发光铭牌及类似品；活动房屋,619,图瓦卢,1440.0
202607,94,第94章  家具；寝具、褥垫、弹簧床垫、软坐垫及类似的填充制品；未列名灯具及照明装置；发光标志、发光铭牌及类似品；活动房屋,620,密克罗尼西亚联邦,169229.0
202607,94,第94章  家具；寝具、褥垫、弹簧床垫、软坐垫及类似的填充制品；未列名灯具及照明装置；发光标志、发光铭牌及类似品；活动房屋,622,帕劳,208795.0
202607,94,第94章  家具；寝具、褥垫、弹簧床垫、软坐垫及类似的填充制品；未列名灯具及照明装置；发光标志、发光铭牌及类似品；活动房屋,623,法属波利尼西亚,1183789.0
202607,95,第95章  玩具、游戏品、运动用品及其零件、附件,101,阿富汗,198482.0
202607,95,第95章  玩具、游戏品、运动用品及其零件、附件,103,孟加拉国,8512564.0
202607,95,第95章  玩具、游戏品、运动用品及其零件、附件,105,文莱,504301.0
202607,95,第95章  玩具、游戏品、运动用品及其零件、附件,106,缅甸,2159191.0
202607,95,第95章  玩具、游戏品、运动用品及其零件、附件,107,柬埔寨,9258428.0
202607,95,第95章  玩具、游戏品、运动用品及其零件、附件,114,伊拉克,16155076.0
202607,95,第95章  玩具、游戏品、运动用品及其零件、附件,115,以色列,25897280.0
202607,95,第95章  玩具、游戏品、运动用品及其零件、附件,117,约旦,7656147.0
202607,95,第95章  玩具、游戏品、运动用品及其零件、附件,121,中国澳门,1687812.0
202607,95,第95章  玩具、游戏品、运动用品及其零件、附件,128,巴勒斯坦,1177792.0
202607,95,第95章  玩具、游戏品、运动用品及其零件、附件,130,卡塔尔,3599154.0
202607,95,第95章  玩具、游戏品、运动用品及其零件、附件,131,沙特阿拉伯,50777676.0
202607,95,第95章  玩具、游戏品、运动用品及其零件、附件,134,斯里兰卡,4070861.0
202607,95,第95章  玩具、游戏品、运动用品及其零件、附件,144,东帝汶,413944.0
202607,95,第95章  玩具、游戏品、运动用品及其零件、附件,146,吉尔吉斯斯坦,30950973.0
202607,95,第95章  玩具、游戏品、运动用品及其零件、附件,201,阿尔及利亚,2683788.0
202607,95,第95章  玩具、游戏品、运动用品及其零件、附件,214,吉布提,2825570.0
202607,95,第95章  玩具、游戏品、运动用品及其零件、附件,215,埃及,16068409.0
202607,95,第95章  玩具、游戏品、运动用品及其零件、附件,216,赤道几内亚,67271.0
202607,95,第95章  玩具、游戏品、运动用品及其零件、附件,226,利比亚,2754615.0
202607,95,第95章  玩具、游戏品、运动用品及其零件、附件,228,马拉维,80445.0
202607,95,第95章  玩具、游戏品、运动用品及其零件、附件,229,马里,266098.0
202607,95,第95章  玩具、游戏品、运动用品及其零件、附件,232,摩洛哥,6440391.0
202607,95,第95章  玩具、游戏品、运动用品及其零件、附件,236,尼日利亚,8679767.0
202607,95,第95章  玩具、游戏品、运动用品及其零件、附件,238,卢旺达,123131.0
202607,95,第95章  玩具、游戏品、运动用品及其零件、附件,246,苏丹,718617.0
202607,95,第95章  玩具、游戏品、运动用品及其零件、附件,247,坦桑尼亚,7216584.0
202607,95,第95章  玩具、游戏品、运动用品及其零件、附件,248,多哥,1496444.0
202607,95,第95章  玩具、游戏品、运动用品及其零件、附件,251,布基纳法索,41665.0
202607,95,第95章  玩具、游戏品、运动用品及其零件、附件,253,赞比亚,178597.0
202607,95,第95章  玩具、游戏品、运动用品及其零件、附件,257,斯威士兰,150939.0
202607,95,第95章  玩具、游戏品、运动用品及其零件、附件,302,丹麦,38003222.0
202607,95,第95章  玩具、游戏品、运动用品及其零件、附件,308,卢森堡,181821.0
202607,95,第95章  玩具、游戏品、运动用品及其零件、附件,311,葡萄牙,12576206.0
202607,95,第95章  玩具、游戏品、运动用品及其零件、附件,322,冰岛,375598.0
202607,95,第95章  玩具、游戏品、运动用品及其零件、附件,325,摩纳哥,4420.0
202607,95,第95章  玩具、游戏品、运动用品及其零件、附件,328,罗马尼亚,25869931.0
202607,95,第95章  玩具、游戏品、运动用品及其零件、附件,329,圣马力诺,36051.0
202607,95,第95章  玩具、游戏品、运动用品及其零件、附件,330,瑞典,37402718.0
202607,95,第95章  玩具、游戏品、运动用品及其零件、附件,331,瑞士,7557882.0
202607,95,第95章  玩具、游戏品、运动用品及其零件、附件,334,爱沙尼亚,2424232.0
202607,95,第95章  玩具、游戏品、运动用品及其零件、附件,335,拉脱维亚,2172791.0
202607,95,第95章  玩具、游戏品、运动用品及其零件、附件,343,摩尔多瓦,417630.0
202607,95,第95章  玩具、游戏品、运动用品及其零件、附件,347,乌克兰,17264628.0
202607,95,第95章  玩具、游戏品、运动用品及其零件、附件,352,捷克,25101015.0
202607,95,第95章  玩具、游戏品、运动用品及其零件、附件,353,斯洛伐克,5984529.0
202607,95,第95章  玩具、游戏品、运动用品及其零件、附件,354,北马其顿,435716.0
202607,95,第95章  玩具、游戏品、运动用品及其零件、附件,355,波斯尼亚和黑塞哥维那,460512.0
202607,95,第95章  玩具、游戏品、运动用品及其零件、附件,402,阿根廷,33441239.0
202607,95,第95章  玩具、游戏品、运动用品及其零件、附件,411,开曼群岛,45335.0
202607,95,第95章  玩具、游戏品、运动用品及其零件、附件,412,智利,72917418.0
202607,95,第95章  玩具、游戏品、运动用品及其零件、附件,413,哥伦比亚,73971895.0
202607,95,第95章  玩具、游戏品、运动用品及其零件、附件,416,古巴,16321.0
202607,95,第95章  玩具、游戏品、运动用品及其零件、附件,418,多米尼加 ,11589298.0
202607,95,第95章  玩具、游戏品、运动用品及其零件、附件,419,厄瓜多尔,19717490.0
202607,95,第95章  玩具、游戏品、运动用品及其零件、附件,423,危地马拉,13872691.0
202607,95,第95章  玩具、游戏品、运动用品及其零件、附件,426,洪都拉斯,5842018.0
202607,95,第95章  玩具、游戏品、运动用品及其零件、附件,432,巴拿马,25485854.0
202607,95,第95章  玩具、游戏品、运动用品及其零件、附件,433,巴拉圭,5137955.0
202607,95,第95章  玩具、游戏品、运动用品及其零件、附件,434,秘鲁,55107072.0
202607,95,第95章  玩具、游戏品、运动用品及其零件、附件,438,法属圣马丁 ,23264.0
202607,95,第95章  玩具、游戏品、运动用品及其零件、附件,439,圣文森特和格林纳丁斯 ,22652.0
202607,95,第95章  玩具、游戏品、运动用品及其零件、附件,445,委内瑞拉,15020350.0
202607,95,第95章  玩具、游戏品、运动用品及其零件、附件,447,圣基茨和尼维斯 ,5907.0
202607,95,第95章  玩具、游戏品、运动用品及其零件、附件,504,百慕大,24245.0
202607,95,第95章  玩具、游戏品、运动用品及其零件、附件,602,库克群岛,16717.0
202607,95,第95章  玩具、游戏品、运动用品及其零件、附件,603,斐济,814908.0
202607,95,第95章  玩具、游戏品、运动用品及其零件、附件,606,瑙鲁,87432.0
202607,95,第95章  玩具、游戏品、运动用品及其零件、附件,608,瓦努阿图,205361.0
202607,95,第95章  玩具、游戏品、运动用品及其零件、附件,609,新西兰,16221168.0
202607,95,第95章  玩具、游戏品、运动用品及其零件、附件,611,巴布亚新几内亚,1728818.0
202607,95,第95章  玩具、游戏品、运动用品及其零件、附件,613,所罗门群岛,153191.0
202607,95,第95章  玩具、游戏品、运动用品及其零件、附件,619,图瓦卢,65185.0
202607,95,第95章  玩具、游戏品、运动用品及其零件、附件,620,密克罗尼西亚联邦,20420.0
202607,95,第95章  玩具、游戏品、运动用品及其零件、附件,622,帕劳,1144.0
202607,95,第95章  玩具、游戏品、运动用品及其零件、附件,623,法属波利尼西亚,424515.0
202607,96,第96章  杂项制品,101,阿富汗,2293707.0
202607,96,第96章  杂项制品,103,孟加拉国,29436101.0
202607,96,第96章  杂项制品,105,文莱,267990.0
202607,96,第96章  杂项制品,106,缅甸,18085352.0
202607,96,第96章  杂项制品,107,柬埔寨,24328570.0
202607,96,第96章  杂项制品,114,伊拉克,20494353.0
202607,96,第96章  杂项制品,115,以色列,8487527.0
202607,96,第96章  杂项制品,117,约旦,8946365.0
202607,96,第96章  杂项制品,121,中国澳门,2068843.0
202607,96,第96章  杂项制品,128,巴勒斯坦,568746.0
202607,96,第96章  杂项制品,130,卡塔尔,2108917.0
202607,96,第96章  杂项制品,131,沙特阿拉伯,30002446.0
202607,96,第96章  杂项制品,134,斯里兰卡,4551457.0
202607,96,第96章  杂项制品,144,东帝汶,139349.0
202607,96,第96章  杂项制品,146,吉尔吉斯斯坦,18739752.0
202607,96,第96章  杂项制品,201,阿尔及利亚,8049128.0
202607,96,第96章  杂项制品,214,吉布提,3184141.0
202607,96,第96章  杂项制品,215,埃及,16685528.0
202607,96,第96章  杂项制品,216,赤道几内亚,118087.0
202607,96,第96章  杂项制品,226,利比亚,3713577.0
202607,96,第96章  杂项制品,228,马拉维,152184.0
202607,96,第96章  杂项制品,229,马里,384844.0
202607,96,第96章  杂项制品,232,摩洛哥,5136670.0
202607,96,第96章  杂项制品,236,尼日利亚,15408164.0
202607,96,第96章  杂项制品,238,卢旺达,254654.0
202607,96,第96章  杂项制品,246,苏丹,4325203.0
202607,96,第96章  杂项制品,247,坦桑尼亚,10672931.0
202607,96,第96章  杂项制品,248,多哥,3304355.0
202607,96,第96章  杂项制品,251,布基纳法索,812545.0
202607,96,第96章  杂项制品,253,赞比亚,313676.0
202607,96,第96章  杂项制品,257,斯威士兰,11514.0
202607,96,第96章  杂项制品,302,丹麦,6939712.0
202607,96,第96章  杂项制品,308,卢森堡,510.0
202607,96,第96章  杂项制品,311,葡萄牙,2648437.0
202607,96,第96章  杂项制品,322,冰岛,21536.0
202607,96,第96章  杂项制品,323,列支敦士登,18982.0
202607,96,第96章  杂项制品,325,摩纳哥,625.0
202607,96,第96章  杂项制品,328,罗马尼亚,4251254.0
202607,96,第96章  杂项制品,329,圣马力诺,19527.0
202607,96,第96章  杂项制品,330,瑞典,7664719.0
202607,96,第96章  杂项制品,331,瑞士,1600548.0
202607,96,第96章  杂项制品,334,爱沙尼亚,274517.0
202607,96,第96章  杂项制品,335,拉脱维亚,697746.0
202607,96,第96章  杂项制品,343,摩尔多瓦,116307.0
202607,96,第96章  杂项制品,347,乌克兰,5162034.0
202607,96,第96章  杂项制品,352,捷克,6817582.0
202607,96,第96章  杂项制品,353,斯洛伐克,1099286.0
202607,96,第96章  杂项制品,354,北马其顿,40179.0
202607,96,第96章  杂项制品,355,波斯尼亚和黑塞哥维那,299008.0
202607,96,第96章  杂项制品,402,阿根廷,13238927.0
202607,96,第96章  杂项制品,411,开曼群岛,1362.0
202607,96,第96章  杂项制品,412,智利,27211658.0
202607,96,第96章  杂项制品,413,哥伦比亚,22122206.0
202607,96,第96章  杂项制品,416,古巴,450354.0
202607,96,第96章  杂项制品,418,多米尼加 ,5607508.0
202607,96,第96章  杂项制品,419,厄瓜多尔,5897221.0
202607,96,第96章  杂项制品,423,危地马拉,4797033.0
202607,96,第96章  杂项制品,426,洪都拉斯,2622138.0
202607,96,第96章  杂项制品,432,巴拿马,7179868.0
202607,96,第96章  杂项制品,433,巴拉圭,2302902.0
202607,96,第96章  杂项制品,434,秘鲁,18164354.0
202607,96,第96章  杂项制品,438,法属圣马丁 ,1305.0
202607,96,第96章  杂项制品,439,圣文森特和格林纳丁斯 ,14135.0
202607,96,第96章  杂项制品,445,委内瑞拉,13131092.0
202607,96,第96章  杂项制品,447,圣基茨和尼维斯 ,3166.0
202607,96,第96章  杂项制品,504,百慕大,27.0
202607,96,第96章  杂项制品,602,库克群岛,1487.0
202607,96,第96章  杂项制品,603,斐济,1015820.0
202607,96,第96章  杂项制品,606,瑙鲁,1860.0
202607,96,第96章  杂项制品,608,瓦努阿图,238499.0
202607,96,第96章  杂项制品,609,新西兰,7298298.0
202607,96,第96章  杂项制品,611,巴布亚新几内亚,2721500.0
202607,96,第96章  杂项制品,613,所罗门群岛,448222.0
202607,96,第96章  杂项制品,619,图瓦卢,22364.0
202607,96,第96章  杂项制品,620,密克罗尼西亚联邦,79259.0
202607,96,第96章  杂项制品,622,帕劳,12173.0
202607,96,第96章  杂项制品,623,法属波利尼西亚,178346.0
202607,97,第97章  艺术品、收藏品及古物,106,缅甸,12.0
202607,97,第97章  艺术品、收藏品及古物,115,以色列,8326.0
202607,97,第97章  艺术品、收藏品及古物,130,卡塔尔,10728.0
202607,97,第97章  艺术品、收藏品及古物,131,沙特阿拉伯,210140.0
202607,97,第97章  艺术品、收藏品及古物,146,吉尔吉斯斯坦,11400.0
202607,97,第97章  艺术品、收藏品及古物,201,阿尔及利亚,50.0
202607,97,第97章  艺术品、收藏品及古物,215,埃及,6000.0
202607,97,第97章  艺术品、收藏品及古物,236,尼日利亚,16338.0
202607,97,第97章  艺术品、收藏品及古物,302,丹麦,1032.0
202607,97,第97章  艺术品、收藏品及古物,311,葡萄牙,26244.0
202607,97,第97章  艺术品、收藏品及古物,330,瑞典,8.0
202607,97,第97章  艺术品、收藏品及古物,331,瑞士,58449.0
202607,97,第97章  艺术品、收藏品及古物,334,爱沙尼亚,2125.0
202607,97,第97章  艺术品、收藏品及古物,402,阿根廷,452.0
202607,97,第97章  艺术品、收藏品及古物,412,智利,63516.0
202607,97,第97章  艺术品、收藏品及古物,413,哥伦比亚,1489.0
202607,97,第97章  艺术品、收藏品及古物,418,多米尼加 ,1.0
202607,97,第97章  艺术品、收藏品及古物,434,秘鲁,1.0
202607,97,第97章  艺术品、收藏品及古物,609,新西兰,17304.0
202607,98,第98章  特殊交易品及未分类商品,101,阿富汗,1962.0
202607,98,第98章  特殊交易品及未分类商品,103,孟加拉国,1006644.0
202607,98,第98章  特殊交易品及未分类商品,105,文莱,495746.0
202607,98,第98章  特殊交易品及未分类商品,106,缅甸,40199250.0
202607,98,第98章  特殊交易品及未分类商品,107,柬埔寨,9277397.0
202607,98,第98章  特殊交易品及未分类商品,114,伊拉克,166071.0
202607,98,第98章  特殊交易品及未分类商品,115,以色列,35972377.0
202607,98,第98章  特殊交易品及未分类商品,117,约旦,11064973.0
202607,98,第98章  特殊交易品及未分类商品,121,中国澳门,21844402.0
202607,98,第98章  特殊交易品及未分类商品,128,巴勒斯坦,47664.0
202607,98,第98章  特殊交易品及未分类商品,130,卡塔尔,12230747.0
202607,98,第98章  特殊交易品及未分类商品,131,沙特阿拉伯,138125949.0
202607,98,第98章  特殊交易品及未分类商品,134,斯里兰卡,983550.0
202607,98,第98章  特殊交易品及未分类商品,144,东帝汶,1645.0
202607,98,第98章  特殊交易品及未分类商品,146,吉尔吉斯斯坦,1469587.0
202607,98,第98章  特殊交易品及未分类商品,201,阿尔及利亚,1228152.0
202607,98,第98章  特殊交易品及未分类商品,214,吉布提,29458.0
202607,98,第98章  特殊交易品及未分类商品,215,埃及,1959302.0
202607,98,第98章  特殊交易品及未分类商品,216,赤道几内亚,6211.0
202607,98,第98章  特殊交易品及未分类商品,226,利比亚,57763.0
202607,98,第98章  特殊交易品及未分类商品,228,马拉维,56813.0
202607,98,第98章  特殊交易品及未分类商品,229,马里,15247.0
202607,98,第98章  特殊交易品及未分类商品,232,摩洛哥,12551648.0
202607,98,第98章  特殊交易品及未分类商品,236,尼日利亚,6963977.0
202607,98,第98章  特殊交易品及未分类商品,238,卢旺达,55046.0
202607,98,第98章  特殊交易品及未分类商品,246,苏丹,7727.0
202607,98,第98章  特殊交易品及未分类商品,247,坦桑尼亚,275213.0
202607,98,第98章  特殊交易品及未分类商品,248,多哥,24798.0
202607,98,第98章  特殊交易品及未分类商品,251,布基纳法索,38461.0
202607,98,第98章  特殊交易品及未分类商品,253,赞比亚,116395.0
202607,98,第98章  特殊交易品及未分类商品,257,斯威士兰,17200.0
202607,98,第98章  特殊交易品及未分类商品,302,丹麦,11692444.0
202607,98,第98章  特殊交易品及未分类商品,308,卢森堡,1137002.0
202607,98,第98章  特殊交易品及未分类商品,311,葡萄牙,11259856.0
202607,98,第98章  特殊交易品及未分类商品,322,冰岛,811330.0
202607,98,第98章  特殊交易品及未分类商品,323,列支敦士登,40438.0
202607,98,第98章  特殊交易品及未分类商品,325,摩纳哥,315654.0
202607,98,第98章  特殊交易品及未分类商品,328,罗马尼亚,26606181.0
202607,98,第98章  特殊交易品及未分类商品,329,圣马力诺,5006.0
202607,98,第98章  特殊交易品及未分类商品,330,瑞典,8140862.0
202607,98,第98章  特殊交易品及未分类商品,331,瑞士,40359476.0
202607,98,第98章  特殊交易品及未分类商品,334,爱沙尼亚,3975025.0
202607,98,第98章  特殊交易品及未分类商品,335,拉脱维亚,8298138.0
202607,98,第98章  特殊交易品及未分类商品,343,摩尔多瓦,115374.0
202607,98,第98章  特殊交易品及未分类商品,347,乌克兰,11335384.0
202607,98,第98章  特殊交易品及未分类商品,352,捷克,21343793.0
202607,98,第98章  特殊交易品及未分类商品,353,斯洛伐克,2796926.0
202607,98,第98章  特殊交易品及未分类商品,354,北马其顿,127243.0
202607,98,第98章  特殊交易品及未分类商品,355,波斯尼亚和黑塞哥维那,117918.0
202607,98,第98章  特殊交易品及未分类商品,402,阿根廷,25088062.0
202607,98,第98章  特殊交易品及未分类商品,411,开曼群岛,136878.0
202607,98,第98章  特殊交易品及未分类商品,412,智利,35777541.0
202607,98,第98章  特殊交易品及未分类商品,413,哥伦比亚,41167830.0
202607,98,第98章  特殊交易品及未分类商品,416,古巴,934.0
202607,98,第98章  特殊交易品及未分类商品,418,多米尼加 ,1308539.0
202607,98,第98章  特殊交易品及未分类商品,419,厄瓜多尔,1061995.0
202607,98,第98章  特殊交易品及未分类商品,423,危地马拉,825270.0
202607,98,第98章  特殊交易品及未分类商品,426,洪都拉斯,91781.0
202607,98,第98章  特殊交易品及未分类商品,432,巴拿马,2540924.0
202607,98,第98章  特殊交易品及未分类商品,433,巴拉圭,541882.0
202607,98,第98章  特殊交易品及未分类商品,434,秘鲁,22452554.0
202607,98,第98章  特殊交易品及未分类商品,438,法属圣马丁 ,45178.0
202607,98,第98章  特殊交易品及未分类商品,439,圣文森特和格林纳丁斯 ,7464.0
202607,98,第98章  特殊交易品及未分类商品,445,委内瑞拉,84557.0
202607,98,第98章  特殊交易品及未分类商品,447,圣基茨和尼维斯 ,6978.0
202607,98,第98章  特殊交易品及未分类商品,449,博纳尔，圣俄斯塔休斯和萨巴 ,720.0
202607,98,第98章  特殊交易品及未分类商品,499,拉丁美洲其他国家(地区) ,82403.0
202607,98,第98章  特殊交易品及未分类商品,504,百慕大,350382.0
202607,98,第98章  特殊交易品及未分类商品,599,北美洲其他国家(地区) ,2603.0
202607,98,第98章  特殊交易品及未分类商品,602,库克群岛,22495.0
202607,98,第98章  特殊交易品及未分类商品,603,斐济,129614.0
202607,98,第98章  特殊交易品及未分类商品,606,瑙鲁,100.0
202607,98,第98章  特殊交易品及未分类商品,608,瓦努阿图,15412.0
202607,98,第98章  特殊交易品及未分类商品,609,新西兰,20877525.0
202607,98,第98章  特殊交易品及未分类商品,611,巴布亚新几内亚,182175.0
202607,98,第98章  特殊交易品及未分类商品,613,所罗门群岛,1671.0
202607,98,第98章  特殊交易品及未分类商品,619,图瓦卢,150.0
202607,98,第98章  特殊交易品及未分类商品,620,密克罗尼西亚联邦,2429.0
202607,98,第98章  特殊交易品及未分类商品,622,帕劳,1703.0
202607,98,第98章  特殊交易品及未分类商品,623,法属波利尼西亚,101308.0
202607,99,跨境电商B2B简化申报商品,103,孟加拉国,10902.0
202607,99,跨境电商B2B简化申报商品,107,柬埔寨,10062272.0
202607,99,跨境电商B2B简化申报商品,115,以色列,2673.0
202607,99,跨境电商B2B简化申报商品,131,沙特阿拉伯,220408.0
202607,99,跨境电商B2B简化申报商品,134,斯里兰卡,53299.0
202607,99,跨境电商B2B简化申报商品,215,埃及,4504.0
202607,99,跨境电商B2B简化申报商品,308,卢森堡,363.0
202607,99,跨境电商B2B简化申报商品,311,葡萄牙,3494.0
202607,99,跨境电商B2B简化申报商品,328,罗马尼亚,4291.0
202607,99,跨境电商B2B简化申报商品,330,瑞典,540.0
202607,99,跨境电商B2B简化申报商品,334,爱沙尼亚,357.0
202607,99,跨境电商B2B简化申报商品,335,拉脱维亚,229.0
202607,99,跨境电商B2B简化申报商品,352,捷克,2540.0
202607,99,跨境电商B2B简化申报商品,353,斯洛伐克,519.0
202607,99,跨境电商B2B简化申报商品,609,新西兰,9183.0
