数据年月,商品编码,商品名称,贸易伙伴编码,贸易伙伴名称,人民币
202607,1,第1章   活动物,118,科威特,20542.0
202607,1,第1章   活动物,127,巴基斯坦,545.0
202607,1,第1章   活动物,129,菲律宾,9781.0
202607,1,第1章   活动物,244,南非,681.0
202607,1,第1章   活动物,301,比利时,133270.0
202607,1,第1章   活动物,305,法国,338912.0
202607,1,第1章   活动物,307,意大利,425204.0
202607,1,第1章   活动物,309,荷兰,409.0
202607,1,第1章   活动物,312,西班牙,139060.0
202607,1,第1章   活动物,410,巴西,84878.0
202607,1,第1章   活动物,501,加拿大,131672.0
202607,2,第2章   肉及食用杂碎,109,朝鲜,47727307.0
202607,2,第2章   肉及食用杂碎,118,科威特,27379506.0
202607,2,第2章   肉及食用杂碎,123,马尔代夫,8334740.0
202607,2,第2章   肉及食用杂碎,124,蒙古,45775047.0
202607,2,第2章   肉及食用杂碎,137,土耳其,2068784.0
202607,2,第2章   肉及食用杂碎,138,阿联酋,76401726.0
202607,2,第2章   肉及食用杂碎,147,塔吉克斯坦,1759194.0
202607,2,第2章   肉及食用杂碎,209,中非,108286.0
202607,2,第2章   肉及食用杂碎,213,刚果共和国,844462.0
202607,2,第2章   肉及食用杂碎,219,冈比亚,2082297.0
202607,2,第2章   肉及食用杂碎,220,加纳,43053317.0
202607,2,第2章   肉及食用杂碎,222,几内亚比绍,162068.0
202607,2,第2章   肉及食用杂碎,224,肯尼亚,2098022.0
202607,2,第2章   肉及食用杂碎,233,莫桑比克,1887089.0
202607,2,第2章   肉及食用杂碎,252,刚果民主共和国,2399624.0
202607,2,第2章   肉及食用杂碎,301,比利时,7245118.0
202607,2,第2章   肉及食用杂碎,307,意大利,691592.0
202607,2,第2章   肉及食用杂碎,309,荷兰,3009115.0
202607,2,第2章   肉及食用杂碎,316,保加利亚,567126.0
202607,2,第2章   肉及食用杂碎,340,白俄罗斯,2475852.0
202607,2,第2章   肉及食用杂碎,429,墨西哥,604978.0
202607,3,第3章   鱼、甲壳动物、软体动物及其他水生无脊椎动物,108,塞浦路斯,519215.0
202607,3,第3章   鱼、甲壳动物、软体动物及其他水生无脊椎动物,109,朝鲜,10083929.0
202607,3,第3章   鱼、甲壳动物、软体动物及其他水生无脊椎动物,123,马尔代夫,308476.0
202607,3,第3章   鱼、甲壳动物、软体动物及其他水生无脊椎动物,124,蒙古,561275.0
202607,3,第3章   鱼、甲壳动物、软体动物及其他水生无脊椎动物,127,巴基斯坦,10894.0
202607,3,第3章   鱼、甲壳动物、软体动物及其他水生无脊椎动物,129,菲律宾,89138030.0
202607,3,第3章   鱼、甲壳动物、软体动物及其他水生无脊椎动物,137,土耳其,7283222.0
202607,3,第3章   鱼、甲壳动物、软体动物及其他水生无脊椎动物,138,阿联酋,5934688.0
202607,3,第3章   鱼、甲壳动物、软体动物及其他水生无脊椎动物,203,贝宁,3590970.0
202607,3,第3章   鱼、甲壳动物、软体动物及其他水生无脊椎动物,208,佛得角,13642354.0
202607,3,第3章   鱼、甲壳动物、软体动物及其他水生无脊椎动物,209,中非,158271.0
202607,3,第3章   鱼、甲壳动物、软体动物及其他水生无脊椎动物,213,刚果共和国,5166840.0
202607,3,第3章   鱼、甲壳动物、软体动物及其他水生无脊椎动物,219,冈比亚,139668.0
202607,3,第3章   鱼、甲壳动物、软体动物及其他水生无脊椎动物,220,加纳,50998440.0
202607,3,第3章   鱼、甲壳动物、软体动物及其他水生无脊椎动物,233,莫桑比克,3091378.0
202607,3,第3章   鱼、甲壳动物、软体动物及其他水生无脊椎动物,235,尼日尔,663338.0
202607,3,第3章   鱼、甲壳动物、软体动物及其他水生无脊椎动物,241,塞舌尔,1593349.0
202607,3,第3章   鱼、甲壳动物、软体动物及其他水生无脊椎动物,244,南非,12655412.0
202607,3,第3章   鱼、甲壳动物、软体动物及其他水生无脊椎动物,250,乌干达,430519.0
202607,3,第3章   鱼、甲壳动物、软体动物及其他水生无脊椎动物,252,刚果民主共和国,17138079.0
202607,3,第3章   鱼、甲壳动物、软体动物及其他水生无脊椎动物,301,比利时,41848288.0
202607,3,第3章   鱼、甲壳动物、软体动物及其他水生无脊椎动物,305,法国,152860976.0
202607,3,第3章   鱼、甲壳动物、软体动物及其他水生无脊椎动物,306,爱尔兰,19790865.0
202607,3,第3章   鱼、甲壳动物、软体动物及其他水生无脊椎动物,307,意大利,94102455.0
202607,3,第3章   鱼、甲壳动物、软体动物及其他水生无脊椎动物,309,荷兰,128232371.0
202607,3,第3章   鱼、甲壳动物、软体动物及其他水生无脊椎动物,310,希腊,11456022.0
202607,3,第3章   鱼、甲壳动物、软体动物及其他水生无脊椎动物,312,西班牙,246011755.0
202607,3,第3章   鱼、甲壳动物、软体动物及其他水生无脊椎动物,313,阿尔巴尼亚,1256613.0
202607,3,第3章   鱼、甲壳动物、软体动物及其他水生无脊椎动物,315,奥地利,1390441.0
202607,3,第3章   鱼、甲壳动物、软体动物及其他水生无脊椎动物,316,保加利亚,1922242.0
202607,3,第3章   鱼、甲壳动物、软体动物及其他水生无脊椎动物,321,匈牙利,447800.0
202607,3,第3章   鱼、甲壳动物、软体动物及其他水生无脊椎动物,326,挪威,11720636.0
202607,3,第3章   鱼、甲壳动物、软体动物及其他水生无脊椎动物,327,波兰,89716898.0
202607,3,第3章   鱼、甲壳动物、软体动物及其他水生无脊椎动物,336,立陶宛,2427150.0
202607,3,第3章   鱼、甲壳动物、软体动物及其他水生无脊椎动物,340,白俄罗斯,847477.0
202607,3,第3章   鱼、甲壳动物、软体动物及其他水生无脊椎动物,350,斯洛文尼亚,685288.0
202607,3,第3章   鱼、甲壳动物、软体动物及其他水生无脊椎动物,405,巴巴多斯,2273079.0
202607,3,第3章   鱼、甲壳动物、软体动物及其他水生无脊椎动物,410,巴西,73801890.0
202607,3,第3章   鱼、甲壳动物、软体动物及其他水生无脊椎动物,415,哥斯达黎加,3811410.0
202607,3,第3章   鱼、甲壳动物、软体动物及其他水生无脊椎动物,427,牙买加,559409.0
202607,3,第3章   鱼、甲壳动物、软体动物及其他水生无脊椎动物,429,墨西哥,19196637.0
202607,3,第3章   鱼、甲壳动物、软体动物及其他水生无脊椎动物,431,尼加拉瓜,636212.0
202607,3,第3章   鱼、甲壳动物、软体动物及其他水生无脊椎动物,435,波多黎各,11851906.0
202607,3,第3章   鱼、甲壳动物、软体动物及其他水生无脊椎动物,442,特立尼达和多巴哥,5688812.0
202607,3,第3章   鱼、甲壳动物、软体动物及其他水生无脊椎动物,444,乌拉圭,415575.0
202607,3,第3章   鱼、甲壳动物、软体动物及其他水生无脊椎动物,501,加拿大,205793120.0
202607,3,第3章   鱼、甲壳动物、软体动物及其他水生无脊椎动物,614,汤加,227128.0
202607,3,第3章   鱼、甲壳动物、软体动物及其他水生无脊椎动物,617,萨摩亚,1912135.0
202607,3,第3章   鱼、甲壳动物、软体动物及其他水生无脊椎动物,621,马绍尔群岛,1487216.0
202607,4,第4章   乳品；蛋品；天然蜂蜜；其他食用动物产品,108,塞浦路斯,39496.0
202607,4,第4章   乳品；蛋品；天然蜂蜜；其他食用动物产品,109,朝鲜,2920322.0
202607,4,第4章   乳品；蛋品；天然蜂蜜；其他食用动物产品,118,科威特,1046403.0
202607,4,第4章   乳品；蛋品；天然蜂蜜；其他食用动物产品,124,蒙古,2477044.0
202607,4,第4章   乳品；蛋品；天然蜂蜜；其他食用动物产品,127,巴基斯坦,3583603.0
202607,4,第4章   乳品；蛋品；天然蜂蜜；其他食用动物产品,129,菲律宾,20284977.0
202607,4,第4章   乳品；蛋品；天然蜂蜜；其他食用动物产品,137,土耳其,393292.0
202607,4,第4章   乳品；蛋品；天然蜂蜜；其他食用动物产品,138,阿联酋,988989.0
202607,4,第4章   乳品；蛋品；天然蜂蜜；其他食用动物产品,203,贝宁,957390.0
202607,4,第4章   乳品；蛋品；天然蜂蜜；其他食用动物产品,213,刚果共和国,59082.0
202607,4,第4章   乳品；蛋品；天然蜂蜜；其他食用动物产品,220,加纳,846619.0
202607,4,第4章   乳品；蛋品；天然蜂蜜；其他食用动物产品,224,肯尼亚,21305.0
202607,4,第4章   乳品；蛋品；天然蜂蜜；其他食用动物产品,233,莫桑比克,248584.0
202607,4,第4章   乳品；蛋品；天然蜂蜜；其他食用动物产品,244,南非,14620934.0
202607,4,第4章   乳品；蛋品；天然蜂蜜；其他食用动物产品,254,津巴布韦,686986.0
202607,4,第4章   乳品；蛋品；天然蜂蜜；其他食用动物产品,301,比利时,11100332.0
202607,4,第4章   乳品；蛋品；天然蜂蜜；其他食用动物产品,305,法国,1380730.0
202607,4,第4章   乳品；蛋品；天然蜂蜜；其他食用动物产品,306,爱尔兰,269730.0
202607,4,第4章   乳品；蛋品；天然蜂蜜；其他食用动物产品,307,意大利,5237609.0
202607,4,第4章   乳品；蛋品；天然蜂蜜；其他食用动物产品,309,荷兰,4420056.0
202607,4,第4章   乳品；蛋品；天然蜂蜜；其他食用动物产品,310,希腊,1357484.0
202607,4,第4章   乳品；蛋品；天然蜂蜜；其他食用动物产品,312,西班牙,5504667.0
202607,4,第4章   乳品；蛋品；天然蜂蜜；其他食用动物产品,313,阿尔巴尼亚,639371.0
202607,4,第4章   乳品；蛋品；天然蜂蜜；其他食用动物产品,327,波兰,9822270.0
202607,4,第4章   乳品；蛋品；天然蜂蜜；其他食用动物产品,340,白俄罗斯,212602.0
202607,4,第4章   乳品；蛋品；天然蜂蜜；其他食用动物产品,501,加拿大,2871378.0
202607,5,第5章   其他动物产品,109,朝鲜,1806059.0
202607,5,第5章   其他动物产品,123,马尔代夫,233052.0
202607,5,第5章   其他动物产品,129,菲律宾,427663.0
202607,5,第5章   其他动物产品,137,土耳其,2239471.0
202607,5,第5章   其他动物产品,220,加纳,2129559.0
202607,5,第5章   其他动物产品,224,肯尼亚,99210.0
202607,5,第5章   其他动物产品,244,南非,47752438.0
202607,5,第5章   其他动物产品,252,刚果民主共和国,571893.0
202607,5,第5章   其他动物产品,301,比利时,5264754.0
202607,5,第5章   其他动物产品,305,法国,5940713.0
202607,5,第5章   其他动物产品,306,爱尔兰,175551.0
202607,5,第5章   其他动物产品,307,意大利,18758869.0
202607,5,第5章   其他动物产品,309,荷兰,55873001.0
202607,5,第5章   其他动物产品,312,西班牙,48008402.0
202607,5,第5章   其他动物产品,315,奥地利,15207049.0
202607,5,第5章   其他动物产品,321,匈牙利,11410037.0
202607,5,第5章   其他动物产品,326,挪威,354.0
202607,5,第5章   其他动物产品,327,波兰,30640928.0
202607,5,第5章   其他动物产品,336,立陶宛,103365.0
202607,5,第5章   其他动物产品,350,斯洛文尼亚,3973898.0
202607,5,第5章   其他动物产品,410,巴西,39909345.0
202607,5,第5章   其他动物产品,429,墨西哥,1267448.0
202607,5,第5章   其他动物产品,501,加拿大,30964415.0
202607,6,第6章   活树及其他活植物；鳞茎、根及类似品；插花及装饰用簇叶,109,朝鲜,48876.0
202607,6,第6章   活树及其他活植物；鳞茎、根及类似品；插花及装饰用簇叶,118,科威特,734736.0
202607,6,第6章   活树及其他活植物；鳞茎、根及类似品；插花及装饰用簇叶,123,马尔代夫,511586.0
202607,6,第6章   活树及其他活植物；鳞茎、根及类似品；插花及装饰用簇叶,124,蒙古,1745849.0
202607,6,第6章   活树及其他活植物；鳞茎、根及类似品；插花及装饰用簇叶,129,菲律宾,10351985.0
202607,6,第6章   活树及其他活植物；鳞茎、根及类似品；插花及装饰用簇叶,137,土耳其,531487.0
202607,6,第6章   活树及其他活植物；鳞茎、根及类似品；插花及装饰用簇叶,138,阿联酋,2981973.0
202607,6,第6章   活树及其他活植物；鳞茎、根及类似品；插花及装饰用簇叶,147,塔吉克斯坦,1100059.0
202607,6,第6章   活树及其他活植物；鳞茎、根及类似品；插花及装饰用簇叶,220,加纳,41112.0
202607,6,第6章   活树及其他活植物；鳞茎、根及类似品；插花及装饰用簇叶,224,肯尼亚,89067.0
202607,6,第6章   活树及其他活植物；鳞茎、根及类似品；插花及装饰用簇叶,227,马达加斯加,191.0
202607,6,第6章   活树及其他活植物；鳞茎、根及类似品；插花及装饰用簇叶,244,南非,429846.0
202607,6,第6章   活树及其他活植物；鳞茎、根及类似品；插花及装饰用簇叶,301,比利时,1723306.0
202607,6,第6章   活树及其他活植物；鳞茎、根及类似品；插花及装饰用簇叶,305,法国,792319.0
202607,6,第6章   活树及其他活植物；鳞茎、根及类似品；插花及装饰用簇叶,307,意大利,1282177.0
202607,6,第6章   活树及其他活植物；鳞茎、根及类似品；插花及装饰用簇叶,309,荷兰,18019110.0
202607,6,第6章   活树及其他活植物；鳞茎、根及类似品；插花及装饰用簇叶,312,西班牙,5521906.0
202607,6,第6章   活树及其他活植物；鳞茎、根及类似品；插花及装饰用簇叶,313,阿尔巴尼亚,54152.0
202607,6,第6章   活树及其他活植物；鳞茎、根及类似品；插花及装饰用簇叶,316,保加利亚,208584.0
202607,6,第6章   活树及其他活植物；鳞茎、根及类似品；插花及装饰用簇叶,318,芬兰,59584.0
202607,6,第6章   活树及其他活植物；鳞茎、根及类似品；插花及装饰用簇叶,321,匈牙利,2759.0
202607,6,第6章   活树及其他活植物；鳞茎、根及类似品；插花及装饰用簇叶,327,波兰,1091167.0
202607,6,第6章   活树及其他活植物；鳞茎、根及类似品；插花及装饰用簇叶,340,白俄罗斯,1216693.0
202607,6,第6章   活树及其他活植物；鳞茎、根及类似品；插花及装饰用簇叶,415,哥斯达黎加,4404.0
202607,6,第6章   活树及其他活植物；鳞茎、根及类似品；插花及装饰用簇叶,427,牙买加,2758.0
202607,6,第6章   活树及其他活植物；鳞茎、根及类似品；插花及装饰用簇叶,429,墨西哥,651919.0
202607,6,第6章   活树及其他活植物；鳞茎、根及类似品；插花及装饰用簇叶,501,加拿大,7137390.0
202607,7,第7章   食用蔬菜、根及块茎,108,塞浦路斯,21340.0
202607,7,第7章   食用蔬菜、根及块茎,109,朝鲜,267028.0
202607,7,第7章   食用蔬菜、根及块茎,118,科威特,539941.0
202607,7,第7章   食用蔬菜、根及块茎,123,马尔代夫,2331514.0
202607,7,第7章   食用蔬菜、根及块茎,124,蒙古,29046063.0
202607,7,第7章   食用蔬菜、根及块茎,127,巴基斯坦,4725371.0
202607,7,第7章   食用蔬菜、根及块茎,129,菲律宾,132787139.0
202607,7,第7章   食用蔬菜、根及块茎,137,土耳其,6627391.0
202607,7,第7章   食用蔬菜、根及块茎,138,阿联酋,63428282.0
202607,7,第7章   食用蔬菜、根及块茎,147,塔吉克斯坦,218360.0
202607,7,第7章   食用蔬菜、根及块茎,203,贝宁,330478.0
202607,7,第7章   食用蔬菜、根及块茎,208,佛得角,1003614.0
202607,7,第7章   食用蔬菜、根及块茎,209,中非,136400.0
202607,7,第7章   食用蔬菜、根及块茎,213,刚果共和国,2582652.0
202607,7,第7章   食用蔬菜、根及块茎,219,冈比亚,722819.0
202607,7,第7章   食用蔬菜、根及块茎,220,加纳,12373732.0
202607,7,第7章   食用蔬菜、根及块茎,224,肯尼亚,6349438.0
202607,7,第7章   食用蔬菜、根及块茎,227,马达加斯加,9008.0
202607,7,第7章   食用蔬菜、根及块茎,233,莫桑比克,6009990.0
202607,7,第7章   食用蔬菜、根及块茎,241,塞舌尔,534764.0
202607,7,第7章   食用蔬菜、根及块茎,244,南非,20221140.0
202607,7,第7章   食用蔬菜、根及块茎,250,乌干达,2979542.0
202607,7,第7章   食用蔬菜、根及块茎,252,刚果民主共和国,8314810.0
202607,7,第7章   食用蔬菜、根及块茎,255,莱索托,251960.0
202607,7,第7章   食用蔬菜、根及块茎,301,比利时,21815919.0
202607,7,第7章   食用蔬菜、根及块茎,305,法国,35554989.0
202607,7,第7章   食用蔬菜、根及块茎,306,爱尔兰,1459702.0
202607,7,第7章   食用蔬菜、根及块茎,307,意大利,27175696.0
202607,7,第7章   食用蔬菜、根及块茎,309,荷兰,78521642.0
202607,7,第7章   食用蔬菜、根及块茎,310,希腊,2620948.0
202607,7,第7章   食用蔬菜、根及块茎,312,西班牙,20107131.0
202607,7,第7章   食用蔬菜、根及块茎,313,阿尔巴尼亚,2461606.0
202607,7,第7章   食用蔬菜、根及块茎,315,奥地利,429267.0
202607,7,第7章   食用蔬菜、根及块茎,316,保加利亚,146679.0
202607,7,第7章   食用蔬菜、根及块茎,318,芬兰,1061974.0
202607,7,第7章   食用蔬菜、根及块茎,321,匈牙利,2141133.0
202607,7,第7章   食用蔬菜、根及块茎,326,挪威,4136439.0
202607,7,第7章   食用蔬菜、根及块茎,327,波兰,8985434.0
202607,7,第7章   食用蔬菜、根及块茎,336,立陶宛,1401346.0
202607,7,第7章   食用蔬菜、根及块茎,340,白俄罗斯,7829764.0
202607,7,第7章   食用蔬菜、根及块茎,350,斯洛文尼亚,1155986.0
202607,7,第7章   食用蔬菜、根及块茎,359,黑山,489972.0
202607,7,第7章   食用蔬菜、根及块茎,405,巴巴多斯,390218.0
202607,7,第7章   食用蔬菜、根及块茎,406,伯利兹,173838.0
202607,7,第7章   食用蔬菜、根及块茎,410,巴西,96974494.0
202607,7,第7章   食用蔬菜、根及块茎,415,哥斯达黎加,5835812.0
202607,7,第7章   食用蔬菜、根及块茎,427,牙买加,1210325.0
202607,7,第7章   食用蔬菜、根及块茎,429,墨西哥,13371532.0
202607,7,第7章   食用蔬菜、根及块茎,431,尼加拉瓜,2985911.0
202607,7,第7章   食用蔬菜、根及块茎,435,波多黎各,3842616.0
202607,7,第7章   食用蔬菜、根及块茎,442,特立尼达和多巴哥,4029756.0
202607,7,第7章   食用蔬菜、根及块茎,444,乌拉圭,2582770.0
202607,7,第7章   食用蔬菜、根及块茎,501,加拿大,85416718.0
202607,7,第7章   食用蔬菜、根及块茎,614,汤加,119168.0
202607,7,第7章   食用蔬菜、根及块茎,617,萨摩亚,71406.0
202607,8,第8章   食用水果及坚果；甜瓜或柑橘属水果的果皮,109,朝鲜,5762210.0
202607,8,第8章   食用水果及坚果；甜瓜或柑橘属水果的果皮,118,科威特,851331.0
202607,8,第8章   食用水果及坚果；甜瓜或柑橘属水果的果皮,123,马尔代夫,846972.0
202607,8,第8章   食用水果及坚果；甜瓜或柑橘属水果的果皮,124,蒙古,24761648.0
202607,8,第8章   食用水果及坚果；甜瓜或柑橘属水果的果皮,127,巴基斯坦,23959971.0
202607,8,第8章   食用水果及坚果；甜瓜或柑橘属水果的果皮,129,菲律宾,165525928.0
202607,8,第8章   食用水果及坚果；甜瓜或柑橘属水果的果皮,137,土耳其,38164939.0
202607,8,第8章   食用水果及坚果；甜瓜或柑橘属水果的果皮,138,阿联酋,32767234.0
202607,8,第8章   食用水果及坚果；甜瓜或柑橘属水果的果皮,147,塔吉克斯坦,5826120.0
202607,8,第8章   食用水果及坚果；甜瓜或柑橘属水果的果皮,220,加纳,49742.0
202607,8,第8章   食用水果及坚果；甜瓜或柑橘属水果的果皮,224,肯尼亚,671253.0
202607,8,第8章   食用水果及坚果；甜瓜或柑橘属水果的果皮,227,马达加斯加,322.0
202607,8,第8章   食用水果及坚果；甜瓜或柑橘属水果的果皮,244,南非,2786800.0
202607,8,第8章   食用水果及坚果；甜瓜或柑橘属水果的果皮,250,乌干达,180991.0
202607,8,第8章   食用水果及坚果；甜瓜或柑橘属水果的果皮,301,比利时,5005111.0
202607,8,第8章   食用水果及坚果；甜瓜或柑橘属水果的果皮,305,法国,7769469.0
202607,8,第8章   食用水果及坚果；甜瓜或柑橘属水果的果皮,306,爱尔兰,576098.0
202607,8,第8章   食用水果及坚果；甜瓜或柑橘属水果的果皮,307,意大利,18528836.0
202607,8,第8章   食用水果及坚果；甜瓜或柑橘属水果的果皮,309,荷兰,44679838.0
202607,8,第8章   食用水果及坚果；甜瓜或柑橘属水果的果皮,310,希腊,100228.0
202607,8,第8章   食用水果及坚果；甜瓜或柑橘属水果的果皮,312,西班牙,25510866.0
202607,8,第8章   食用水果及坚果；甜瓜或柑橘属水果的果皮,313,阿尔巴尼亚,281547.0
202607,8,第8章   食用水果及坚果；甜瓜或柑橘属水果的果皮,315,奥地利,788125.0
202607,8,第8章   食用水果及坚果；甜瓜或柑橘属水果的果皮,316,保加利亚,1589491.0
202607,8,第8章   食用水果及坚果；甜瓜或柑橘属水果的果皮,321,匈牙利,1886395.0
202607,8,第8章   食用水果及坚果；甜瓜或柑橘属水果的果皮,326,挪威,2326588.0
202607,8,第8章   食用水果及坚果；甜瓜或柑橘属水果的果皮,327,波兰,17378173.0
202607,8,第8章   食用水果及坚果；甜瓜或柑橘属水果的果皮,336,立陶宛,8795109.0
202607,8,第8章   食用水果及坚果；甜瓜或柑橘属水果的果皮,340,白俄罗斯,12029515.0
202607,8,第8章   食用水果及坚果；甜瓜或柑橘属水果的果皮,350,斯洛文尼亚,1495306.0
202607,8,第8章   食用水果及坚果；甜瓜或柑橘属水果的果皮,410,巴西,5872120.0
202607,8,第8章   食用水果及坚果；甜瓜或柑橘属水果的果皮,415,哥斯达黎加,284826.0
202607,8,第8章   食用水果及坚果；甜瓜或柑橘属水果的果皮,429,墨西哥,16922326.0
202607,8,第8章   食用水果及坚果；甜瓜或柑橘属水果的果皮,435,波多黎各,351999.0
202607,8,第8章   食用水果及坚果；甜瓜或柑橘属水果的果皮,442,特立尼达和多巴哥,296269.0
202607,8,第8章   食用水果及坚果；甜瓜或柑橘属水果的果皮,444,乌拉圭,762769.0
202607,8,第8章   食用水果及坚果；甜瓜或柑橘属水果的果皮,501,加拿大,40566957.0
202607,9,第9章   咖啡、茶、马黛茶及调味香料,108,塞浦路斯,2040.0
202607,9,第9章   咖啡、茶、马黛茶及调味香料,109,朝鲜,5217674.0
202607,9,第9章   咖啡、茶、马黛茶及调味香料,118,科威特,1854368.0
202607,9,第9章   咖啡、茶、马黛茶及调味香料,123,马尔代夫,934951.0
202607,9,第9章   咖啡、茶、马黛茶及调味香料,124,蒙古,2321694.0
202607,9,第9章   咖啡、茶、马黛茶及调味香料,127,巴基斯坦,36741426.0
202607,9,第9章   咖啡、茶、马黛茶及调味香料,129,菲律宾,17130165.0
202607,9,第9章   咖啡、茶、马黛茶及调味香料,137,土耳其,17603473.0
202607,9,第9章   咖啡、茶、马黛茶及调味香料,138,阿联酋,22092221.0
202607,9,第9章   咖啡、茶、马黛茶及调味香料,147,塔吉克斯坦,4971540.0
202607,9,第9章   咖啡、茶、马黛茶及调味香料,203,贝宁,18366743.0
202607,9,第9章   咖啡、茶、马黛茶及调味香料,209,中非,19816.0
202607,9,第9章   咖啡、茶、马黛茶及调味香料,211,乍得,10687740.0
202607,9,第9章   咖啡、茶、马黛茶及调味香料,213,刚果共和国,643985.0
202607,9,第9章   咖啡、茶、马黛茶及调味香料,219,冈比亚,12117288.0
202607,9,第9章   咖啡、茶、马黛茶及调味香料,220,加纳,45817946.0
202607,9,第9章   咖啡、茶、马黛茶及调味香料,224,肯尼亚,3442831.0
202607,9,第9章   咖啡、茶、马黛茶及调味香料,227,马达加斯加,6034.0
202607,9,第9章   咖啡、茶、马黛茶及调味香料,235,尼日尔,27324852.0
202607,9,第9章   咖啡、茶、马黛茶及调味香料,241,塞舌尔,229402.0
202607,9,第9章   咖啡、茶、马黛茶及调味香料,244,南非,11974618.0
202607,9,第9章   咖啡、茶、马黛茶及调味香料,250,乌干达,691324.0
202607,9,第9章   咖啡、茶、马黛茶及调味香料,252,刚果民主共和国,770751.0
202607,9,第9章   咖啡、茶、马黛茶及调味香料,301,比利时,8652460.0
202607,9,第9章   咖啡、茶、马黛茶及调味香料,305,法国,15724669.0
202607,9,第9章   咖啡、茶、马黛茶及调味香料,306,爱尔兰,116462.0
202607,9,第9章   咖啡、茶、马黛茶及调味香料,307,意大利,4145385.0
202607,9,第9章   咖啡、茶、马黛茶及调味香料,309,荷兰,52665788.0
202607,9,第9章   咖啡、茶、马黛茶及调味香料,310,希腊,878533.0
202607,9,第9章   咖啡、茶、马黛茶及调味香料,312,西班牙,109220576.0
202607,9,第9章   咖啡、茶、马黛茶及调味香料,313,阿尔巴尼亚,941146.0
202607,9,第9章   咖啡、茶、马黛茶及调味香料,315,奥地利,18907.0
202607,9,第9章   咖啡、茶、马黛茶及调味香料,316,保加利亚,468506.0
202607,9,第9章   咖啡、茶、马黛茶及调味香料,318,芬兰,131662.0
202607,9,第9章   咖啡、茶、马黛茶及调味香料,321,匈牙利,2729348.0
202607,9,第9章   咖啡、茶、马黛茶及调味香料,326,挪威,163139.0
202607,9,第9章   咖啡、茶、马黛茶及调味香料,327,波兰,6704675.0
202607,9,第9章   咖啡、茶、马黛茶及调味香料,336,立陶宛,997431.0
202607,9,第9章   咖啡、茶、马黛茶及调味香料,340,白俄罗斯,286040.0
202607,9,第9章   咖啡、茶、马黛茶及调味香料,350,斯洛文尼亚,2505421.0
202607,9,第9章   咖啡、茶、马黛茶及调味香料,405,巴巴多斯,59822.0
202607,9,第9章   咖啡、茶、马黛茶及调味香料,410,巴西,7072071.0
202607,9,第9章   咖啡、茶、马黛茶及调味香料,415,哥斯达黎加,100412.0
202607,9,第9章   咖啡、茶、马黛茶及调味香料,427,牙买加,538468.0
202607,9,第9章   咖啡、茶、马黛茶及调味香料,429,墨西哥,31162468.0
202607,9,第9章   咖啡、茶、马黛茶及调味香料,431,尼加拉瓜,2520.0
202607,9,第9章   咖啡、茶、马黛茶及调味香料,435,波多黎各,483828.0
202607,9,第9章   咖啡、茶、马黛茶及调味香料,444,乌拉圭,998591.0
202607,9,第9章   咖啡、茶、马黛茶及调味香料,501,加拿大,37188224.0
202607,10,第10章  谷物,109,朝鲜,11376829.0
202607,10,第10章  谷物,123,马尔代夫,1158.0
202607,10,第10章  谷物,124,蒙古,14503729.0
202607,10,第10章  谷物,129,菲律宾,7838593.0
202607,10,第10章  谷物,137,土耳其,113257.0
202607,10,第10章  谷物,209,中非,273978.0
202607,10,第10章  谷物,233,莫桑比克,1246076.0
202607,10,第10章  谷物,252,刚果民主共和国,45990143.0
202607,10,第10章  谷物,255,莱索托,3443700.0
202607,10,第10章  谷物,305,法国,70066.0
202607,10,第10章  谷物,309,荷兰,188506.0
202607,10,第10章  谷物,312,西班牙,113271.0
202607,10,第10章  谷物,326,挪威,148790.0
202607,10,第10章  谷物,410,巴西,544.0
202607,10,第10章  谷物,501,加拿大,65842.0
202607,11,第11章  制粉工业产品；麦芽；淀粉；菊粉；面筋,109,朝鲜,6029873.0
202607,11,第11章  制粉工业产品；麦芽；淀粉；菊粉；面筋,124,蒙古,3102081.0
202607,11,第11章  制粉工业产品；麦芽；淀粉；菊粉；面筋,127,巴基斯坦,2423139.0
202607,11,第11章  制粉工业产品；麦芽；淀粉；菊粉；面筋,129,菲律宾,52019039.0
202607,11,第11章  制粉工业产品；麦芽；淀粉；菊粉；面筋,137,土耳其,1716019.0
202607,11,第11章  制粉工业产品；麦芽；淀粉；菊粉；面筋,138,阿联酋,1157624.0
202607,11,第11章  制粉工业产品；麦芽；淀粉；菊粉；面筋,224,肯尼亚,158857.0
202607,11,第11章  制粉工业产品；麦芽；淀粉；菊粉；面筋,244,南非,299765.0
202607,11,第11章  制粉工业产品；麦芽；淀粉；菊粉；面筋,250,乌干达,58651.0
202607,11,第11章  制粉工业产品；麦芽；淀粉；菊粉；面筋,254,津巴布韦,40994.0
202607,11,第11章  制粉工业产品；麦芽；淀粉；菊粉；面筋,301,比利时,303889.0
202607,11,第11章  制粉工业产品；麦芽；淀粉；菊粉；面筋,305,法国,604460.0
202607,11,第11章  制粉工业产品；麦芽；淀粉；菊粉；面筋,306,爱尔兰,93632.0
202607,11,第11章  制粉工业产品；麦芽；淀粉；菊粉；面筋,307,意大利,219509.0
202607,11,第11章  制粉工业产品；麦芽；淀粉；菊粉；面筋,309,荷兰,185137630.0
202607,11,第11章  制粉工业产品；麦芽；淀粉；菊粉；面筋,312,西班牙,146802.0
202607,11,第11章  制粉工业产品；麦芽；淀粉；菊粉；面筋,316,保加利亚,126863.0
202607,11,第11章  制粉工业产品；麦芽；淀粉；菊粉；面筋,321,匈牙利,265316.0
202607,11,第11章  制粉工业产品；麦芽；淀粉；菊粉；面筋,327,波兰,24746.0
202607,11,第11章  制粉工业产品；麦芽；淀粉；菊粉；面筋,340,白俄罗斯,7200.0
202607,11,第11章  制粉工业产品；麦芽；淀粉；菊粉；面筋,406,伯利兹,425430.0
202607,11,第11章  制粉工业产品；麦芽；淀粉；菊粉；面筋,410,巴西,2886767.0
202607,11,第11章  制粉工业产品；麦芽；淀粉；菊粉；面筋,429,墨西哥,4082693.0
202607,11,第11章  制粉工业产品；麦芽；淀粉；菊粉；面筋,444,乌拉圭,282190.0
202607,11,第11章  制粉工业产品；麦芽；淀粉；菊粉；面筋,501,加拿大,3619735.0
202607,11,第11章  制粉工业产品；麦芽；淀粉；菊粉；面筋,617,萨摩亚,237573.0
202607,12,第12章  含油子仁及果实；杂项子仁及果仁；工业用或药用植物；稻草、秸秆及饲料,108,塞浦路斯,270205.0
202607,12,第12章  含油子仁及果实；杂项子仁及果仁；工业用或药用植物；稻草、秸秆及饲料,109,朝鲜,25808.0
202607,12,第12章  含油子仁及果实；杂项子仁及果仁；工业用或药用植物；稻草、秸秆及饲料,118,科威特,1196996.0
202607,12,第12章  含油子仁及果实；杂项子仁及果仁；工业用或药用植物；稻草、秸秆及饲料,124,蒙古,38875.0
202607,12,第12章  含油子仁及果实；杂项子仁及果仁；工业用或药用植物；稻草、秸秆及饲料,127,巴基斯坦,27388675.0
202607,12,第12章  含油子仁及果实；杂项子仁及果仁；工业用或药用植物；稻草、秸秆及饲料,129,菲律宾,15860673.0
202607,12,第12章  含油子仁及果实；杂项子仁及果仁；工业用或药用植物；稻草、秸秆及饲料,137,土耳其,38650297.0
202607,12,第12章  含油子仁及果实；杂项子仁及果仁；工业用或药用植物；稻草、秸秆及饲料,138,阿联酋,30965455.0
202607,12,第12章  含油子仁及果实；杂项子仁及果仁；工业用或药用植物；稻草、秸秆及饲料,147,塔吉克斯坦,7603365.0
202607,12,第12章  含油子仁及果实；杂项子仁及果仁；工业用或药用植物；稻草、秸秆及饲料,220,加纳,472484.0
202607,12,第12章  含油子仁及果实；杂项子仁及果仁；工业用或药用植物；稻草、秸秆及饲料,224,肯尼亚,761088.0
202607,12,第12章  含油子仁及果实；杂项子仁及果仁；工业用或药用植物；稻草、秸秆及饲料,227,马达加斯加,1674.0
202607,12,第12章  含油子仁及果实；杂项子仁及果仁；工业用或药用植物；稻草、秸秆及饲料,244,南非,3007606.0
202607,12,第12章  含油子仁及果实；杂项子仁及果仁；工业用或药用植物；稻草、秸秆及饲料,250,乌干达,123436.0
202607,12,第12章  含油子仁及果实；杂项子仁及果仁；工业用或药用植物；稻草、秸秆及饲料,301,比利时,2545987.0
202607,12,第12章  含油子仁及果实；杂项子仁及果仁；工业用或药用植物；稻草、秸秆及饲料,305,法国,3960266.0
202607,12,第12章  含油子仁及果实；杂项子仁及果仁；工业用或药用植物；稻草、秸秆及饲料,306,爱尔兰,1000160.0
202607,12,第12章  含油子仁及果实；杂项子仁及果仁；工业用或药用植物；稻草、秸秆及饲料,307,意大利,6126449.0
202607,12,第12章  含油子仁及果实；杂项子仁及果仁；工业用或药用植物；稻草、秸秆及饲料,309,荷兰,28926001.0
202607,12,第12章  含油子仁及果实；杂项子仁及果仁；工业用或药用植物；稻草、秸秆及饲料,310,希腊,2355994.0
202607,12,第12章  含油子仁及果实；杂项子仁及果仁；工业用或药用植物；稻草、秸秆及饲料,312,西班牙,59827784.0
202607,12,第12章  含油子仁及果实；杂项子仁及果仁；工业用或药用植物；稻草、秸秆及饲料,313,阿尔巴尼亚,316702.0
202607,12,第12章  含油子仁及果实；杂项子仁及果仁；工业用或药用植物；稻草、秸秆及饲料,315,奥地利,33949.0
202607,12,第12章  含油子仁及果实；杂项子仁及果仁；工业用或药用植物；稻草、秸秆及饲料,316,保加利亚,8993220.0
202607,12,第12章  含油子仁及果实；杂项子仁及果仁；工业用或药用植物；稻草、秸秆及饲料,318,芬兰,1316642.0
202607,12,第12章  含油子仁及果实；杂项子仁及果仁；工业用或药用植物；稻草、秸秆及饲料,321,匈牙利,1434892.0
202607,12,第12章  含油子仁及果实；杂项子仁及果仁；工业用或药用植物；稻草、秸秆及饲料,327,波兰,6248489.0
202607,12,第12章  含油子仁及果实；杂项子仁及果仁；工业用或药用植物；稻草、秸秆及饲料,336,立陶宛,6140592.0
202607,12,第12章  含油子仁及果实；杂项子仁及果仁；工业用或药用植物；稻草、秸秆及饲料,340,白俄罗斯,35600.0
202607,12,第12章  含油子仁及果实；杂项子仁及果仁；工业用或药用植物；稻草、秸秆及饲料,350,斯洛文尼亚,8824945.0
202607,12,第12章  含油子仁及果实；杂项子仁及果仁；工业用或药用植物；稻草、秸秆及饲料,359,黑山,502319.0
202607,12,第12章  含油子仁及果实；杂项子仁及果仁；工业用或药用植物；稻草、秸秆及饲料,410,巴西,12868528.0
202607,12,第12章  含油子仁及果实；杂项子仁及果仁；工业用或药用植物；稻草、秸秆及饲料,427,牙买加,211922.0
202607,12,第12章  含油子仁及果实；杂项子仁及果仁；工业用或药用植物；稻草、秸秆及饲料,429,墨西哥,20896756.0
202607,12,第12章  含油子仁及果实；杂项子仁及果仁；工业用或药用植物；稻草、秸秆及饲料,442,特立尼达和多巴哥,537101.0
202607,12,第12章  含油子仁及果实；杂项子仁及果仁；工业用或药用植物；稻草、秸秆及饲料,444,乌拉圭,10623.0
202607,12,第12章  含油子仁及果实；杂项子仁及果仁；工业用或药用植物；稻草、秸秆及饲料,501,加拿大,50734528.0
202607,13,第13章  虫胶；树胶、树脂及其他植物液、汁,108,塞浦路斯,87473.0
202607,13,第13章  虫胶；树胶、树脂及其他植物液、汁,109,朝鲜,47845.0
202607,13,第13章  虫胶；树胶、树脂及其他植物液、汁,118,科威特,193157.0
202607,13,第13章  虫胶；树胶、树脂及其他植物液、汁,124,蒙古,835003.0
202607,13,第13章  虫胶；树胶、树脂及其他植物液、汁,127,巴基斯坦,6666333.0
202607,13,第13章  虫胶；树胶、树脂及其他植物液、汁,129,菲律宾,26739779.0
202607,13,第13章  虫胶；树胶、树脂及其他植物液、汁,137,土耳其,12613312.0
202607,13,第13章  虫胶；树胶、树脂及其他植物液、汁,138,阿联酋,3460015.0
202607,13,第13章  虫胶；树胶、树脂及其他植物液、汁,147,塔吉克斯坦,877250.0
202607,13,第13章  虫胶；树胶、树脂及其他植物液、汁,213,刚果共和国,9686600.0
202607,13,第13章  虫胶；树胶、树脂及其他植物液、汁,220,加纳,146714.0
202607,13,第13章  虫胶；树胶、树脂及其他植物液、汁,224,肯尼亚,512130.0
202607,13,第13章  虫胶；树胶、树脂及其他植物液、汁,244,南非,3661117.0
202607,13,第13章  虫胶；树胶、树脂及其他植物液、汁,252,刚果民主共和国,723997.0
202607,13,第13章  虫胶；树胶、树脂及其他植物液、汁,301,比利时,9042365.0
202607,13,第13章  虫胶；树胶、树脂及其他植物液、汁,305,法国,27550904.0
202607,13,第13章  虫胶；树胶、树脂及其他植物液、汁,306,爱尔兰,2708248.0
202607,13,第13章  虫胶；树胶、树脂及其他植物液、汁,307,意大利,32866197.0
202607,13,第13章  虫胶；树胶、树脂及其他植物液、汁,309,荷兰,33421423.0
202607,13,第13章  虫胶；树胶、树脂及其他植物液、汁,310,希腊,129510.0
202607,13,第13章  虫胶；树胶、树脂及其他植物液、汁,312,西班牙,101223355.0
202607,13,第13章  虫胶；树胶、树脂及其他植物液、汁,315,奥地利,346095.0
202607,13,第13章  虫胶；树胶、树脂及其他植物液、汁,316,保加利亚,1379445.0
202607,13,第13章  虫胶；树胶、树脂及其他植物液、汁,318,芬兰,8132.0
202607,13,第13章  虫胶；树胶、树脂及其他植物液、汁,321,匈牙利,927754.0
202607,13,第13章  虫胶；树胶、树脂及其他植物液、汁,326,挪威,619199.0
202607,13,第13章  虫胶；树胶、树脂及其他植物液、汁,327,波兰,28321900.0
202607,13,第13章  虫胶；树胶、树脂及其他植物液、汁,336,立陶宛,1900026.0
202607,13,第13章  虫胶；树胶、树脂及其他植物液、汁,340,白俄罗斯,4353743.0
202607,13,第13章  虫胶；树胶、树脂及其他植物液、汁,350,斯洛文尼亚,1333652.0
202607,13,第13章  虫胶；树胶、树脂及其他植物液、汁,404,巴哈马,8716.0
202607,13,第13章  虫胶；树胶、树脂及其他植物液、汁,408,玻利维亚 ,55327.0
202607,13,第13章  虫胶；树胶、树脂及其他植物液、汁,410,巴西,9539794.0
202607,13,第13章  虫胶；树胶、树脂及其他植物液、汁,415,哥斯达黎加,546025.0
202607,13,第13章  虫胶；树胶、树脂及其他植物液、汁,429,墨西哥,66005445.0
202607,13,第13章  虫胶；树胶、树脂及其他植物液、汁,442,特立尼达和多巴哥,10907.0
202607,13,第13章  虫胶；树胶、树脂及其他植物液、汁,444,乌拉圭,1246383.0
202607,13,第13章  虫胶；树胶、树脂及其他植物液、汁,501,加拿大,11877262.0
202607,14,第14章  编结用植物材料；其他植物产品,108,塞浦路斯,28140.0
202607,14,第14章  编结用植物材料；其他植物产品,109,朝鲜,438543.0
202607,14,第14章  编结用植物材料；其他植物产品,118,科威特,78736.0
202607,14,第14章  编结用植物材料；其他植物产品,124,蒙古,12238.0
202607,14,第14章  编结用植物材料；其他植物产品,129,菲律宾,1992985.0
202607,14,第14章  编结用植物材料；其他植物产品,137,土耳其,1222976.0
202607,14,第14章  编结用植物材料；其他植物产品,138,阿联酋,795059.0
202607,14,第14章  编结用植物材料；其他植物产品,147,塔吉克斯坦,681.0
202607,14,第14章  编结用植物材料；其他植物产品,224,肯尼亚,1980.0
202607,14,第14章  编结用植物材料；其他植物产品,244,南非,229778.0
202607,14,第14章  编结用植物材料；其他植物产品,301,比利时,770239.0
202607,14,第14章  编结用植物材料；其他植物产品,305,法国,1084815.0
202607,14,第14章  编结用植物材料；其他植物产品,306,爱尔兰,105596.0
202607,14,第14章  编结用植物材料；其他植物产品,307,意大利,3490772.0
202607,14,第14章  编结用植物材料；其他植物产品,309,荷兰,16426763.0
202607,14,第14章  编结用植物材料；其他植物产品,310,希腊,346235.0
202607,14,第14章  编结用植物材料；其他植物产品,312,西班牙,9332843.0
202607,14,第14章  编结用植物材料；其他植物产品,313,阿尔巴尼亚,68020.0
202607,14,第14章  编结用植物材料；其他植物产品,316,保加利亚,589963.0
202607,14,第14章  编结用植物材料；其他植物产品,321,匈牙利,15150.0
202607,14,第14章  编结用植物材料；其他植物产品,326,挪威,48519.0
202607,14,第14章  编结用植物材料；其他植物产品,327,波兰,1299161.0
202607,14,第14章  编结用植物材料；其他植物产品,336,立陶宛,1038805.0
202607,14,第14章  编结用植物材料；其他植物产品,340,白俄罗斯,808473.0
202607,14,第14章  编结用植物材料；其他植物产品,410,巴西,1531003.0
202607,14,第14章  编结用植物材料；其他植物产品,415,哥斯达黎加,26770.0
202607,14,第14章  编结用植物材料；其他植物产品,429,墨西哥,473224.0
202607,14,第14章  编结用植物材料；其他植物产品,442,特立尼达和多巴哥,86727.0
202607,14,第14章  编结用植物材料；其他植物产品,501,加拿大,4115221.0
202607,15,动、植物或微生物油、脂及其分解产品；精制的食用油脂；动、植物蜡,109,朝鲜,89692080.0
202607,15,动、植物或微生物油、脂及其分解产品；精制的食用油脂；动、植物蜡,118,科威特,193651.0
202607,15,动、植物或微生物油、脂及其分解产品；精制的食用油脂；动、植物蜡,123,马尔代夫,8932.0
202607,15,动、植物或微生物油、脂及其分解产品；精制的食用油脂；动、植物蜡,124,蒙古,1409515.0
202607,15,动、植物或微生物油、脂及其分解产品；精制的食用油脂；动、植物蜡,127,巴基斯坦,983747.0
202607,15,动、植物或微生物油、脂及其分解产品；精制的食用油脂；动、植物蜡,129,菲律宾,21017994.0
202607,15,动、植物或微生物油、脂及其分解产品；精制的食用油脂；动、植物蜡,137,土耳其,23061616.0
202607,15,动、植物或微生物油、脂及其分解产品；精制的食用油脂；动、植物蜡,138,阿联酋,19794961.0
202607,15,动、植物或微生物油、脂及其分解产品；精制的食用油脂；动、植物蜡,147,塔吉克斯坦,848203.0
202607,15,动、植物或微生物油、脂及其分解产品；精制的食用油脂；动、植物蜡,203,贝宁,221583.0
202607,15,动、植物或微生物油、脂及其分解产品；精制的食用油脂；动、植物蜡,220,加纳,36910.0
202607,15,动、植物或微生物油、脂及其分解产品；精制的食用油脂；动、植物蜡,224,肯尼亚,1649166.0
202607,15,动、植物或微生物油、脂及其分解产品；精制的食用油脂；动、植物蜡,227,马达加斯加,74013.0
202607,15,动、植物或微生物油、脂及其分解产品；精制的食用油脂；动、植物蜡,244,南非,1425883.0
202607,15,动、植物或微生物油、脂及其分解产品；精制的食用油脂；动、植物蜡,301,比利时,35622584.0
202607,15,动、植物或微生物油、脂及其分解产品；精制的食用油脂；动、植物蜡,305,法国,59293378.0
202607,15,动、植物或微生物油、脂及其分解产品；精制的食用油脂；动、植物蜡,306,爱尔兰,95332.0
202607,15,动、植物或微生物油、脂及其分解产品；精制的食用油脂；动、植物蜡,307,意大利,202551347.0
202607,15,动、植物或微生物油、脂及其分解产品；精制的食用油脂；动、植物蜡,309,荷兰,1220041147.0
202607,15,动、植物或微生物油、脂及其分解产品；精制的食用油脂；动、植物蜡,310,希腊,1888297.0
202607,15,动、植物或微生物油、脂及其分解产品；精制的食用油脂；动、植物蜡,312,西班牙,17319282.0
202607,15,动、植物或微生物油、脂及其分解产品；精制的食用油脂；动、植物蜡,315,奥地利,150.0
202607,15,动、植物或微生物油、脂及其分解产品；精制的食用油脂；动、植物蜡,316,保加利亚,1303075.0
202607,15,动、植物或微生物油、脂及其分解产品；精制的食用油脂；动、植物蜡,321,匈牙利,141208.0
202607,15,动、植物或微生物油、脂及其分解产品；精制的食用油脂；动、植物蜡,326,挪威,107391324.0
202607,15,动、植物或微生物油、脂及其分解产品；精制的食用油脂；动、植物蜡,327,波兰,9927272.0
202607,15,动、植物或微生物油、脂及其分解产品；精制的食用油脂；动、植物蜡,336,立陶宛,4909.0
202607,15,动、植物或微生物油、脂及其分解产品；精制的食用油脂；动、植物蜡,340,白俄罗斯,292020.0
202607,15,动、植物或微生物油、脂及其分解产品；精制的食用油脂；动、植物蜡,350,斯洛文尼亚,2194417.0
202607,15,动、植物或微生物油、脂及其分解产品；精制的食用油脂；动、植物蜡,408,玻利维亚 ,182791.0
202607,15,动、植物或微生物油、脂及其分解产品；精制的食用油脂；动、植物蜡,410,巴西,30642240.0
202607,15,动、植物或微生物油、脂及其分解产品；精制的食用油脂；动、植物蜡,415,哥斯达黎加,3569.0
202607,15,动、植物或微生物油、脂及其分解产品；精制的食用油脂；动、植物蜡,427,牙买加,114248.0
202607,15,动、植物或微生物油、脂及其分解产品；精制的食用油脂；动、植物蜡,429,墨西哥,1106113.0
202607,15,动、植物或微生物油、脂及其分解产品；精制的食用油脂；动、植物蜡,431,尼加拉瓜,7232.0
202607,15,动、植物或微生物油、脂及其分解产品；精制的食用油脂；动、植物蜡,442,特立尼达和多巴哥,626838.0
202607,15,动、植物或微生物油、脂及其分解产品；精制的食用油脂；动、植物蜡,444,乌拉圭,69740.0
202607,15,动、植物或微生物油、脂及其分解产品；精制的食用油脂；动、植物蜡,501,加拿大,276333151.0
202607,16,第16章  肉、鱼、甲壳动物、软体动物及其他水生无脊椎动物、昆虫的制品,108,塞浦路斯,1669472.0
202607,16,第16章  肉、鱼、甲壳动物、软体动物及其他水生无脊椎动物、昆虫的制品,109,朝鲜,11976248.0
202607,16,第16章  肉、鱼、甲壳动物、软体动物及其他水生无脊椎动物、昆虫的制品,118,科威特,805225.0
202607,16,第16章  肉、鱼、甲壳动物、软体动物及其他水生无脊椎动物、昆虫的制品,124,蒙古,5434176.0
202607,16,第16章  肉、鱼、甲壳动物、软体动物及其他水生无脊椎动物、昆虫的制品,129,菲律宾,63592882.0
202607,16,第16章  肉、鱼、甲壳动物、软体动物及其他水生无脊椎动物、昆虫的制品,137,土耳其,4364174.0
202607,16,第16章  肉、鱼、甲壳动物、软体动物及其他水生无脊椎动物、昆虫的制品,138,阿联酋,14893376.0
202607,16,第16章  肉、鱼、甲壳动物、软体动物及其他水生无脊椎动物、昆虫的制品,203,贝宁,8312360.0
202607,16,第16章  肉、鱼、甲壳动物、软体动物及其他水生无脊椎动物、昆虫的制品,209,中非,784472.0
202607,16,第16章  肉、鱼、甲壳动物、软体动物及其他水生无脊椎动物、昆虫的制品,211,乍得,1184536.0
202607,16,第16章  肉、鱼、甲壳动物、软体动物及其他水生无脊椎动物、昆虫的制品,213,刚果共和国,950448.0
202607,16,第16章  肉、鱼、甲壳动物、软体动物及其他水生无脊椎动物、昆虫的制品,219,冈比亚,6781500.0
202607,16,第16章  肉、鱼、甲壳动物、软体动物及其他水生无脊椎动物、昆虫的制品,220,加纳,112619259.0
202607,16,第16章  肉、鱼、甲壳动物、软体动物及其他水生无脊椎动物、昆虫的制品,227,马达加斯加,4098958.0
202607,16,第16章  肉、鱼、甲壳动物、软体动物及其他水生无脊椎动物、昆虫的制品,233,莫桑比克,956070.0
202607,16,第16章  肉、鱼、甲壳动物、软体动物及其他水生无脊椎动物、昆虫的制品,235,尼日尔,3925741.0
202607,16,第16章  肉、鱼、甲壳动物、软体动物及其他水生无脊椎动物、昆虫的制品,244,南非,19175797.0
202607,16,第16章  肉、鱼、甲壳动物、软体动物及其他水生无脊椎动物、昆虫的制品,250,乌干达,3385431.0
202607,16,第16章  肉、鱼、甲壳动物、软体动物及其他水生无脊椎动物、昆虫的制品,252,刚果民主共和国,10161711.0
202607,16,第16章  肉、鱼、甲壳动物、软体动物及其他水生无脊椎动物、昆虫的制品,301,比利时,11130064.0
202607,16,第16章  肉、鱼、甲壳动物、软体动物及其他水生无脊椎动物、昆虫的制品,305,法国,5443909.0
202607,16,第16章  肉、鱼、甲壳动物、软体动物及其他水生无脊椎动物、昆虫的制品,306,爱尔兰,27559442.0
202607,16,第16章  肉、鱼、甲壳动物、软体动物及其他水生无脊椎动物、昆虫的制品,307,意大利,15023712.0
202607,16,第16章  肉、鱼、甲壳动物、软体动物及其他水生无脊椎动物、昆虫的制品,309,荷兰,128989584.0
202607,16,第16章  肉、鱼、甲壳动物、软体动物及其他水生无脊椎动物、昆虫的制品,310,希腊,430404.0
202607,16,第16章  肉、鱼、甲壳动物、软体动物及其他水生无脊椎动物、昆虫的制品,312,西班牙,73809747.0
202607,16,第16章  肉、鱼、甲壳动物、软体动物及其他水生无脊椎动物、昆虫的制品,315,奥地利,1651658.0
202607,16,第16章  肉、鱼、甲壳动物、软体动物及其他水生无脊椎动物、昆虫的制品,316,保加利亚,816137.0
202607,16,第16章  肉、鱼、甲壳动物、软体动物及其他水生无脊椎动物、昆虫的制品,318,芬兰,904252.0
202607,16,第16章  肉、鱼、甲壳动物、软体动物及其他水生无脊椎动物、昆虫的制品,321,匈牙利,136.0
202607,16,第16章  肉、鱼、甲壳动物、软体动物及其他水生无脊椎动物、昆虫的制品,326,挪威,342636.0
202607,16,第16章  肉、鱼、甲壳动物、软体动物及其他水生无脊椎动物、昆虫的制品,327,波兰,4062135.0
202607,16,第16章  肉、鱼、甲壳动物、软体动物及其他水生无脊椎动物、昆虫的制品,336,立陶宛,1128830.0
202607,16,第16章  肉、鱼、甲壳动物、软体动物及其他水生无脊椎动物、昆虫的制品,340,白俄罗斯,4355964.0
202607,16,第16章  肉、鱼、甲壳动物、软体动物及其他水生无脊椎动物、昆虫的制品,404,巴哈马,1107363.0
202607,16,第16章  肉、鱼、甲壳动物、软体动物及其他水生无脊椎动物、昆虫的制品,405,巴巴多斯,312424.0
202607,16,第16章  肉、鱼、甲壳动物、软体动物及其他水生无脊椎动物、昆虫的制品,408,玻利维亚 ,1026649.0
202607,16,第16章  肉、鱼、甲壳动物、软体动物及其他水生无脊椎动物、昆虫的制品,410,巴西,10749717.0
202607,16,第16章  肉、鱼、甲壳动物、软体动物及其他水生无脊椎动物、昆虫的制品,415,哥斯达黎加,15018750.0
202607,16,第16章  肉、鱼、甲壳动物、软体动物及其他水生无脊椎动物、昆虫的制品,429,墨西哥,248042701.0
202607,16,第16章  肉、鱼、甲壳动物、软体动物及其他水生无脊椎动物、昆虫的制品,431,尼加拉瓜,1385483.0
202607,16,第16章  肉、鱼、甲壳动物、软体动物及其他水生无脊椎动物、昆虫的制品,442,特立尼达和多巴哥,1720220.0
202607,16,第16章  肉、鱼、甲壳动物、软体动物及其他水生无脊椎动物、昆虫的制品,444,乌拉圭,56017.0
202607,16,第16章  肉、鱼、甲壳动物、软体动物及其他水生无脊椎动物、昆虫的制品,501,加拿大,78371267.0
202607,16,第16章  肉、鱼、甲壳动物、软体动物及其他水生无脊椎动物、昆虫的制品,614,汤加,624284.0
202607,16,第16章  肉、鱼、甲壳动物、软体动物及其他水生无脊椎动物、昆虫的制品,617,萨摩亚,4869203.0
202607,16,第16章  肉、鱼、甲壳动物、软体动物及其他水生无脊椎动物、昆虫的制品,621,马绍尔群岛,153216.0
202607,17,第17章  糖及糖食,109,朝鲜,13489363.0
202607,17,第17章  糖及糖食,118,科威特,1212802.0
202607,17,第17章  糖及糖食,124,蒙古,5955492.0
202607,17,第17章  糖及糖食,127,巴基斯坦,11214527.0
202607,17,第17章  糖及糖食,129,菲律宾,150935349.0
202607,17,第17章  糖及糖食,137,土耳其,6294585.0
202607,17,第17章  糖及糖食,138,阿联酋,11094417.0
202607,17,第17章  糖及糖食,147,塔吉克斯坦,2742466.0
202607,17,第17章  糖及糖食,203,贝宁,16080639.0
202607,17,第17章  糖及糖食,211,乍得,52374.0
202607,17,第17章  糖及糖食,213,刚果共和国,706421.0
202607,17,第17章  糖及糖食,219,冈比亚,2731447.0
202607,17,第17章  糖及糖食,220,加纳,23898035.0
202607,17,第17章  糖及糖食,224,肯尼亚,3839074.0
202607,17,第17章  糖及糖食,227,马达加斯加,241489.0
202607,17,第17章  糖及糖食,233,莫桑比克,63670.0
202607,17,第17章  糖及糖食,235,尼日尔,665935.0
202607,17,第17章  糖及糖食,244,南非,26921242.0
202607,17,第17章  糖及糖食,252,刚果民主共和国,1267798.0
202607,17,第17章  糖及糖食,254,津巴布韦,158895.0
202607,17,第17章  糖及糖食,258,厄立特里亚,179654.0
202607,17,第17章  糖及糖食,301,比利时,3679750.0
202607,17,第17章  糖及糖食,305,法国,2372328.0
202607,17,第17章  糖及糖食,306,爱尔兰,197407.0
202607,17,第17章  糖及糖食,307,意大利,2171400.0
202607,17,第17章  糖及糖食,309,荷兰,42077097.0
202607,17,第17章  糖及糖食,310,希腊,2313334.0
202607,17,第17章  糖及糖食,312,西班牙,7075479.0
202607,17,第17章  糖及糖食,313,阿尔巴尼亚,206625.0
202607,17,第17章  糖及糖食,318,芬兰,38510.0
202607,17,第17章  糖及糖食,321,匈牙利,995673.0
202607,17,第17章  糖及糖食,326,挪威,1408851.0
202607,17,第17章  糖及糖食,327,波兰,8406187.0
202607,17,第17章  糖及糖食,336,立陶宛,4188771.0
202607,17,第17章  糖及糖食,340,白俄罗斯,657743.0
202607,17,第17章  糖及糖食,408,玻利维亚 ,653883.0
202607,17,第17章  糖及糖食,410,巴西,15713431.0
202607,17,第17章  糖及糖食,415,哥斯达黎加,3990588.0
202607,17,第17章  糖及糖食,427,牙买加,421435.0
202607,17,第17章  糖及糖食,429,墨西哥,108835101.0
202607,17,第17章  糖及糖食,431,尼加拉瓜,528713.0
202607,17,第17章  糖及糖食,435,波多黎各,93257.0
202607,17,第17章  糖及糖食,442,特立尼达和多巴哥,1433465.0
202607,17,第17章  糖及糖食,444,乌拉圭,409710.0
202607,17,第17章  糖及糖食,501,加拿大,54444714.0
202607,17,第17章  糖及糖食,617,萨摩亚,272670.0
202607,18,第18章  可可及可可制品,109,朝鲜,2001982.0
202607,18,第18章  可可及可可制品,118,科威特,3740083.0
202607,18,第18章  可可及可可制品,123,马尔代夫,156075.0
202607,18,第18章  可可及可可制品,124,蒙古,957041.0
202607,18,第18章  可可及可可制品,127,巴基斯坦,395828.0
202607,18,第18章  可可及可可制品,129,菲律宾,15597080.0
202607,18,第18章  可可及可可制品,137,土耳其,6193721.0
202607,18,第18章  可可及可可制品,138,阿联酋,17162422.0
202607,18,第18章  可可及可可制品,203,贝宁,1114626.0
202607,18,第18章  可可及可可制品,213,刚果共和国,92298.0
202607,18,第18章  可可及可可制品,220,加纳,2006863.0
202607,18,第18章  可可及可可制品,224,肯尼亚,134683.0
202607,18,第18章  可可及可可制品,227,马达加斯加,3363.0
202607,18,第18章  可可及可可制品,233,莫桑比克,799139.0
202607,18,第18章  可可及可可制品,235,尼日尔,74183.0
202607,18,第18章  可可及可可制品,244,南非,1173446.0
202607,18,第18章  可可及可可制品,252,刚果民主共和国,286003.0
202607,18,第18章  可可及可可制品,301,比利时,33982.0
202607,18,第18章  可可及可可制品,305,法国,158283.0
202607,18,第18章  可可及可可制品,306,爱尔兰,1367.0
202607,18,第18章  可可及可可制品,309,荷兰,1687229.0
202607,18,第18章  可可及可可制品,321,匈牙利,415413.0
202607,18,第18章  可可及可可制品,340,白俄罗斯,408306.0
202607,18,第18章  可可及可可制品,408,玻利维亚 ,432499.0
202607,18,第18章  可可及可可制品,410,巴西,398011.0
202607,18,第18章  可可及可可制品,415,哥斯达黎加,359128.0
202607,18,第18章  可可及可可制品,429,墨西哥,5628379.0
202607,18,第18章  可可及可可制品,431,尼加拉瓜,251888.0
202607,18,第18章  可可及可可制品,442,特立尼达和多巴哥,602360.0
202607,18,第18章  可可及可可制品,501,加拿大,6485314.0
202607,19,第19章  谷物、粮食粉、淀粉或乳的制品；糕饼点心,108,塞浦路斯,237946.0
202607,19,第19章  谷物、粮食粉、淀粉或乳的制品；糕饼点心,109,朝鲜,16662878.0
202607,19,第19章  谷物、粮食粉、淀粉或乳的制品；糕饼点心,118,科威特,854642.0
202607,19,第19章  谷物、粮食粉、淀粉或乳的制品；糕饼点心,123,马尔代夫,442555.0
202607,19,第19章  谷物、粮食粉、淀粉或乳的制品；糕饼点心,124,蒙古,21354955.0
202607,19,第19章  谷物、粮食粉、淀粉或乳的制品；糕饼点心,127,巴基斯坦,6347312.0
202607,19,第19章  谷物、粮食粉、淀粉或乳的制品；糕饼点心,129,菲律宾,62718803.0
202607,19,第19章  谷物、粮食粉、淀粉或乳的制品；糕饼点心,137,土耳其,2448398.0
202607,19,第19章  谷物、粮食粉、淀粉或乳的制品；糕饼点心,138,阿联酋,15269268.0
202607,19,第19章  谷物、粮食粉、淀粉或乳的制品；糕饼点心,147,塔吉克斯坦,656415.0
202607,19,第19章  谷物、粮食粉、淀粉或乳的制品；糕饼点心,203,贝宁,3297763.0
202607,19,第19章  谷物、粮食粉、淀粉或乳的制品；糕饼点心,211,乍得,181066.0
202607,19,第19章  谷物、粮食粉、淀粉或乳的制品；糕饼点心,213,刚果共和国,771241.0
202607,19,第19章  谷物、粮食粉、淀粉或乳的制品；糕饼点心,219,冈比亚,145725.0
202607,19,第19章  谷物、粮食粉、淀粉或乳的制品；糕饼点心,220,加纳,6776458.0
202607,19,第19章  谷物、粮食粉、淀粉或乳的制品；糕饼点心,224,肯尼亚,517651.0
202607,19,第19章  谷物、粮食粉、淀粉或乳的制品；糕饼点心,227,马达加斯加,883093.0
202607,19,第19章  谷物、粮食粉、淀粉或乳的制品；糕饼点心,233,莫桑比克,135375.0
202607,19,第19章  谷物、粮食粉、淀粉或乳的制品；糕饼点心,235,尼日尔,86461.0
202607,19,第19章  谷物、粮食粉、淀粉或乳的制品；糕饼点心,241,塞舌尔,327570.0
202607,19,第19章  谷物、粮食粉、淀粉或乳的制品；糕饼点心,244,南非,7452057.0
202607,19,第19章  谷物、粮食粉、淀粉或乳的制品；糕饼点心,250,乌干达,14.0
202607,19,第19章  谷物、粮食粉、淀粉或乳的制品；糕饼点心,252,刚果民主共和国,985858.0
202607,19,第19章  谷物、粮食粉、淀粉或乳的制品；糕饼点心,301,比利时,10017998.0
202607,19,第19章  谷物、粮食粉、淀粉或乳的制品；糕饼点心,305,法国,17848997.0
202607,19,第19章  谷物、粮食粉、淀粉或乳的制品；糕饼点心,306,爱尔兰,3619497.0
202607,19,第19章  谷物、粮食粉、淀粉或乳的制品；糕饼点心,307,意大利,13391849.0
202607,19,第19章  谷物、粮食粉、淀粉或乳的制品；糕饼点心,309,荷兰,55272995.0
202607,19,第19章  谷物、粮食粉、淀粉或乳的制品；糕饼点心,310,希腊,1798114.0
202607,19,第19章  谷物、粮食粉、淀粉或乳的制品；糕饼点心,312,西班牙,12110825.0
202607,19,第19章  谷物、粮食粉、淀粉或乳的制品；糕饼点心,315,奥地利,565150.0
202607,19,第19章  谷物、粮食粉、淀粉或乳的制品；糕饼点心,316,保加利亚,334760.0
202607,19,第19章  谷物、粮食粉、淀粉或乳的制品；糕饼点心,318,芬兰,1277612.0
202607,19,第19章  谷物、粮食粉、淀粉或乳的制品；糕饼点心,321,匈牙利,255732.0
202607,19,第19章  谷物、粮食粉、淀粉或乳的制品；糕饼点心,326,挪威,2113393.0
202607,19,第19章  谷物、粮食粉、淀粉或乳的制品；糕饼点心,327,波兰,6389672.0
202607,19,第19章  谷物、粮食粉、淀粉或乳的制品；糕饼点心,336,立陶宛,1305924.0
202607,19,第19章  谷物、粮食粉、淀粉或乳的制品；糕饼点心,340,白俄罗斯,339858.0
202607,19,第19章  谷物、粮食粉、淀粉或乳的制品；糕饼点心,350,斯洛文尼亚,228587.0
202607,19,第19章  谷物、粮食粉、淀粉或乳的制品；糕饼点心,405,巴巴多斯,200337.0
202607,19,第19章  谷物、粮食粉、淀粉或乳的制品；糕饼点心,408,玻利维亚 ,1135028.0
202607,19,第19章  谷物、粮食粉、淀粉或乳的制品；糕饼点心,410,巴西,6132075.0
202607,19,第19章  谷物、粮食粉、淀粉或乳的制品；糕饼点心,415,哥斯达黎加,2348575.0
202607,19,第19章  谷物、粮食粉、淀粉或乳的制品；糕饼点心,422,瓜德罗普,40081.0
202607,19,第19章  谷物、粮食粉、淀粉或乳的制品；糕饼点心,427,牙买加,871834.0
202607,19,第19章  谷物、粮食粉、淀粉或乳的制品；糕饼点心,429,墨西哥,15448171.0
202607,19,第19章  谷物、粮食粉、淀粉或乳的制品；糕饼点心,431,尼加拉瓜,764182.0
202607,19,第19章  谷物、粮食粉、淀粉或乳的制品；糕饼点心,435,波多黎各,105878.0
202607,19,第19章  谷物、粮食粉、淀粉或乳的制品；糕饼点心,442,特立尼达和多巴哥,1532046.0
202607,19,第19章  谷物、粮食粉、淀粉或乳的制品；糕饼点心,444,乌拉圭,2391575.0
202607,19,第19章  谷物、粮食粉、淀粉或乳的制品；糕饼点心,501,加拿大,70890793.0
202607,19,第19章  谷物、粮食粉、淀粉或乳的制品；糕饼点心,614,汤加,323164.0
202607,19,第19章  谷物、粮食粉、淀粉或乳的制品；糕饼点心,617,萨摩亚,715354.0
202607,19,第19章  谷物、粮食粉、淀粉或乳的制品；糕饼点心,621,马绍尔群岛,3643.0
202607,20,第20章  蔬菜、水果、坚果或植物其他部分的制品,108,塞浦路斯,939077.0
202607,20,第20章  蔬菜、水果、坚果或植物其他部分的制品,109,朝鲜,3646189.0
202607,20,第20章  蔬菜、水果、坚果或植物其他部分的制品,118,科威特,1114301.0
202607,20,第20章  蔬菜、水果、坚果或植物其他部分的制品,123,马尔代夫,1657779.0
202607,20,第20章  蔬菜、水果、坚果或植物其他部分的制品,124,蒙古,9875458.0
202607,20,第20章  蔬菜、水果、坚果或植物其他部分的制品,127,巴基斯坦,36434142.0
202607,20,第20章  蔬菜、水果、坚果或植物其他部分的制品,129,菲律宾,183134160.0
202607,20,第20章  蔬菜、水果、坚果或植物其他部分的制品,137,土耳其,10808822.0
202607,20,第20章  蔬菜、水果、坚果或植物其他部分的制品,138,阿联酋,47968391.0
202607,20,第20章  蔬菜、水果、坚果或植物其他部分的制品,147,塔吉克斯坦,5691923.0
202607,20,第20章  蔬菜、水果、坚果或植物其他部分的制品,203,贝宁,19136876.0
202607,20,第20章  蔬菜、水果、坚果或植物其他部分的制品,208,佛得角,317423.0
202607,20,第20章  蔬菜、水果、坚果或植物其他部分的制品,209,中非,154785.0
202607,20,第20章  蔬菜、水果、坚果或植物其他部分的制品,213,刚果共和国,486761.0
202607,20,第20章  蔬菜、水果、坚果或植物其他部分的制品,219,冈比亚,2801542.0
202607,20,第20章  蔬菜、水果、坚果或植物其他部分的制品,220,加纳,36950706.0
202607,20,第20章  蔬菜、水果、坚果或植物其他部分的制品,224,肯尼亚,6766165.0
202607,20,第20章  蔬菜、水果、坚果或植物其他部分的制品,227,马达加斯加,1349063.0
202607,20,第20章  蔬菜、水果、坚果或植物其他部分的制品,233,莫桑比克,1009702.0
202607,20,第20章  蔬菜、水果、坚果或植物其他部分的制品,235,尼日尔,2106930.0
202607,20,第20章  蔬菜、水果、坚果或植物其他部分的制品,239,圣多美和普林西比,99483.0
202607,20,第20章  蔬菜、水果、坚果或植物其他部分的制品,241,塞舌尔,1027798.0
202607,20,第20章  蔬菜、水果、坚果或植物其他部分的制品,244,南非,32603770.0
202607,20,第20章  蔬菜、水果、坚果或植物其他部分的制品,250,乌干达,325431.0
202607,20,第20章  蔬菜、水果、坚果或植物其他部分的制品,252,刚果民主共和国,12486964.0
202607,20,第20章  蔬菜、水果、坚果或植物其他部分的制品,254,津巴布韦,157089.0
202607,20,第20章  蔬菜、水果、坚果或植物其他部分的制品,301,比利时,12738035.0
202607,20,第20章  蔬菜、水果、坚果或植物其他部分的制品,305,法国,25400762.0
202607,20,第20章  蔬菜、水果、坚果或植物其他部分的制品,306,爱尔兰,1970901.0
202607,20,第20章  蔬菜、水果、坚果或植物其他部分的制品,307,意大利,33263880.0
202607,20,第20章  蔬菜、水果、坚果或植物其他部分的制品,309,荷兰,83873261.0
202607,20,第20章  蔬菜、水果、坚果或植物其他部分的制品,310,希腊,4920514.0
202607,20,第20章  蔬菜、水果、坚果或植物其他部分的制品,312,西班牙,70348935.0
202607,20,第20章  蔬菜、水果、坚果或植物其他部分的制品,313,阿尔巴尼亚,531106.0
202607,20,第20章  蔬菜、水果、坚果或植物其他部分的制品,315,奥地利,2731451.0
202607,20,第20章  蔬菜、水果、坚果或植物其他部分的制品,316,保加利亚,1207663.0
202607,20,第20章  蔬菜、水果、坚果或植物其他部分的制品,318,芬兰,939476.0
202607,20,第20章  蔬菜、水果、坚果或植物其他部分的制品,321,匈牙利,3171516.0
202607,20,第20章  蔬菜、水果、坚果或植物其他部分的制品,326,挪威,7053302.0
202607,20,第20章  蔬菜、水果、坚果或植物其他部分的制品,327,波兰,20862396.0
202607,20,第20章  蔬菜、水果、坚果或植物其他部分的制品,336,立陶宛,1493764.0
202607,20,第20章  蔬菜、水果、坚果或植物其他部分的制品,340,白俄罗斯,7532047.0
202607,20,第20章  蔬菜、水果、坚果或植物其他部分的制品,350,斯洛文尼亚,924426.0
202607,20,第20章  蔬菜、水果、坚果或植物其他部分的制品,404,巴哈马,100553.0
202607,20,第20章  蔬菜、水果、坚果或植物其他部分的制品,405,巴巴多斯,75927.0
202607,20,第20章  蔬菜、水果、坚果或植物其他部分的制品,408,玻利维亚 ,80088.0
202607,20,第20章  蔬菜、水果、坚果或植物其他部分的制品,410,巴西,53859728.0
202607,20,第20章  蔬菜、水果、坚果或植物其他部分的制品,415,哥斯达黎加,9520716.0
202607,20,第20章  蔬菜、水果、坚果或植物其他部分的制品,427,牙买加,1066202.0
202607,20,第20章  蔬菜、水果、坚果或植物其他部分的制品,429,墨西哥,53075435.0
202607,20,第20章  蔬菜、水果、坚果或植物其他部分的制品,431,尼加拉瓜,250126.0
202607,20,第20章  蔬菜、水果、坚果或植物其他部分的制品,435,波多黎各,2330762.0
202607,20,第20章  蔬菜、水果、坚果或植物其他部分的制品,442,特立尼达和多巴哥,2778587.0
202607,20,第20章  蔬菜、水果、坚果或植物其他部分的制品,444,乌拉圭,1073128.0
202607,20,第20章  蔬菜、水果、坚果或植物其他部分的制品,501,加拿大,97446907.0
202607,20,第20章  蔬菜、水果、坚果或植物其他部分的制品,614,汤加,246317.0
202607,20,第20章  蔬菜、水果、坚果或植物其他部分的制品,617,萨摩亚,715684.0
202607,20,第20章  蔬菜、水果、坚果或植物其他部分的制品,621,马绍尔群岛,107538.0
202607,21,第21章  杂项食品,108,塞浦路斯,381232.0
202607,21,第21章  杂项食品,109,朝鲜,11672201.0
202607,21,第21章  杂项食品,118,科威特,3219527.0
202607,21,第21章  杂项食品,123,马尔代夫,311154.0
202607,21,第21章  杂项食品,124,蒙古,15015925.0
202607,21,第21章  杂项食品,127,巴基斯坦,21632651.0
202607,21,第21章  杂项食品,129,菲律宾,145298316.0
202607,21,第21章  杂项食品,137,土耳其,25041299.0
202607,21,第21章  杂项食品,138,阿联酋,37071278.0
202607,21,第21章  杂项食品,147,塔吉克斯坦,4520027.0
202607,21,第21章  杂项食品,203,贝宁,17884167.0
202607,21,第21章  杂项食品,211,乍得,1645809.0
202607,21,第21章  杂项食品,213,刚果共和国,2693426.0
202607,21,第21章  杂项食品,219,冈比亚,2177338.0
202607,21,第21章  杂项食品,220,加纳,63842307.0
202607,21,第21章  杂项食品,222,几内亚比绍,359036.0
202607,21,第21章  杂项食品,224,肯尼亚,10823443.0
202607,21,第21章  杂项食品,227,马达加斯加,9324646.0
202607,21,第21章  杂项食品,233,莫桑比克,10121789.0
202607,21,第21章  杂项食品,235,尼日尔,1518514.0
202607,21,第21章  杂项食品,239,圣多美和普林西比,40320.0
202607,21,第21章  杂项食品,241,塞舌尔,90479.0
202607,21,第21章  杂项食品,244,南非,19146928.0
202607,21,第21章  杂项食品,250,乌干达,7645716.0
202607,21,第21章  杂项食品,252,刚果民主共和国,12294169.0
202607,21,第21章  杂项食品,254,津巴布韦,1081584.0
202607,21,第21章  杂项食品,255,莱索托,465380.0
202607,21,第21章  杂项食品,301,比利时,14206803.0
202607,21,第21章  杂项食品,305,法国,17257454.0
202607,21,第21章  杂项食品,306,爱尔兰,8311540.0
202607,21,第21章  杂项食品,307,意大利,19988643.0
202607,21,第21章  杂项食品,309,荷兰,203289208.0
202607,21,第21章  杂项食品,310,希腊,1680831.0
202607,21,第21章  杂项食品,312,西班牙,20540919.0
202607,21,第21章  杂项食品,313,阿尔巴尼亚,127135.0
202607,21,第21章  杂项食品,314,安道尔,11086.0
202607,21,第21章  杂项食品,315,奥地利,989599.0
202607,21,第21章  杂项食品,316,保加利亚,2719077.0
202607,21,第21章  杂项食品,318,芬兰,1456197.0
202607,21,第21章  杂项食品,321,匈牙利,4622520.0
202607,21,第21章  杂项食品,326,挪威,5572639.0
202607,21,第21章  杂项食品,327,波兰,20854712.0
202607,21,第21章  杂项食品,336,立陶宛,17542416.0
202607,21,第21章  杂项食品,340,白俄罗斯,1101683.0
202607,21,第21章  杂项食品,350,斯洛文尼亚,2799458.0
202607,21,第21章  杂项食品,404,巴哈马,2805.0
202607,21,第21章  杂项食品,405,巴巴多斯,419012.0
202607,21,第21章  杂项食品,408,玻利维亚 ,1948223.0
202607,21,第21章  杂项食品,410,巴西,49382771.0
202607,21,第21章  杂项食品,415,哥斯达黎加,5697297.0
202607,21,第21章  杂项食品,427,牙买加,919582.0
202607,21,第21章  杂项食品,429,墨西哥,38852217.0
202607,21,第21章  杂项食品,431,尼加拉瓜,713633.0
202607,21,第21章  杂项食品,435,波多黎各,233029.0
202607,21,第21章  杂项食品,442,特立尼达和多巴哥,1791694.0
202607,21,第21章  杂项食品,444,乌拉圭,810464.0
202607,21,第21章  杂项食品,501,加拿大,101812138.0
202607,21,第21章  杂项食品,614,汤加,337433.0
202607,21,第21章  杂项食品,617,萨摩亚,724620.0
202607,21,第21章  杂项食品,621,马绍尔群岛,176273.0
202607,22,第22章  饮料、酒及醋,109,朝鲜,22302308.0
202607,22,第22章  饮料、酒及醋,123,马尔代夫,34749.0
202607,22,第22章  饮料、酒及醋,124,蒙古,13069857.0
202607,22,第22章  饮料、酒及醋,127,巴基斯坦,2809333.0
202607,22,第22章  饮料、酒及醋,129,菲律宾,17510667.0
202607,22,第22章  饮料、酒及醋,137,土耳其,3269209.0
202607,22,第22章  饮料、酒及醋,138,阿联酋,28397717.0
202607,22,第22章  饮料、酒及醋,147,塔吉克斯坦,831810.0
202607,22,第22章  饮料、酒及醋,203,贝宁,36852.0
202607,22,第22章  饮料、酒及醋,213,刚果共和国,47069.0
202607,22,第22章  饮料、酒及醋,220,加纳,715393.0
202607,22,第22章  饮料、酒及醋,224,肯尼亚,7779806.0
202607,22,第22章  饮料、酒及醋,227,马达加斯加,8912.0
202607,22,第22章  饮料、酒及醋,233,莫桑比克,1474766.0
202607,22,第22章  饮料、酒及醋,244,南非,1661561.0
202607,22,第22章  饮料、酒及醋,250,乌干达,370280.0
202607,22,第22章  饮料、酒及醋,252,刚果民主共和国,638450.0
202607,22,第22章  饮料、酒及醋,254,津巴布韦,217445.0
202607,22,第22章  饮料、酒及醋,301,比利时,256988.0
202607,22,第22章  饮料、酒及醋,305,法国,2656696.0
202607,22,第22章  饮料、酒及醋,306,爱尔兰,293819.0
202607,22,第22章  饮料、酒及醋,307,意大利,4890800.0
202607,22,第22章  饮料、酒及醋,309,荷兰,11016177.0
202607,22,第22章  饮料、酒及醋,310,希腊,49212.0
202607,22,第22章  饮料、酒及醋,312,西班牙,2584725.0
202607,22,第22章  饮料、酒及醋,315,奥地利,217387.0
202607,22,第22章  饮料、酒及醋,316,保加利亚,3242635.0
202607,22,第22章  饮料、酒及醋,318,芬兰,1429468.0
202607,22,第22章  饮料、酒及醋,321,匈牙利,1165454.0
202607,22,第22章  饮料、酒及醋,326,挪威,1794819.0
202607,22,第22章  饮料、酒及醋,327,波兰,1128344.0
202607,22,第22章  饮料、酒及醋,336,立陶宛,395612.0
202607,22,第22章  饮料、酒及醋,340,白俄罗斯,529210.0
202607,22,第22章  饮料、酒及醋,350,斯洛文尼亚,62994.0
202607,22,第22章  饮料、酒及醋,359,黑山,242289.0
202607,22,第22章  饮料、酒及醋,404,巴哈马,150248.0
202607,22,第22章  饮料、酒及醋,406,伯利兹,293989.0
202607,22,第22章  饮料、酒及醋,408,玻利维亚 ,202233.0
202607,22,第22章  饮料、酒及醋,410,巴西,4239326.0
202607,22,第22章  饮料、酒及醋,415,哥斯达黎加,576610.0
202607,22,第22章  饮料、酒及醋,427,牙买加,1666579.0
202607,22,第22章  饮料、酒及醋,429,墨西哥,5740882.0
202607,22,第22章  饮料、酒及醋,431,尼加拉瓜,9751406.0
202607,22,第22章  饮料、酒及醋,442,特立尼达和多巴哥,161309.0
202607,22,第22章  饮料、酒及醋,444,乌拉圭,5965.0
202607,22,第22章  饮料、酒及醋,501,加拿大,7986980.0
202607,22,第22章  饮料、酒及醋,614,汤加,77841.0
202607,22,第22章  饮料、酒及醋,617,萨摩亚,131669.0
202607,22,第22章  饮料、酒及醋,621,马绍尔群岛,44747.0
202607,22,第22章  饮料、酒及醋,625,瓦利斯和富图纳 ,78145.0
202607,23,第23章  食品工业的残渣及废料；配制的动物饲料,109,朝鲜,1270710.0
202607,23,第23章  食品工业的残渣及废料；配制的动物饲料,118,科威特,643922.0
202607,23,第23章  食品工业的残渣及废料；配制的动物饲料,123,马尔代夫,195674.0
202607,23,第23章  食品工业的残渣及废料；配制的动物饲料,124,蒙古,4091036.0
202607,23,第23章  食品工业的残渣及废料；配制的动物饲料,127,巴基斯坦,8881803.0
202607,23,第23章  食品工业的残渣及废料；配制的动物饲料,129,菲律宾,87836426.0
202607,23,第23章  食品工业的残渣及废料；配制的动物饲料,137,土耳其,18199283.0
202607,23,第23章  食品工业的残渣及废料；配制的动物饲料,138,阿联酋,19185794.0
202607,23,第23章  食品工业的残渣及废料；配制的动物饲料,147,塔吉克斯坦,388183.0
202607,23,第23章  食品工业的残渣及废料；配制的动物饲料,203,贝宁,123115.0
202607,23,第23章  食品工业的残渣及废料；配制的动物饲料,220,加纳,262782.0
202607,23,第23章  食品工业的残渣及废料；配制的动物饲料,224,肯尼亚,11556773.0
202607,23,第23章  食品工业的残渣及废料；配制的动物饲料,244,南非,4031074.0
202607,23,第23章  食品工业的残渣及废料；配制的动物饲料,250,乌干达,236974.0
202607,23,第23章  食品工业的残渣及废料；配制的动物饲料,301,比利时,19696918.0
202607,23,第23章  食品工业的残渣及废料；配制的动物饲料,305,法国,12737771.0
202607,23,第23章  食品工业的残渣及废料；配制的动物饲料,306,爱尔兰,10038056.0
202607,23,第23章  食品工业的残渣及废料；配制的动物饲料,307,意大利,15153577.0
202607,23,第23章  食品工业的残渣及废料；配制的动物饲料,309,荷兰,128803684.0
202607,23,第23章  食品工业的残渣及废料；配制的动物饲料,310,希腊,6520436.0
202607,23,第23章  食品工业的残渣及废料；配制的动物饲料,312,西班牙,24337519.0
202607,23,第23章  食品工业的残渣及废料；配制的动物饲料,315,奥地利,1107.0
202607,23,第23章  食品工业的残渣及废料；配制的动物饲料,318,芬兰,12756461.0
202607,23,第23章  食品工业的残渣及废料；配制的动物饲料,326,挪威,5868435.0
202607,23,第23章  食品工业的残渣及废料；配制的动物饲料,327,波兰,26571363.0
202607,23,第23章  食品工业的残渣及废料；配制的动物饲料,336,立陶宛,5158267.0
202607,23,第23章  食品工业的残渣及废料；配制的动物饲料,340,白俄罗斯,8436726.0
202607,23,第23章  食品工业的残渣及废料；配制的动物饲料,350,斯洛文尼亚,331182.0
202607,23,第23章  食品工业的残渣及废料；配制的动物饲料,408,玻利维亚 ,573029.0
202607,23,第23章  食品工业的残渣及废料；配制的动物饲料,410,巴西,31363727.0
202607,23,第23章  食品工业的残渣及废料；配制的动物饲料,415,哥斯达黎加,2324897.0
202607,23,第23章  食品工业的残渣及废料；配制的动物饲料,429,墨西哥,13506688.0
202607,23,第23章  食品工业的残渣及废料；配制的动物饲料,431,尼加拉瓜,915834.0
202607,23,第23章  食品工业的残渣及废料；配制的动物饲料,444,乌拉圭,626276.0
202607,23,第23章  食品工业的残渣及废料；配制的动物饲料,501,加拿大,38278169.0
202607,24,第24章  烟草、烟草及烟草代用品的制品；非经燃烧吸用的产品，不论是否含有尼古丁；其他供人体摄入尼古丁的含尼古丁的产品,108,塞浦路斯,5568450.0
202607,24,第24章  烟草、烟草及烟草代用品的制品；非经燃烧吸用的产品，不论是否含有尼古丁；其他供人体摄入尼古丁的含尼古丁的产品,109,朝鲜,156938.0
202607,24,第24章  烟草、烟草及烟草代用品的制品；非经燃烧吸用的产品，不论是否含有尼古丁；其他供人体摄入尼古丁的含尼古丁的产品,118,科威特,22816475.0
202607,24,第24章  烟草、烟草及烟草代用品的制品；非经燃烧吸用的产品，不论是否含有尼古丁；其他供人体摄入尼古丁的含尼古丁的产品,124,蒙古,7325799.0
202607,24,第24章  烟草、烟草及烟草代用品的制品；非经燃烧吸用的产品，不论是否含有尼古丁；其他供人体摄入尼古丁的含尼古丁的产品,127,巴基斯坦,16048588.0
202607,24,第24章  烟草、烟草及烟草代用品的制品；非经燃烧吸用的产品，不论是否含有尼古丁；其他供人体摄入尼古丁的含尼古丁的产品,129,菲律宾,16751995.0
202607,24,第24章  烟草、烟草及烟草代用品的制品；非经燃烧吸用的产品，不论是否含有尼古丁；其他供人体摄入尼古丁的含尼古丁的产品,138,阿联酋,274617989.0
202607,24,第24章  烟草、烟草及烟草代用品的制品；非经燃烧吸用的产品，不论是否含有尼古丁；其他供人体摄入尼古丁的含尼古丁的产品,147,塔吉克斯坦,4701239.0
202607,24,第24章  烟草、烟草及烟草代用品的制品；非经燃烧吸用的产品，不论是否含有尼古丁；其他供人体摄入尼古丁的含尼古丁的产品,224,肯尼亚,347229.0
202607,24,第24章  烟草、烟草及烟草代用品的制品；非经燃烧吸用的产品，不论是否含有尼古丁；其他供人体摄入尼古丁的含尼古丁的产品,227,马达加斯加,77074.0
202607,24,第24章  烟草、烟草及烟草代用品的制品；非经燃烧吸用的产品，不论是否含有尼古丁；其他供人体摄入尼古丁的含尼古丁的产品,233,莫桑比克,689232.0
202607,24,第24章  烟草、烟草及烟草代用品的制品；非经燃烧吸用的产品，不论是否含有尼古丁；其他供人体摄入尼古丁的含尼古丁的产品,244,南非,50220655.0
202607,24,第24章  烟草、烟草及烟草代用品的制品；非经燃烧吸用的产品，不论是否含有尼古丁；其他供人体摄入尼古丁的含尼古丁的产品,254,津巴布韦,1215017.0
202607,24,第24章  烟草、烟草及烟草代用品的制品；非经燃烧吸用的产品，不论是否含有尼古丁；其他供人体摄入尼古丁的含尼古丁的产品,301,比利时,80474331.0
202607,24,第24章  烟草、烟草及烟草代用品的制品；非经燃烧吸用的产品，不论是否含有尼古丁；其他供人体摄入尼古丁的含尼古丁的产品,305,法国,35136476.0
202607,24,第24章  烟草、烟草及烟草代用品的制品；非经燃烧吸用的产品，不论是否含有尼古丁；其他供人体摄入尼古丁的含尼古丁的产品,306,爱尔兰,6128532.0
202607,24,第24章  烟草、烟草及烟草代用品的制品；非经燃烧吸用的产品，不论是否含有尼古丁；其他供人体摄入尼古丁的含尼古丁的产品,307,意大利,19442968.0
202607,24,第24章  烟草、烟草及烟草代用品的制品；非经燃烧吸用的产品，不论是否含有尼古丁；其他供人体摄入尼古丁的含尼古丁的产品,309,荷兰,52952295.0
202607,24,第24章  烟草、烟草及烟草代用品的制品；非经燃烧吸用的产品，不论是否含有尼古丁；其他供人体摄入尼古丁的含尼古丁的产品,310,希腊,31473663.0
202607,24,第24章  烟草、烟草及烟草代用品的制品；非经燃烧吸用的产品，不论是否含有尼古丁；其他供人体摄入尼古丁的含尼古丁的产品,312,西班牙,29838216.0
202607,24,第24章  烟草、烟草及烟草代用品的制品；非经燃烧吸用的产品，不论是否含有尼古丁；其他供人体摄入尼古丁的含尼古丁的产品,313,阿尔巴尼亚,2174648.0
202607,24,第24章  烟草、烟草及烟草代用品的制品；非经燃烧吸用的产品，不论是否含有尼古丁；其他供人体摄入尼古丁的含尼古丁的产品,314,安道尔,92968.0
202607,24,第24章  烟草、烟草及烟草代用品的制品；非经燃烧吸用的产品，不论是否含有尼古丁；其他供人体摄入尼古丁的含尼古丁的产品,315,奥地利,8409711.0
202607,24,第24章  烟草、烟草及烟草代用品的制品；非经燃烧吸用的产品，不论是否含有尼古丁；其他供人体摄入尼古丁的含尼古丁的产品,316,保加利亚,8752305.0
202607,24,第24章  烟草、烟草及烟草代用品的制品；非经燃烧吸用的产品，不论是否含有尼古丁；其他供人体摄入尼古丁的含尼古丁的产品,318,芬兰,654917.0
202607,24,第24章  烟草、烟草及烟草代用品的制品；非经燃烧吸用的产品，不论是否含有尼古丁；其他供人体摄入尼古丁的含尼古丁的产品,321,匈牙利,213982.0
202607,24,第24章  烟草、烟草及烟草代用品的制品；非经燃烧吸用的产品，不论是否含有尼古丁；其他供人体摄入尼古丁的含尼古丁的产品,327,波兰,49261863.0
202607,24,第24章  烟草、烟草及烟草代用品的制品；非经燃烧吸用的产品，不论是否含有尼古丁；其他供人体摄入尼古丁的含尼古丁的产品,336,立陶宛,3010673.0
202607,24,第24章  烟草、烟草及烟草代用品的制品；非经燃烧吸用的产品，不论是否含有尼古丁；其他供人体摄入尼古丁的含尼古丁的产品,340,白俄罗斯,2300519.0
202607,24,第24章  烟草、烟草及烟草代用品的制品；非经燃烧吸用的产品，不论是否含有尼古丁；其他供人体摄入尼古丁的含尼古丁的产品,359,黑山,20807.0
202607,24,第24章  烟草、烟草及烟草代用品的制品；非经燃烧吸用的产品，不论是否含有尼古丁；其他供人体摄入尼古丁的含尼古丁的产品,406,伯利兹,27955106.0
202607,24,第24章  烟草、烟草及烟草代用品的制品；非经燃烧吸用的产品，不论是否含有尼古丁；其他供人体摄入尼古丁的含尼古丁的产品,408,玻利维亚 ,370637.0
202607,24,第24章  烟草、烟草及烟草代用品的制品；非经燃烧吸用的产品，不论是否含有尼古丁；其他供人体摄入尼古丁的含尼古丁的产品,415,哥斯达黎加,1585605.0
202607,24,第24章  烟草、烟草及烟草代用品的制品；非经燃烧吸用的产品，不论是否含有尼古丁；其他供人体摄入尼古丁的含尼古丁的产品,427,牙买加,393565.0
202607,24,第24章  烟草、烟草及烟草代用品的制品；非经燃烧吸用的产品，不论是否含有尼古丁；其他供人体摄入尼古丁的含尼古丁的产品,429,墨西哥,4134690.0
202607,24,第24章  烟草、烟草及烟草代用品的制品；非经燃烧吸用的产品，不论是否含有尼古丁；其他供人体摄入尼古丁的含尼古丁的产品,442,特立尼达和多巴哥,817243.0
202607,24,第24章  烟草、烟草及烟草代用品的制品；非经燃烧吸用的产品，不论是否含有尼古丁；其他供人体摄入尼古丁的含尼古丁的产品,444,乌拉圭,21837699.0
202607,24,第24章  烟草、烟草及烟草代用品的制品；非经燃烧吸用的产品，不论是否含有尼古丁；其他供人体摄入尼古丁的含尼古丁的产品,501,加拿大,130378360.0
202607,24,第24章  烟草、烟草及烟草代用品的制品；非经燃烧吸用的产品，不论是否含有尼古丁；其他供人体摄入尼古丁的含尼古丁的产品,621,马绍尔群岛,13962.0
202607,25,第25章  盐；硫磺；泥土及石料；石膏料、石灰及水泥,108,塞浦路斯,1200.0
202607,25,第25章  盐；硫磺；泥土及石料；石膏料、石灰及水泥,109,朝鲜,8060831.0
202607,25,第25章  盐；硫磺；泥土及石料；石膏料、石灰及水泥,118,科威特,565639.0
202607,25,第25章  盐；硫磺；泥土及石料；石膏料、石灰及水泥,123,马尔代夫,49558.0
202607,25,第25章  盐；硫磺；泥土及石料；石膏料、石灰及水泥,124,蒙古,13551537.0
202607,25,第25章  盐；硫磺；泥土及石料；石膏料、石灰及水泥,127,巴基斯坦,10194933.0
202607,25,第25章  盐；硫磺；泥土及石料；石膏料、石灰及水泥,129,菲律宾,61016212.0
202607,25,第25章  盐；硫磺；泥土及石料；石膏料、石灰及水泥,137,土耳其,44560381.0
202607,25,第25章  盐；硫磺；泥土及石料；石膏料、石灰及水泥,138,阿联酋,17164438.0
202607,25,第25章  盐；硫磺；泥土及石料；石膏料、石灰及水泥,147,塔吉克斯坦,213972.0
202607,25,第25章  盐；硫磺；泥土及石料；石膏料、石灰及水泥,203,贝宁,26251.0
202607,25,第25章  盐；硫磺；泥土及石料；石膏料、石灰及水泥,211,乍得,9522.0
202607,25,第25章  盐；硫磺；泥土及石料；石膏料、石灰及水泥,213,刚果共和国,1279568.0
202607,25,第25章  盐；硫磺；泥土及石料；石膏料、石灰及水泥,220,加纳,126329517.0
202607,25,第25章  盐；硫磺；泥土及石料；石膏料、石灰及水泥,224,肯尼亚,1287019.0
202607,25,第25章  盐；硫磺；泥土及石料；石膏料、石灰及水泥,227,马达加斯加,52003.0
202607,25,第25章  盐；硫磺；泥土及石料；石膏料、石灰及水泥,233,莫桑比克,3892382.0
202607,25,第25章  盐；硫磺；泥土及石料；石膏料、石灰及水泥,244,南非,7526220.0
202607,25,第25章  盐；硫磺；泥土及石料；石膏料、石灰及水泥,250,乌干达,1238166.0
202607,25,第25章  盐；硫磺；泥土及石料；石膏料、石灰及水泥,252,刚果民主共和国,14369209.0
202607,25,第25章  盐；硫磺；泥土及石料；石膏料、石灰及水泥,254,津巴布韦,228637.0
202607,25,第25章  盐；硫磺；泥土及石料；石膏料、石灰及水泥,255,莱索托,187450.0
202607,25,第25章  盐；硫磺；泥土及石料；石膏料、石灰及水泥,258,厄立特里亚,84784.0
202607,25,第25章  盐；硫磺；泥土及石料；石膏料、石灰及水泥,301,比利时,4484937.0
202607,25,第25章  盐；硫磺；泥土及石料；石膏料、石灰及水泥,305,法国,3284029.0
202607,25,第25章  盐；硫磺；泥土及石料；石膏料、石灰及水泥,306,爱尔兰,1706802.0
202607,25,第25章  盐；硫磺；泥土及石料；石膏料、石灰及水泥,307,意大利,26838205.0
202607,25,第25章  盐；硫磺；泥土及石料；石膏料、石灰及水泥,309,荷兰,40632985.0
202607,25,第25章  盐；硫磺；泥土及石料；石膏料、石灰及水泥,310,希腊,661238.0
202607,25,第25章  盐；硫磺；泥土及石料；石膏料、石灰及水泥,312,西班牙,10222071.0
202607,25,第25章  盐；硫磺；泥土及石料；石膏料、石灰及水泥,313,阿尔巴尼亚,102884.0
202607,25,第25章  盐；硫磺；泥土及石料；石膏料、石灰及水泥,315,奥地利,11278813.0
202607,25,第25章  盐；硫磺；泥土及石料；石膏料、石灰及水泥,316,保加利亚,11584.0
202607,25,第25章  盐；硫磺；泥土及石料；石膏料、石灰及水泥,318,芬兰,5692695.0
202607,25,第25章  盐；硫磺；泥土及石料；石膏料、石灰及水泥,321,匈牙利,246137.0
202607,25,第25章  盐；硫磺；泥土及石料；石膏料、石灰及水泥,326,挪威,2996796.0
202607,25,第25章  盐；硫磺；泥土及石料；石膏料、石灰及水泥,327,波兰,7652379.0
202607,25,第25章  盐；硫磺；泥土及石料；石膏料、石灰及水泥,336,立陶宛,96737.0
202607,25,第25章  盐；硫磺；泥土及石料；石膏料、石灰及水泥,340,白俄罗斯,208145.0
202607,25,第25章  盐；硫磺；泥土及石料；石膏料、石灰及水泥,350,斯洛文尼亚,1055998.0
202607,25,第25章  盐；硫磺；泥土及石料；石膏料、石灰及水泥,359,黑山,191275.0
202607,25,第25章  盐；硫磺；泥土及石料；石膏料、石灰及水泥,404,巴哈马,12777.0
202607,25,第25章  盐；硫磺；泥土及石料；石膏料、石灰及水泥,405,巴巴多斯,31869.0
202607,25,第25章  盐；硫磺；泥土及石料；石膏料、石灰及水泥,406,伯利兹,11282.0
202607,25,第25章  盐；硫磺；泥土及石料；石膏料、石灰及水泥,408,玻利维亚 ,54943.0
202607,25,第25章  盐；硫磺；泥土及石料；石膏料、石灰及水泥,410,巴西,13547592.0
202607,25,第25章  盐；硫磺；泥土及石料；石膏料、石灰及水泥,415,哥斯达黎加,2430644.0
202607,25,第25章  盐；硫磺；泥土及石料；石膏料、石灰及水泥,422,瓜德罗普,15838.0
202607,25,第25章  盐；硫磺；泥土及石料；石膏料、石灰及水泥,427,牙买加,170842.0
202607,25,第25章  盐；硫磺；泥土及石料；石膏料、石灰及水泥,429,墨西哥,8564617.0
202607,25,第25章  盐；硫磺；泥土及石料；石膏料、石灰及水泥,431,尼加拉瓜,3243500.0
202607,25,第25章  盐；硫磺；泥土及石料；石膏料、石灰及水泥,442,特立尼达和多巴哥,229320.0
202607,25,第25章  盐；硫磺；泥土及石料；石膏料、石灰及水泥,444,乌拉圭,88686.0
202607,25,第25章  盐；硫磺；泥土及石料；石膏料、石灰及水泥,501,加拿大,3039721.0
202607,25,第25章  盐；硫磺；泥土及石料；石膏料、石灰及水泥,617,萨摩亚,154127.0
202607,25,第25章  盐；硫磺；泥土及石料；石膏料、石灰及水泥,621,马绍尔群岛,4506.0
202607,26,第26章  矿砂、矿渣及矿灰,109,朝鲜,17871.0
202607,26,第26章  矿砂、矿渣及矿灰,118,科威特,87844.0
202607,26,第26章  矿砂、矿渣及矿灰,124,蒙古,2092599.0
202607,26,第26章  矿砂、矿渣及矿灰,127,巴基斯坦,2103779.0
202607,26,第26章  矿砂、矿渣及矿灰,129,菲律宾,898337.0
202607,26,第26章  矿砂、矿渣及矿灰,137,土耳其,2778373.0
202607,26,第26章  矿砂、矿渣及矿灰,138,阿联酋,19750812.0
202607,26,第26章  矿砂、矿渣及矿灰,147,塔吉克斯坦,17705.0
202607,26,第26章  矿砂、矿渣及矿灰,224,肯尼亚,356320.0
202607,26,第26章  矿砂、矿渣及矿灰,301,比利时,7782.0
202607,26,第26章  矿砂、矿渣及矿灰,305,法国,1272196.0
202607,26,第26章  矿砂、矿渣及矿灰,309,荷兰,6504806.0
202607,26,第26章  矿砂、矿渣及矿灰,310,希腊,150117.0
202607,26,第26章  矿砂、矿渣及矿灰,312,西班牙,816404.0
202607,26,第26章  矿砂、矿渣及矿灰,327,波兰,152807.0
202607,26,第26章  矿砂、矿渣及矿灰,350,斯洛文尼亚,81715.0
202607,26,第26章  矿砂、矿渣及矿灰,410,巴西,1486546.0
202607,26,第26章  矿砂、矿渣及矿灰,415,哥斯达黎加,278628.0
202607,26,第26章  矿砂、矿渣及矿灰,429,墨西哥,303177.0
202607,26,第26章  矿砂、矿渣及矿灰,501,加拿大,20968165.0
202607,27,第27章  矿物燃料、矿物油及其蒸馏产品；沥青物质；矿物蜡,108,塞浦路斯,194736041.0
202607,27,第27章  矿物燃料、矿物油及其蒸馏产品；沥青物质；矿物蜡,109,朝鲜,19170383.0
202607,27,第27章  矿物燃料、矿物油及其蒸馏产品；沥青物质；矿物蜡,118,科威特,2200060.0
202607,27,第27章  矿物燃料、矿物油及其蒸馏产品；沥青物质；矿物蜡,124,蒙古,140529416.0
202607,27,第27章  矿物燃料、矿物油及其蒸馏产品；沥青物质；矿物蜡,127,巴基斯坦,10363450.0
202607,27,第27章  矿物燃料、矿物油及其蒸馏产品；沥青物质；矿物蜡,129,菲律宾,424271846.0
202607,27,第27章  矿物燃料、矿物油及其蒸馏产品；沥青物质；矿物蜡,137,土耳其,68395054.0
202607,27,第27章  矿物燃料、矿物油及其蒸馏产品；沥青物质；矿物蜡,138,阿联酋,244203091.0
202607,27,第27章  矿物燃料、矿物油及其蒸馏产品；沥青物质；矿物蜡,147,塔吉克斯坦,5274255.0
202607,27,第27章  矿物燃料、矿物油及其蒸馏产品；沥青物质；矿物蜡,203,贝宁,2005700.0
202607,27,第27章  矿物燃料、矿物油及其蒸馏产品；沥青物质；矿物蜡,209,中非,1115916.0
202607,27,第27章  矿物燃料、矿物油及其蒸馏产品；沥青物质；矿物蜡,211,乍得,1390333.0
202607,27,第27章  矿物燃料、矿物油及其蒸馏产品；沥青物质；矿物蜡,213,刚果共和国,1482942.0
202607,27,第27章  矿物燃料、矿物油及其蒸馏产品；沥青物质；矿物蜡,220,加纳,8365538.0
202607,27,第27章  矿物燃料、矿物油及其蒸馏产品；沥青物质；矿物蜡,222,几内亚比绍,14066116.0
202607,27,第27章  矿物燃料、矿物油及其蒸馏产品；沥青物质；矿物蜡,224,肯尼亚,72819135.0
202607,27,第27章  矿物燃料、矿物油及其蒸馏产品；沥青物质；矿物蜡,227,马达加斯加,424706126.0
202607,27,第27章  矿物燃料、矿物油及其蒸馏产品；沥青物质；矿物蜡,233,莫桑比克,2447431.0
202607,27,第27章  矿物燃料、矿物油及其蒸馏产品；沥青物质；矿物蜡,235,尼日尔,130568.0
202607,27,第27章  矿物燃料、矿物油及其蒸馏产品；沥青物质；矿物蜡,239,圣多美和普林西比,6983129.0
202607,27,第27章  矿物燃料、矿物油及其蒸馏产品；沥青物质；矿物蜡,241,塞舌尔,171057.0
202607,27,第27章  矿物燃料、矿物油及其蒸馏产品；沥青物质；矿物蜡,244,南非,40917023.0
202607,27,第27章  矿物燃料、矿物油及其蒸馏产品；沥青物质；矿物蜡,250,乌干达,895698.0
202607,27,第27章  矿物燃料、矿物油及其蒸馏产品；沥青物质；矿物蜡,252,刚果民主共和国,6330814.0
202607,27,第27章  矿物燃料、矿物油及其蒸馏产品；沥青物质；矿物蜡,254,津巴布韦,1430067.0
202607,27,第27章  矿物燃料、矿物油及其蒸馏产品；沥青物质；矿物蜡,255,莱索托,49152.0
202607,27,第27章  矿物燃料、矿物油及其蒸馏产品；沥青物质；矿物蜡,301,比利时,1130225770.0
202607,27,第27章  矿物燃料、矿物油及其蒸馏产品；沥青物质；矿物蜡,305,法国,134405879.0
202607,27,第27章  矿物燃料、矿物油及其蒸馏产品；沥青物质；矿物蜡,306,爱尔兰,22631686.0
202607,27,第27章  矿物燃料、矿物油及其蒸馏产品；沥青物质；矿物蜡,307,意大利,83920491.0
202607,27,第27章  矿物燃料、矿物油及其蒸馏产品；沥青物质；矿物蜡,309,荷兰,582843999.0
202607,27,第27章  矿物燃料、矿物油及其蒸馏产品；沥青物质；矿物蜡,310,希腊,70957301.0
202607,27,第27章  矿物燃料、矿物油及其蒸馏产品；沥青物质；矿物蜡,312,西班牙,200372050.0
202607,27,第27章  矿物燃料、矿物油及其蒸馏产品；沥青物质；矿物蜡,315,奥地利,48469.0
202607,27,第27章  矿物燃料、矿物油及其蒸馏产品；沥青物质；矿物蜡,316,保加利亚,766309.0
202607,27,第27章  矿物燃料、矿物油及其蒸馏产品；沥青物质；矿物蜡,318,芬兰,2367.0
202607,27,第27章  矿物燃料、矿物油及其蒸馏产品；沥青物质；矿物蜡,321,匈牙利,16270329.0
202607,27,第27章  矿物燃料、矿物油及其蒸馏产品；沥青物质；矿物蜡,326,挪威,108081447.0
202607,27,第27章  矿物燃料、矿物油及其蒸馏产品；沥青物质；矿物蜡,327,波兰,26666579.0
202607,27,第27章  矿物燃料、矿物油及其蒸馏产品；沥青物质；矿物蜡,336,立陶宛,5974520.0
202607,27,第27章  矿物燃料、矿物油及其蒸馏产品；沥青物质；矿物蜡,340,白俄罗斯,24448394.0
202607,27,第27章  矿物燃料、矿物油及其蒸馏产品；沥青物质；矿物蜡,350,斯洛文尼亚,1507072.0
202607,27,第27章  矿物燃料、矿物油及其蒸馏产品；沥青物质；矿物蜡,359,黑山,4657916.0
202607,27,第27章  矿物燃料、矿物油及其蒸馏产品；沥青物质；矿物蜡,404,巴哈马,207492394.0
202607,27,第27章  矿物燃料、矿物油及其蒸馏产品；沥青物质；矿物蜡,405,巴巴多斯,15773775.0
202607,27,第27章  矿物燃料、矿物油及其蒸馏产品；沥青物质；矿物蜡,406,伯利兹,831159.0
202607,27,第27章  矿物燃料、矿物油及其蒸馏产品；沥青物质；矿物蜡,408,玻利维亚 ,485864.0
202607,27,第27章  矿物燃料、矿物油及其蒸馏产品；沥青物质；矿物蜡,410,巴西,108735312.0
202607,27,第27章  矿物燃料、矿物油及其蒸馏产品；沥青物质；矿物蜡,415,哥斯达黎加,850144.0
202607,27,第27章  矿物燃料、矿物油及其蒸馏产品；沥青物质；矿物蜡,427,牙买加,328719.0
202607,27,第27章  矿物燃料、矿物油及其蒸馏产品；沥青物质；矿物蜡,429,墨西哥,135115522.0
202607,27,第27章  矿物燃料、矿物油及其蒸馏产品；沥青物质；矿物蜡,431,尼加拉瓜,55037.0
202607,27,第27章  矿物燃料、矿物油及其蒸馏产品；沥青物质；矿物蜡,435,波多黎各,227849.0
202607,27,第27章  矿物燃料、矿物油及其蒸馏产品；沥青物质；矿物蜡,442,特立尼达和多巴哥,7784.0
202607,27,第27章  矿物燃料、矿物油及其蒸馏产品；沥青物质；矿物蜡,444,乌拉圭,946480.0
202607,27,第27章  矿物燃料、矿物油及其蒸馏产品；沥青物质；矿物蜡,501,加拿大,230370941.0
202607,27,第27章  矿物燃料、矿物油及其蒸馏产品；沥青物质；矿物蜡,617,萨摩亚,21767.0
202607,27,第27章  矿物燃料、矿物油及其蒸馏产品；沥青物质；矿物蜡,621,马绍尔群岛,1001553219.0
202607,28,第28章  无机化学品；贵金属、稀土金属、放射性元素及其同位素的有机及无机化合物,108,塞浦路斯,744162.0
202607,28,第28章  无机化学品；贵金属、稀土金属、放射性元素及其同位素的有机及无机化合物,109,朝鲜,22214140.0
202607,28,第28章  无机化学品；贵金属、稀土金属、放射性元素及其同位素的有机及无机化合物,118,科威特,1484999.0
202607,28,第28章  无机化学品；贵金属、稀土金属、放射性元素及其同位素的有机及无机化合物,123,马尔代夫,8280.0
202607,28,第28章  无机化学品；贵金属、稀土金属、放射性元素及其同位素的有机及无机化合物,124,蒙古,9147430.0
202607,28,第28章  无机化学品；贵金属、稀土金属、放射性元素及其同位素的有机及无机化合物,127,巴基斯坦,85863501.0
202607,28,第28章  无机化学品；贵金属、稀土金属、放射性元素及其同位素的有机及无机化合物,129,菲律宾,129406086.0
202607,28,第28章  无机化学品；贵金属、稀土金属、放射性元素及其同位素的有机及无机化合物,137,土耳其,219893591.0
202607,28,第28章  无机化学品；贵金属、稀土金属、放射性元素及其同位素的有机及无机化合物,138,阿联酋,137816395.0
202607,28,第28章  无机化学品；贵金属、稀土金属、放射性元素及其同位素的有机及无机化合物,147,塔吉克斯坦,2129984.0
202607,28,第28章  无机化学品；贵金属、稀土金属、放射性元素及其同位素的有机及无机化合物,203,贝宁,1774616.0
202607,28,第28章  无机化学品；贵金属、稀土金属、放射性元素及其同位素的有机及无机化合物,209,中非,239464.0
202607,28,第28章  无机化学品；贵金属、稀土金属、放射性元素及其同位素的有机及无机化合物,211,乍得,2222232.0
202607,28,第28章  无机化学品；贵金属、稀土金属、放射性元素及其同位素的有机及无机化合物,213,刚果共和国,4777266.0
202607,28,第28章  无机化学品；贵金属、稀土金属、放射性元素及其同位素的有机及无机化合物,220,加纳,31418734.0
202607,28,第28章  无机化学品；贵金属、稀土金属、放射性元素及其同位素的有机及无机化合物,224,肯尼亚,44378798.0
202607,28,第28章  无机化学品；贵金属、稀土金属、放射性元素及其同位素的有机及无机化合物,227,马达加斯加,4551862.0
202607,28,第28章  无机化学品；贵金属、稀土金属、放射性元素及其同位素的有机及无机化合物,233,莫桑比克,24863569.0
202607,28,第28章  无机化学品；贵金属、稀土金属、放射性元素及其同位素的有机及无机化合物,235,尼日尔,24500945.0
202607,28,第28章  无机化学品；贵金属、稀土金属、放射性元素及其同位素的有机及无机化合物,239,圣多美和普林西比,8177.0
202607,28,第28章  无机化学品；贵金属、稀土金属、放射性元素及其同位素的有机及无机化合物,244,南非,204716555.0
202607,28,第28章  无机化学品；贵金属、稀土金属、放射性元素及其同位素的有机及无机化合物,250,乌干达,5002462.0
202607,28,第28章  无机化学品；贵金属、稀土金属、放射性元素及其同位素的有机及无机化合物,252,刚果民主共和国,84829167.0
202607,28,第28章  无机化学品；贵金属、稀土金属、放射性元素及其同位素的有机及无机化合物,254,津巴布韦,74468631.0
202607,28,第28章  无机化学品；贵金属、稀土金属、放射性元素及其同位素的有机及无机化合物,255,莱索托,444850.0
202607,28,第28章  无机化学品；贵金属、稀土金属、放射性元素及其同位素的有机及无机化合物,258,厄立特里亚,7577808.0
202607,28,第28章  无机化学品；贵金属、稀土金属、放射性元素及其同位素的有机及无机化合物,301,比利时,104293800.0
202607,28,第28章  无机化学品；贵金属、稀土金属、放射性元素及其同位素的有机及无机化合物,305,法国,141607542.0
202607,28,第28章  无机化学品；贵金属、稀土金属、放射性元素及其同位素的有机及无机化合物,306,爱尔兰,3157271.0
202607,28,第28章  无机化学品；贵金属、稀土金属、放射性元素及其同位素的有机及无机化合物,307,意大利,93032997.0
202607,28,第28章  无机化学品；贵金属、稀土金属、放射性元素及其同位素的有机及无机化合物,309,荷兰,340076647.0
202607,28,第28章  无机化学品；贵金属、稀土金属、放射性元素及其同位素的有机及无机化合物,310,希腊,8622083.0
202607,28,第28章  无机化学品；贵金属、稀土金属、放射性元素及其同位素的有机及无机化合物,312,西班牙,79785661.0
202607,28,第28章  无机化学品；贵金属、稀土金属、放射性元素及其同位素的有机及无机化合物,313,阿尔巴尼亚,2625236.0
202607,28,第28章  无机化学品；贵金属、稀土金属、放射性元素及其同位素的有机及无机化合物,315,奥地利,57182805.0
202607,28,第28章  无机化学品；贵金属、稀土金属、放射性元素及其同位素的有机及无机化合物,316,保加利亚,798033.0
202607,28,第28章  无机化学品；贵金属、稀土金属、放射性元素及其同位素的有机及无机化合物,318,芬兰,6967198.0
202607,28,第28章  无机化学品；贵金属、稀土金属、放射性元素及其同位素的有机及无机化合物,321,匈牙利,71420718.0
202607,28,第28章  无机化学品；贵金属、稀土金属、放射性元素及其同位素的有机及无机化合物,326,挪威,5468898.0
202607,28,第28章  无机化学品；贵金属、稀土金属、放射性元素及其同位素的有机及无机化合物,327,波兰,751141140.0
202607,28,第28章  无机化学品；贵金属、稀土金属、放射性元素及其同位素的有机及无机化合物,336,立陶宛,1018464.0
202607,28,第28章  无机化学品；贵金属、稀土金属、放射性元素及其同位素的有机及无机化合物,340,白俄罗斯,5091871.0
202607,28,第28章  无机化学品；贵金属、稀土金属、放射性元素及其同位素的有机及无机化合物,350,斯洛文尼亚,36462817.0
202607,28,第28章  无机化学品；贵金属、稀土金属、放射性元素及其同位素的有机及无机化合物,404,巴哈马,2880.0
202607,28,第28章  无机化学品；贵金属、稀土金属、放射性元素及其同位素的有机及无机化合物,405,巴巴多斯,251405.0
202607,28,第28章  无机化学品；贵金属、稀土金属、放射性元素及其同位素的有机及无机化合物,406,伯利兹,11967.0
202607,28,第28章  无机化学品；贵金属、稀土金属、放射性元素及其同位素的有机及无机化合物,408,玻利维亚 ,5146155.0
202607,28,第28章  无机化学品；贵金属、稀土金属、放射性元素及其同位素的有机及无机化合物,410,巴西,289217324.0
202607,28,第28章  无机化学品；贵金属、稀土金属、放射性元素及其同位素的有机及无机化合物,415,哥斯达黎加,15525305.0
202607,28,第28章  无机化学品；贵金属、稀土金属、放射性元素及其同位素的有机及无机化合物,427,牙买加,893272.0
202607,28,第28章  无机化学品；贵金属、稀土金属、放射性元素及其同位素的有机及无机化合物,429,墨西哥,211821992.0
202607,28,第28章  无机化学品；贵金属、稀土金属、放射性元素及其同位素的有机及无机化合物,431,尼加拉瓜,2483370.0
202607,28,第28章  无机化学品；贵金属、稀土金属、放射性元素及其同位素的有机及无机化合物,442,特立尼达和多巴哥,1507660.0
202607,28,第28章  无机化学品；贵金属、稀土金属、放射性元素及其同位素的有机及无机化合物,444,乌拉圭,8545591.0
202607,28,第28章  无机化学品；贵金属、稀土金属、放射性元素及其同位素的有机及无机化合物,501,加拿大,222415401.0
202607,28,第28章  无机化学品；贵金属、稀土金属、放射性元素及其同位素的有机及无机化合物,621,马绍尔群岛,211972.0
202607,29,第29章  有机化学品,108,塞浦路斯,209233422.0
202607,29,第29章  有机化学品,109,朝鲜,38629660.0
202607,29,第29章  有机化学品,118,科威特,8431925.0
202607,29,第29章  有机化学品,123,马尔代夫,476274.0
202607,29,第29章  有机化学品,124,蒙古,4906265.0
202607,29,第29章  有机化学品,127,巴基斯坦,726640934.0
202607,29,第29章  有机化学品,129,菲律宾,298323811.0
202607,29,第29章  有机化学品,137,土耳其,1687532196.0
202607,29,第29章  有机化学品,138,阿联酋,328836621.0
202607,29,第29章  有机化学品,147,塔吉克斯坦,8240322.0
202607,29,第29章  有机化学品,203,贝宁,9920895.0
202607,29,第29章  有机化学品,211,乍得,1340058.0
202607,29,第29章  有机化学品,213,刚果共和国,2081209.0
202607,29,第29章  有机化学品,219,冈比亚,675512.0
202607,29,第29章  有机化学品,220,加纳,64202277.0
202607,29,第29章  有机化学品,222,几内亚比绍,431959.0
202607,29,第29章  有机化学品,224,肯尼亚,107884106.0
202607,29,第29章  有机化学品,227,马达加斯加,2279893.0
202607,29,第29章  有机化学品,233,莫桑比克,21855434.0
202607,29,第29章  有机化学品,235,尼日尔,2077792.0
202607,29,第29章  有机化学品,244,南非,543272724.0
202607,29,第29章  有机化学品,250,乌干达,26565327.0
202607,29,第29章  有机化学品,252,刚果民主共和国,30426805.0
202607,29,第29章  有机化学品,254,津巴布韦,4323992.0
202607,29,第29章  有机化学品,258,厄立特里亚,2431337.0
202607,29,第29章  有机化学品,301,比利时,952861772.0
202607,29,第29章  有机化学品,305,法国,529027852.0
202607,29,第29章  有机化学品,306,爱尔兰,1583429409.0
202607,29,第29章  有机化学品,307,意大利,793346950.0
202607,29,第29章  有机化学品,309,荷兰,2787907700.0
202607,29,第29章  有机化学品,310,希腊,93219885.0
202607,29,第29章  有机化学品,312,西班牙,1139155999.0
202607,29,第29章  有机化学品,313,阿尔巴尼亚,3341468.0
202607,29,第29章  有机化学品,315,奥地利,54232067.0
202607,29,第29章  有机化学品,316,保加利亚,38540215.0
202607,29,第29章  有机化学品,318,芬兰,14643141.0
202607,29,第29章  有机化学品,321,匈牙利,52328150.0
202607,29,第29章  有机化学品,326,挪威,30348601.0
202607,29,第29章  有机化学品,327,波兰,430090080.0
202607,29,第29章  有机化学品,336,立陶宛,13832694.0
202607,29,第29章  有机化学品,340,白俄罗斯,116104088.0
202607,29,第29章  有机化学品,350,斯洛文尼亚,213340607.0
202607,29,第29章  有机化学品,359,黑山,288836.0
202607,29,第29章  有机化学品,404,巴哈马,314576.0
202607,29,第29章  有机化学品,405,巴巴多斯,763589.0
202607,29,第29章  有机化学品,406,伯利兹,378488.0
202607,29,第29章  有机化学品,408,玻利维亚 ,4876616.0
202607,29,第29章  有机化学品,410,巴西,3188028689.0
202607,29,第29章  有机化学品,415,哥斯达黎加,36231354.0
202607,29,第29章  有机化学品,422,瓜德罗普,978.0
202607,29,第29章  有机化学品,427,牙买加,3837551.0
202607,29,第29章  有机化学品,429,墨西哥,1200951967.0
202607,29,第29章  有机化学品,431,尼加拉瓜,3661498.0
202607,29,第29章  有机化学品,435,波多黎各,35024874.0
202607,29,第29章  有机化学品,442,特立尼达和多巴哥,4116910.0
202607,29,第29章  有机化学品,444,乌拉圭,60284735.0
202607,29,第29章  有机化学品,501,加拿大,488827794.0
202607,29,第29章  有机化学品,621,马绍尔群岛,104165.0
202607,30,第30章  药品,108,塞浦路斯,10195589.0
202607,30,第30章  药品,109,朝鲜,15274447.0
202607,30,第30章  药品,118,科威特,5231720.0
202607,30,第30章  药品,123,马尔代夫,67979.0
202607,30,第30章  药品,124,蒙古,7453948.0
202607,30,第30章  药品,127,巴基斯坦,50486446.0
202607,30,第30章  药品,129,菲律宾,132750752.0
202607,30,第30章  药品,137,土耳其,105866967.0
202607,30,第30章  药品,138,阿联酋,38159213.0
202607,30,第30章  药品,147,塔吉克斯坦,3585028.0
202607,30,第30章  药品,203,贝宁,7575813.0
202607,30,第30章  药品,208,佛得角,22064.0
202607,30,第30章  药品,209,中非,1549874.0
202607,30,第30章  药品,211,乍得,12324889.0
202607,30,第30章  药品,213,刚果共和国,1029838.0
202607,30,第30章  药品,219,冈比亚,1769204.0
202607,30,第30章  药品,220,加纳,21401948.0
202607,30,第30章  药品,224,肯尼亚,45607368.0
202607,30,第30章  药品,227,马达加斯加,17708986.0
202607,30,第30章  药品,233,莫桑比克,6149817.0
202607,30,第30章  药品,235,尼日尔,7583588.0
202607,30,第30章  药品,239,圣多美和普林西比,12274.0
202607,30,第30章  药品,241,塞舌尔,38276.0
202607,30,第30章  药品,244,南非,34625000.0
202607,30,第30章  药品,250,乌干达,20822361.0
202607,30,第30章  药品,252,刚果民主共和国,49733492.0
202607,30,第30章  药品,254,津巴布韦,2618896.0
202607,30,第30章  药品,255,莱索托,986936.0
202607,30,第30章  药品,258,厄立特里亚,672181.0
202607,30,第30章  药品,301,比利时,157598350.0
202607,30,第30章  药品,305,法国,907957804.0
202607,30,第30章  药品,306,爱尔兰,23218087.0
202607,30,第30章  药品,307,意大利,707869544.0
202607,30,第30章  药品,309,荷兰,162151834.0
202607,30,第30章  药品,310,希腊,17237283.0
202607,30,第30章  药品,312,西班牙,59851331.0
202607,30,第30章  药品,313,阿尔巴尼亚,2047839.0
202607,30,第30章  药品,315,奥地利,3024028.0
202607,30,第30章  药品,316,保加利亚,15471950.0
202607,30,第30章  药品,318,芬兰,2249268.0
202607,30,第30章  药品,321,匈牙利,10108806.0
202607,30,第30章  药品,326,挪威,678836.0
202607,30,第30章  药品,327,波兰,163918813.0
202607,30,第30章  药品,336,立陶宛,4219665.0
202607,30,第30章  药品,340,白俄罗斯,23207528.0
202607,30,第30章  药品,350,斯洛文尼亚,50561873.0
202607,30,第30章  药品,359,黑山,5968.0
202607,30,第30章  药品,404,巴哈马,46908.0
202607,30,第30章  药品,406,伯利兹,30316.0
202607,30,第30章  药品,408,玻利维亚 ,6330003.0
202607,30,第30章  药品,410,巴西,197115424.0
202607,30,第30章  药品,415,哥斯达黎加,9565024.0
202607,30,第30章  药品,427,牙买加,859729.0
202607,30,第30章  药品,429,墨西哥,41725934.0
202607,30,第30章  药品,431,尼加拉瓜,2430063.0
202607,30,第30章  药品,435,波多黎各,467673.0
202607,30,第30章  药品,442,特立尼达和多巴哥,625836.0
202607,30,第30章  药品,444,乌拉圭,3781001.0
202607,30,第30章  药品,501,加拿大,52210966.0
202607,30,第30章  药品,614,汤加,5869.0
202607,31,第31章  肥料,109,朝鲜,7708468.0
202607,31,第31章  肥料,118,科威特,124922.0
202607,31,第31章  肥料,124,蒙古,585626.0
202607,31,第31章  肥料,127,巴基斯坦,1219389.0
202607,31,第31章  肥料,129,菲律宾,104158105.0
202607,31,第31章  肥料,137,土耳其,31016645.0
202607,31,第31章  肥料,138,阿联酋,121952.0
202607,31,第31章  肥料,220,加纳,17389460.0
202607,31,第31章  肥料,224,肯尼亚,10322112.0
202607,31,第31章  肥料,227,马达加斯加,857752.0
202607,31,第31章  肥料,233,莫桑比克,64392.0
202607,31,第31章  肥料,244,南非,102919007.0
202607,31,第31章  肥料,250,乌干达,327453.0
202607,31,第31章  肥料,254,津巴布韦,348949.0
202607,31,第31章  肥料,301,比利时,27369522.0
202607,31,第31章  肥料,305,法国,31128507.0
202607,31,第31章  肥料,306,爱尔兰,3.0
202607,31,第31章  肥料,309,荷兰,34473365.0
202607,31,第31章  肥料,312,西班牙,523092.0
202607,31,第31章  肥料,315,奥地利,15849.0
202607,31,第31章  肥料,316,保加利亚,193992.0
202607,31,第31章  肥料,327,波兰,139823.0
202607,31,第31章  肥料,336,立陶宛,67499914.0
202607,31,第31章  肥料,410,巴西,641871621.0
202607,31,第31章  肥料,429,墨西哥,671154.0
202607,31,第31章  肥料,431,尼加拉瓜,47824.0
202607,31,第31章  肥料,444,乌拉圭,10705595.0
202607,31,第31章  肥料,501,加拿大,833681.0
202607,32,第32章  鞣料浸膏及染料浸膏；鞣酸及其衍生物；染料、颜料及其他着色料；油漆及清漆；油灰及其他类似胶粘剂；墨水、油墨,108,塞浦路斯,1318831.0
202607,32,第32章  鞣料浸膏及染料浸膏；鞣酸及其衍生物；染料、颜料及其他着色料；油漆及清漆；油灰及其他类似胶粘剂；墨水、油墨,109,朝鲜,8863099.0
202607,32,第32章  鞣料浸膏及染料浸膏；鞣酸及其衍生物；染料、颜料及其他着色料；油漆及清漆；油灰及其他类似胶粘剂；墨水、油墨,118,科威特,8571964.0
202607,32,第32章  鞣料浸膏及染料浸膏；鞣酸及其衍生物；染料、颜料及其他着色料；油漆及清漆；油灰及其他类似胶粘剂；墨水、油墨,123,马尔代夫,2886170.0
202607,32,第32章  鞣料浸膏及染料浸膏；鞣酸及其衍生物；染料、颜料及其他着色料；油漆及清漆；油灰及其他类似胶粘剂；墨水、油墨,124,蒙古,5460572.0
202607,32,第32章  鞣料浸膏及染料浸膏；鞣酸及其衍生物；染料、颜料及其他着色料；油漆及清漆；油灰及其他类似胶粘剂；墨水、油墨,127,巴基斯坦,132148798.0
202607,32,第32章  鞣料浸膏及染料浸膏；鞣酸及其衍生物；染料、颜料及其他着色料；油漆及清漆；油灰及其他类似胶粘剂；墨水、油墨,129,菲律宾,74798939.0
202607,32,第32章  鞣料浸膏及染料浸膏；鞣酸及其衍生物；染料、颜料及其他着色料；油漆及清漆；油灰及其他类似胶粘剂；墨水、油墨,137,土耳其,296561084.0
202607,32,第32章  鞣料浸膏及染料浸膏；鞣酸及其衍生物；染料、颜料及其他着色料；油漆及清漆；油灰及其他类似胶粘剂；墨水、油墨,138,阿联酋,84979546.0
202607,32,第32章  鞣料浸膏及染料浸膏；鞣酸及其衍生物；染料、颜料及其他着色料；油漆及清漆；油灰及其他类似胶粘剂；墨水、油墨,147,塔吉克斯坦,2224098.0
202607,32,第32章  鞣料浸膏及染料浸膏；鞣酸及其衍生物；染料、颜料及其他着色料；油漆及清漆；油灰及其他类似胶粘剂；墨水、油墨,203,贝宁,2765737.0
202607,32,第32章  鞣料浸膏及染料浸膏；鞣酸及其衍生物；染料、颜料及其他着色料；油漆及清漆；油灰及其他类似胶粘剂；墨水、油墨,208,佛得角,35307.0
202607,32,第32章  鞣料浸膏及染料浸膏；鞣酸及其衍生物；染料、颜料及其他着色料；油漆及清漆；油灰及其他类似胶粘剂；墨水、油墨,209,中非,15959.0
202607,32,第32章  鞣料浸膏及染料浸膏；鞣酸及其衍生物；染料、颜料及其他着色料；油漆及清漆；油灰及其他类似胶粘剂；墨水、油墨,211,乍得,5809226.0
202607,32,第32章  鞣料浸膏及染料浸膏；鞣酸及其衍生物；染料、颜料及其他着色料；油漆及清漆；油灰及其他类似胶粘剂；墨水、油墨,213,刚果共和国,1678768.0
202607,32,第32章  鞣料浸膏及染料浸膏；鞣酸及其衍生物；染料、颜料及其他着色料；油漆及清漆；油灰及其他类似胶粘剂；墨水、油墨,219,冈比亚,201157.0
202607,32,第32章  鞣料浸膏及染料浸膏；鞣酸及其衍生物；染料、颜料及其他着色料；油漆及清漆；油灰及其他类似胶粘剂；墨水、油墨,220,加纳,23931114.0
202607,32,第32章  鞣料浸膏及染料浸膏；鞣酸及其衍生物；染料、颜料及其他着色料；油漆及清漆；油灰及其他类似胶粘剂；墨水、油墨,224,肯尼亚,34462579.0
202607,32,第32章  鞣料浸膏及染料浸膏；鞣酸及其衍生物；染料、颜料及其他着色料；油漆及清漆；油灰及其他类似胶粘剂；墨水、油墨,227,马达加斯加,3511669.0
202607,32,第32章  鞣料浸膏及染料浸膏；鞣酸及其衍生物；染料、颜料及其他着色料；油漆及清漆；油灰及其他类似胶粘剂；墨水、油墨,233,莫桑比克,9627313.0
202607,32,第32章  鞣料浸膏及染料浸膏；鞣酸及其衍生物；染料、颜料及其他着色料；油漆及清漆；油灰及其他类似胶粘剂；墨水、油墨,239,圣多美和普林西比,3004.0
202607,32,第32章  鞣料浸膏及染料浸膏；鞣酸及其衍生物；染料、颜料及其他着色料；油漆及清漆；油灰及其他类似胶粘剂；墨水、油墨,241,塞舌尔,17154.0
202607,32,第32章  鞣料浸膏及染料浸膏；鞣酸及其衍生物；染料、颜料及其他着色料；油漆及清漆；油灰及其他类似胶粘剂；墨水、油墨,244,南非,59674518.0
202607,32,第32章  鞣料浸膏及染料浸膏；鞣酸及其衍生物；染料、颜料及其他着色料；油漆及清漆；油灰及其他类似胶粘剂；墨水、油墨,250,乌干达,6242224.0
202607,32,第32章  鞣料浸膏及染料浸膏；鞣酸及其衍生物；染料、颜料及其他着色料；油漆及清漆；油灰及其他类似胶粘剂；墨水、油墨,252,刚果民主共和国,3653550.0
202607,32,第32章  鞣料浸膏及染料浸膏；鞣酸及其衍生物；染料、颜料及其他着色料；油漆及清漆；油灰及其他类似胶粘剂；墨水、油墨,254,津巴布韦,1818015.0
202607,32,第32章  鞣料浸膏及染料浸膏；鞣酸及其衍生物；染料、颜料及其他着色料；油漆及清漆；油灰及其他类似胶粘剂；墨水、油墨,255,莱索托,16311.0
202607,32,第32章  鞣料浸膏及染料浸膏；鞣酸及其衍生物；染料、颜料及其他着色料；油漆及清漆；油灰及其他类似胶粘剂；墨水、油墨,301,比利时,123749399.0
202607,32,第32章  鞣料浸膏及染料浸膏；鞣酸及其衍生物；染料、颜料及其他着色料；油漆及清漆；油灰及其他类似胶粘剂；墨水、油墨,305,法国,27881697.0
202607,32,第32章  鞣料浸膏及染料浸膏；鞣酸及其衍生物；染料、颜料及其他着色料；油漆及清漆；油灰及其他类似胶粘剂；墨水、油墨,306,爱尔兰,2955155.0
202607,32,第32章  鞣料浸膏及染料浸膏；鞣酸及其衍生物；染料、颜料及其他着色料；油漆及清漆；油灰及其他类似胶粘剂；墨水、油墨,307,意大利,62242145.0
202607,32,第32章  鞣料浸膏及染料浸膏；鞣酸及其衍生物；染料、颜料及其他着色料；油漆及清漆；油灰及其他类似胶粘剂；墨水、油墨,309,荷兰,125406473.0
202607,32,第32章  鞣料浸膏及染料浸膏；鞣酸及其衍生物；染料、颜料及其他着色料；油漆及清漆；油灰及其他类似胶粘剂；墨水、油墨,310,希腊,5527853.0
202607,32,第32章  鞣料浸膏及染料浸膏；鞣酸及其衍生物；染料、颜料及其他着色料；油漆及清漆；油灰及其他类似胶粘剂；墨水、油墨,312,西班牙,90751252.0
202607,32,第32章  鞣料浸膏及染料浸膏；鞣酸及其衍生物；染料、颜料及其他着色料；油漆及清漆；油灰及其他类似胶粘剂；墨水、油墨,313,阿尔巴尼亚,1259505.0
202607,32,第32章  鞣料浸膏及染料浸膏；鞣酸及其衍生物；染料、颜料及其他着色料；油漆及清漆；油灰及其他类似胶粘剂；墨水、油墨,315,奥地利,1195921.0
202607,32,第32章  鞣料浸膏及染料浸膏；鞣酸及其衍生物；染料、颜料及其他着色料；油漆及清漆；油灰及其他类似胶粘剂；墨水、油墨,316,保加利亚,2496020.0
202607,32,第32章  鞣料浸膏及染料浸膏；鞣酸及其衍生物；染料、颜料及其他着色料；油漆及清漆；油灰及其他类似胶粘剂；墨水、油墨,318,芬兰,5152484.0
202607,32,第32章  鞣料浸膏及染料浸膏；鞣酸及其衍生物；染料、颜料及其他着色料；油漆及清漆；油灰及其他类似胶粘剂；墨水、油墨,321,匈牙利,3992694.0
202607,32,第32章  鞣料浸膏及染料浸膏；鞣酸及其衍生物；染料、颜料及其他着色料；油漆及清漆；油灰及其他类似胶粘剂；墨水、油墨,326,挪威,7025909.0
202607,32,第32章  鞣料浸膏及染料浸膏；鞣酸及其衍生物；染料、颜料及其他着色料；油漆及清漆；油灰及其他类似胶粘剂；墨水、油墨,327,波兰,34517356.0
202607,32,第32章  鞣料浸膏及染料浸膏；鞣酸及其衍生物；染料、颜料及其他着色料；油漆及清漆；油灰及其他类似胶粘剂；墨水、油墨,336,立陶宛,858540.0
202607,32,第32章  鞣料浸膏及染料浸膏；鞣酸及其衍生物；染料、颜料及其他着色料；油漆及清漆；油灰及其他类似胶粘剂；墨水、油墨,340,白俄罗斯,23751066.0
202607,32,第32章  鞣料浸膏及染料浸膏；鞣酸及其衍生物；染料、颜料及其他着色料；油漆及清漆；油灰及其他类似胶粘剂；墨水、油墨,350,斯洛文尼亚,1655952.0
202607,32,第32章  鞣料浸膏及染料浸膏；鞣酸及其衍生物；染料、颜料及其他着色料；油漆及清漆；油灰及其他类似胶粘剂；墨水、油墨,359,黑山,14668.0
202607,32,第32章  鞣料浸膏及染料浸膏；鞣酸及其衍生物；染料、颜料及其他着色料；油漆及清漆；油灰及其他类似胶粘剂；墨水、油墨,404,巴哈马,5252218.0
202607,32,第32章  鞣料浸膏及染料浸膏；鞣酸及其衍生物；染料、颜料及其他着色料；油漆及清漆；油灰及其他类似胶粘剂；墨水、油墨,405,巴巴多斯,504012.0
202607,32,第32章  鞣料浸膏及染料浸膏；鞣酸及其衍生物；染料、颜料及其他着色料；油漆及清漆；油灰及其他类似胶粘剂；墨水、油墨,406,伯利兹,31918.0
202607,32,第32章  鞣料浸膏及染料浸膏；鞣酸及其衍生物；染料、颜料及其他着色料；油漆及清漆；油灰及其他类似胶粘剂；墨水、油墨,408,玻利维亚 ,651019.0
202607,32,第32章  鞣料浸膏及染料浸膏；鞣酸及其衍生物；染料、颜料及其他着色料；油漆及清漆；油灰及其他类似胶粘剂；墨水、油墨,410,巴西,195420415.0
202607,32,第32章  鞣料浸膏及染料浸膏；鞣酸及其衍生物；染料、颜料及其他着色料；油漆及清漆；油灰及其他类似胶粘剂；墨水、油墨,415,哥斯达黎加,8631046.0
202607,32,第32章  鞣料浸膏及染料浸膏；鞣酸及其衍生物；染料、颜料及其他着色料；油漆及清漆；油灰及其他类似胶粘剂；墨水、油墨,422,瓜德罗普,28732.0
202607,32,第32章  鞣料浸膏及染料浸膏；鞣酸及其衍生物；染料、颜料及其他着色料；油漆及清漆；油灰及其他类似胶粘剂；墨水、油墨,427,牙买加,1585307.0
202607,32,第32章  鞣料浸膏及染料浸膏；鞣酸及其衍生物；染料、颜料及其他着色料；油漆及清漆；油灰及其他类似胶粘剂；墨水、油墨,429,墨西哥,136572913.0
202607,32,第32章  鞣料浸膏及染料浸膏；鞣酸及其衍生物；染料、颜料及其他着色料；油漆及清漆；油灰及其他类似胶粘剂；墨水、油墨,431,尼加拉瓜,2960689.0
202607,32,第32章  鞣料浸膏及染料浸膏；鞣酸及其衍生物；染料、颜料及其他着色料；油漆及清漆；油灰及其他类似胶粘剂；墨水、油墨,435,波多黎各,48957.0
202607,32,第32章  鞣料浸膏及染料浸膏；鞣酸及其衍生物；染料、颜料及其他着色料；油漆及清漆；油灰及其他类似胶粘剂；墨水、油墨,442,特立尼达和多巴哥,575518.0
202607,32,第32章  鞣料浸膏及染料浸膏；鞣酸及其衍生物；染料、颜料及其他着色料；油漆及清漆；油灰及其他类似胶粘剂；墨水、油墨,443,特克斯和凯科斯群岛,67923.0
202607,32,第32章  鞣料浸膏及染料浸膏；鞣酸及其衍生物；染料、颜料及其他着色料；油漆及清漆；油灰及其他类似胶粘剂；墨水、油墨,444,乌拉圭,5807514.0
202607,32,第32章  鞣料浸膏及染料浸膏；鞣酸及其衍生物；染料、颜料及其他着色料；油漆及清漆；油灰及其他类似胶粘剂；墨水、油墨,446,英属维尔京群岛,2914.0
202607,32,第32章  鞣料浸膏及染料浸膏；鞣酸及其衍生物；染料、颜料及其他着色料；油漆及清漆；油灰及其他类似胶粘剂；墨水、油墨,501,加拿大,144205723.0
202607,32,第32章  鞣料浸膏及染料浸膏；鞣酸及其衍生物；染料、颜料及其他着色料；油漆及清漆；油灰及其他类似胶粘剂；墨水、油墨,614,汤加,117214.0
202607,32,第32章  鞣料浸膏及染料浸膏；鞣酸及其衍生物；染料、颜料及其他着色料；油漆及清漆；油灰及其他类似胶粘剂；墨水、油墨,617,萨摩亚,303627.0
202607,32,第32章  鞣料浸膏及染料浸膏；鞣酸及其衍生物；染料、颜料及其他着色料；油漆及清漆；油灰及其他类似胶粘剂；墨水、油墨,621,马绍尔群岛,16248901.0
202607,33,第33章  精油及香膏；芳香料制品及化妆盥洗品,108,塞浦路斯,425278.0
202607,33,第33章  精油及香膏；芳香料制品及化妆盥洗品,109,朝鲜,9703735.0
202607,33,第33章  精油及香膏；芳香料制品及化妆盥洗品,118,科威特,2296555.0
202607,33,第33章  精油及香膏；芳香料制品及化妆盥洗品,123,马尔代夫,504202.0
202607,33,第33章  精油及香膏；芳香料制品及化妆盥洗品,124,蒙古,1820043.0
202607,33,第33章  精油及香膏；芳香料制品及化妆盥洗品,127,巴基斯坦,9688984.0
202607,33,第33章  精油及香膏；芳香料制品及化妆盥洗品,129,菲律宾,183252031.0
202607,33,第33章  精油及香膏；芳香料制品及化妆盥洗品,137,土耳其,42498295.0
202607,33,第33章  精油及香膏；芳香料制品及化妆盥洗品,138,阿联酋,60094501.0
202607,33,第33章  精油及香膏；芳香料制品及化妆盥洗品,147,塔吉克斯坦,1971381.0
202607,33,第33章  精油及香膏；芳香料制品及化妆盥洗品,203,贝宁,10178754.0
202607,33,第33章  精油及香膏；芳香料制品及化妆盥洗品,208,佛得角,9622.0
202607,33,第33章  精油及香膏；芳香料制品及化妆盥洗品,211,乍得,2600148.0
202607,33,第33章  精油及香膏；芳香料制品及化妆盥洗品,213,刚果共和国,881547.0
202607,33,第33章  精油及香膏；芳香料制品及化妆盥洗品,219,冈比亚,470223.0
202607,33,第33章  精油及香膏；芳香料制品及化妆盥洗品,220,加纳,24230635.0
202607,33,第33章  精油及香膏；芳香料制品及化妆盥洗品,222,几内亚比绍,1440120.0
202607,33,第33章  精油及香膏；芳香料制品及化妆盥洗品,224,肯尼亚,13251229.0
202607,33,第33章  精油及香膏；芳香料制品及化妆盥洗品,227,马达加斯加,1621310.0
202607,33,第33章  精油及香膏；芳香料制品及化妆盥洗品,233,莫桑比克,7405257.0
202607,33,第33章  精油及香膏；芳香料制品及化妆盥洗品,241,塞舌尔,26162.0
202607,33,第33章  精油及香膏；芳香料制品及化妆盥洗品,244,南非,44767112.0
202607,33,第33章  精油及香膏；芳香料制品及化妆盥洗品,250,乌干达,1920808.0
202607,33,第33章  精油及香膏；芳香料制品及化妆盥洗品,252,刚果民主共和国,9608314.0
202607,33,第33章  精油及香膏；芳香料制品及化妆盥洗品,254,津巴布韦,1007733.0
202607,33,第33章  精油及香膏；芳香料制品及化妆盥洗品,255,莱索托,25533.0
202607,33,第33章  精油及香膏；芳香料制品及化妆盥洗品,258,厄立特里亚,8693.0
202607,33,第33章  精油及香膏；芳香料制品及化妆盥洗品,301,比利时,48469843.0
202607,33,第33章  精油及香膏；芳香料制品及化妆盥洗品,305,法国,142586654.0
202607,33,第33章  精油及香膏；芳香料制品及化妆盥洗品,306,爱尔兰,10392490.0
202607,33,第33章  精油及香膏；芳香料制品及化妆盥洗品,307,意大利,65615515.0
202607,33,第33章  精油及香膏；芳香料制品及化妆盥洗品,309,荷兰,272354537.0
202607,33,第33章  精油及香膏；芳香料制品及化妆盥洗品,310,希腊,9959392.0
202607,33,第33章  精油及香膏；芳香料制品及化妆盥洗品,312,西班牙,106196623.0
202607,33,第33章  精油及香膏；芳香料制品及化妆盥洗品,313,阿尔巴尼亚,755829.0
202607,33,第33章  精油及香膏；芳香料制品及化妆盥洗品,314,安道尔,7.0
202607,33,第33章  精油及香膏；芳香料制品及化妆盥洗品,315,奥地利,2930528.0
202607,33,第33章  精油及香膏；芳香料制品及化妆盥洗品,316,保加利亚,5883409.0
202607,33,第33章  精油及香膏；芳香料制品及化妆盥洗品,318,芬兰,257602.0
202607,33,第33章  精油及香膏；芳香料制品及化妆盥洗品,321,匈牙利,7416779.0
202607,33,第33章  精油及香膏；芳香料制品及化妆盥洗品,326,挪威,2065732.0
202607,33,第33章  精油及香膏；芳香料制品及化妆盥洗品,327,波兰,90293191.0
202607,33,第33章  精油及香膏；芳香料制品及化妆盥洗品,336,立陶宛,2077012.0
202607,33,第33章  精油及香膏；芳香料制品及化妆盥洗品,340,白俄罗斯,7931250.0
202607,33,第33章  精油及香膏；芳香料制品及化妆盥洗品,350,斯洛文尼亚,3170030.0
202607,33,第33章  精油及香膏；芳香料制品及化妆盥洗品,404,巴哈马,197324.0
202607,33,第33章  精油及香膏；芳香料制品及化妆盥洗品,405,巴巴多斯,58095.0
202607,33,第33章  精油及香膏；芳香料制品及化妆盥洗品,406,伯利兹,262129.0
202607,33,第33章  精油及香膏；芳香料制品及化妆盥洗品,408,玻利维亚 ,4002663.0
202607,33,第33章  精油及香膏；芳香料制品及化妆盥洗品,410,巴西,137197604.0
202607,33,第33章  精油及香膏；芳香料制品及化妆盥洗品,415,哥斯达黎加,5357682.0
202607,33,第33章  精油及香膏；芳香料制品及化妆盥洗品,422,瓜德罗普,879.0
202607,33,第33章  精油及香膏；芳香料制品及化妆盥洗品,427,牙买加,4586782.0
202607,33,第33章  精油及香膏；芳香料制品及化妆盥洗品,429,墨西哥,126947084.0
202607,33,第33章  精油及香膏；芳香料制品及化妆盥洗品,431,尼加拉瓜,3453582.0
202607,33,第33章  精油及香膏；芳香料制品及化妆盥洗品,435,波多黎各,831715.0
202607,33,第33章  精油及香膏；芳香料制品及化妆盥洗品,442,特立尼达和多巴哥,1122834.0
202607,33,第33章  精油及香膏；芳香料制品及化妆盥洗品,444,乌拉圭,11889241.0
202607,33,第33章  精油及香膏；芳香料制品及化妆盥洗品,446,英属维尔京群岛,23642.0
202607,33,第33章  精油及香膏；芳香料制品及化妆盥洗品,501,加拿大,78066290.0
202607,33,第33章  精油及香膏；芳香料制品及化妆盥洗品,614,汤加,76312.0
202607,33,第33章  精油及香膏；芳香料制品及化妆盥洗品,617,萨摩亚,3848.0
202607,33,第33章  精油及香膏；芳香料制品及化妆盥洗品,621,马绍尔群岛,2330.0
202607,34,第34章  肥皂、有机表面活性剂、洗涤剂、润滑剂、人造蜡、调制蜡、光洁剂、蜡烛及类似品、塑型用膏、“牙科用蜡”及牙科用熟石膏制剂,108,塞浦路斯,4729716.0
202607,34,第34章  肥皂、有机表面活性剂、洗涤剂、润滑剂、人造蜡、调制蜡、光洁剂、蜡烛及类似品、塑型用膏、“牙科用蜡”及牙科用熟石膏制剂,109,朝鲜,13200645.0
202607,34,第34章  肥皂、有机表面活性剂、洗涤剂、润滑剂、人造蜡、调制蜡、光洁剂、蜡烛及类似品、塑型用膏、“牙科用蜡”及牙科用熟石膏制剂,118,科威特,6235891.0
202607,34,第34章  肥皂、有机表面活性剂、洗涤剂、润滑剂、人造蜡、调制蜡、光洁剂、蜡烛及类似品、塑型用膏、“牙科用蜡”及牙科用熟石膏制剂,123,马尔代夫,800971.0
202607,34,第34章  肥皂、有机表面活性剂、洗涤剂、润滑剂、人造蜡、调制蜡、光洁剂、蜡烛及类似品、塑型用膏、“牙科用蜡”及牙科用熟石膏制剂,124,蒙古,11149916.0
202607,34,第34章  肥皂、有机表面活性剂、洗涤剂、润滑剂、人造蜡、调制蜡、光洁剂、蜡烛及类似品、塑型用膏、“牙科用蜡”及牙科用熟石膏制剂,127,巴基斯坦,66098047.0
202607,34,第34章  肥皂、有机表面活性剂、洗涤剂、润滑剂、人造蜡、调制蜡、光洁剂、蜡烛及类似品、塑型用膏、“牙科用蜡”及牙科用熟石膏制剂,129,菲律宾,218754064.0
202607,34,第34章  肥皂、有机表面活性剂、洗涤剂、润滑剂、人造蜡、调制蜡、光洁剂、蜡烛及类似品、塑型用膏、“牙科用蜡”及牙科用熟石膏制剂,137,土耳其,134419492.0
202607,34,第34章  肥皂、有机表面活性剂、洗涤剂、润滑剂、人造蜡、调制蜡、光洁剂、蜡烛及类似品、塑型用膏、“牙科用蜡”及牙科用熟石膏制剂,138,阿联酋,113741072.0
202607,34,第34章  肥皂、有机表面活性剂、洗涤剂、润滑剂、人造蜡、调制蜡、光洁剂、蜡烛及类似品、塑型用膏、“牙科用蜡”及牙科用熟石膏制剂,147,塔吉克斯坦,5898502.0
202607,34,第34章  肥皂、有机表面活性剂、洗涤剂、润滑剂、人造蜡、调制蜡、光洁剂、蜡烛及类似品、塑型用膏、“牙科用蜡”及牙科用熟石膏制剂,203,贝宁,8293127.0
202607,34,第34章  肥皂、有机表面活性剂、洗涤剂、润滑剂、人造蜡、调制蜡、光洁剂、蜡烛及类似品、塑型用膏、“牙科用蜡”及牙科用熟石膏制剂,208,佛得角,77875.0
202607,34,第34章  肥皂、有机表面活性剂、洗涤剂、润滑剂、人造蜡、调制蜡、光洁剂、蜡烛及类似品、塑型用膏、“牙科用蜡”及牙科用熟石膏制剂,209,中非,5367.0
202607,34,第34章  肥皂、有机表面活性剂、洗涤剂、润滑剂、人造蜡、调制蜡、光洁剂、蜡烛及类似品、塑型用膏、“牙科用蜡”及牙科用熟石膏制剂,211,乍得,2439751.0
202607,34,第34章  肥皂、有机表面活性剂、洗涤剂、润滑剂、人造蜡、调制蜡、光洁剂、蜡烛及类似品、塑型用膏、“牙科用蜡”及牙科用熟石膏制剂,213,刚果共和国,6330672.0
202607,34,第34章  肥皂、有机表面活性剂、洗涤剂、润滑剂、人造蜡、调制蜡、光洁剂、蜡烛及类似品、塑型用膏、“牙科用蜡”及牙科用熟石膏制剂,219,冈比亚,5059700.0
202607,34,第34章  肥皂、有机表面活性剂、洗涤剂、润滑剂、人造蜡、调制蜡、光洁剂、蜡烛及类似品、塑型用膏、“牙科用蜡”及牙科用熟石膏制剂,220,加纳,33596570.0
202607,34,第34章  肥皂、有机表面活性剂、洗涤剂、润滑剂、人造蜡、调制蜡、光洁剂、蜡烛及类似品、塑型用膏、“牙科用蜡”及牙科用熟石膏制剂,222,几内亚比绍,1283439.0
202607,34,第34章  肥皂、有机表面活性剂、洗涤剂、润滑剂、人造蜡、调制蜡、光洁剂、蜡烛及类似品、塑型用膏、“牙科用蜡”及牙科用熟石膏制剂,224,肯尼亚,28704563.0
202607,34,第34章  肥皂、有机表面活性剂、洗涤剂、润滑剂、人造蜡、调制蜡、光洁剂、蜡烛及类似品、塑型用膏、“牙科用蜡”及牙科用熟石膏制剂,227,马达加斯加,2193617.0
202607,34,第34章  肥皂、有机表面活性剂、洗涤剂、润滑剂、人造蜡、调制蜡、光洁剂、蜡烛及类似品、塑型用膏、“牙科用蜡”及牙科用熟石膏制剂,233,莫桑比克,28385112.0
202607,34,第34章  肥皂、有机表面活性剂、洗涤剂、润滑剂、人造蜡、调制蜡、光洁剂、蜡烛及类似品、塑型用膏、“牙科用蜡”及牙科用熟石膏制剂,235,尼日尔,1225728.0
202607,34,第34章  肥皂、有机表面活性剂、洗涤剂、润滑剂、人造蜡、调制蜡、光洁剂、蜡烛及类似品、塑型用膏、“牙科用蜡”及牙科用熟石膏制剂,239,圣多美和普林西比,161088.0
202607,34,第34章  肥皂、有机表面活性剂、洗涤剂、润滑剂、人造蜡、调制蜡、光洁剂、蜡烛及类似品、塑型用膏、“牙科用蜡”及牙科用熟石膏制剂,241,塞舌尔,1093.0
202607,34,第34章  肥皂、有机表面活性剂、洗涤剂、润滑剂、人造蜡、调制蜡、光洁剂、蜡烛及类似品、塑型用膏、“牙科用蜡”及牙科用熟石膏制剂,244,南非,70025609.0
202607,34,第34章  肥皂、有机表面活性剂、洗涤剂、润滑剂、人造蜡、调制蜡、光洁剂、蜡烛及类似品、塑型用膏、“牙科用蜡”及牙科用熟石膏制剂,250,乌干达,6930654.0
202607,34,第34章  肥皂、有机表面活性剂、洗涤剂、润滑剂、人造蜡、调制蜡、光洁剂、蜡烛及类似品、塑型用膏、“牙科用蜡”及牙科用熟石膏制剂,252,刚果民主共和国,22818759.0
202607,34,第34章  肥皂、有机表面活性剂、洗涤剂、润滑剂、人造蜡、调制蜡、光洁剂、蜡烛及类似品、塑型用膏、“牙科用蜡”及牙科用熟石膏制剂,254,津巴布韦,20715601.0
202607,34,第34章  肥皂、有机表面活性剂、洗涤剂、润滑剂、人造蜡、调制蜡、光洁剂、蜡烛及类似品、塑型用膏、“牙科用蜡”及牙科用熟石膏制剂,255,莱索托,2724.0
202607,34,第34章  肥皂、有机表面活性剂、洗涤剂、润滑剂、人造蜡、调制蜡、光洁剂、蜡烛及类似品、塑型用膏、“牙科用蜡”及牙科用熟石膏制剂,258,厄立特里亚,5351501.0
202607,34,第34章  肥皂、有机表面活性剂、洗涤剂、润滑剂、人造蜡、调制蜡、光洁剂、蜡烛及类似品、塑型用膏、“牙科用蜡”及牙科用熟石膏制剂,301,比利时,23218611.0
202607,34,第34章  肥皂、有机表面活性剂、洗涤剂、润滑剂、人造蜡、调制蜡、光洁剂、蜡烛及类似品、塑型用膏、“牙科用蜡”及牙科用熟石膏制剂,305,法国,30223802.0
202607,34,第34章  肥皂、有机表面活性剂、洗涤剂、润滑剂、人造蜡、调制蜡、光洁剂、蜡烛及类似品、塑型用膏、“牙科用蜡”及牙科用熟石膏制剂,306,爱尔兰,4828874.0
202607,34,第34章  肥皂、有机表面活性剂、洗涤剂、润滑剂、人造蜡、调制蜡、光洁剂、蜡烛及类似品、塑型用膏、“牙科用蜡”及牙科用熟石膏制剂,307,意大利,71317220.0
202607,34,第34章  肥皂、有机表面活性剂、洗涤剂、润滑剂、人造蜡、调制蜡、光洁剂、蜡烛及类似品、塑型用膏、“牙科用蜡”及牙科用熟石膏制剂,309,荷兰,107323208.0
202607,34,第34章  肥皂、有机表面活性剂、洗涤剂、润滑剂、人造蜡、调制蜡、光洁剂、蜡烛及类似品、塑型用膏、“牙科用蜡”及牙科用熟石膏制剂,310,希腊,8889136.0
202607,34,第34章  肥皂、有机表面活性剂、洗涤剂、润滑剂、人造蜡、调制蜡、光洁剂、蜡烛及类似品、塑型用膏、“牙科用蜡”及牙科用熟石膏制剂,312,西班牙,47081354.0
202607,34,第34章  肥皂、有机表面活性剂、洗涤剂、润滑剂、人造蜡、调制蜡、光洁剂、蜡烛及类似品、塑型用膏、“牙科用蜡”及牙科用熟石膏制剂,313,阿尔巴尼亚,4317121.0
202607,34,第34章  肥皂、有机表面活性剂、洗涤剂、润滑剂、人造蜡、调制蜡、光洁剂、蜡烛及类似品、塑型用膏、“牙科用蜡”及牙科用熟石膏制剂,315,奥地利,231789.0
202607,34,第34章  肥皂、有机表面活性剂、洗涤剂、润滑剂、人造蜡、调制蜡、光洁剂、蜡烛及类似品、塑型用膏、“牙科用蜡”及牙科用熟石膏制剂,316,保加利亚,2480920.0
202607,34,第34章  肥皂、有机表面活性剂、洗涤剂、润滑剂、人造蜡、调制蜡、光洁剂、蜡烛及类似品、塑型用膏、“牙科用蜡”及牙科用熟石膏制剂,318,芬兰,6448474.0
202607,34,第34章  肥皂、有机表面活性剂、洗涤剂、润滑剂、人造蜡、调制蜡、光洁剂、蜡烛及类似品、塑型用膏、“牙科用蜡”及牙科用熟石膏制剂,321,匈牙利,2003574.0
202607,34,第34章  肥皂、有机表面活性剂、洗涤剂、润滑剂、人造蜡、调制蜡、光洁剂、蜡烛及类似品、塑型用膏、“牙科用蜡”及牙科用熟石膏制剂,326,挪威,6624203.0
202607,34,第34章  肥皂、有机表面活性剂、洗涤剂、润滑剂、人造蜡、调制蜡、光洁剂、蜡烛及类似品、塑型用膏、“牙科用蜡”及牙科用熟石膏制剂,327,波兰,38007480.0
202607,34,第34章  肥皂、有机表面活性剂、洗涤剂、润滑剂、人造蜡、调制蜡、光洁剂、蜡烛及类似品、塑型用膏、“牙科用蜡”及牙科用熟石膏制剂,336,立陶宛,3542510.0
202607,34,第34章  肥皂、有机表面活性剂、洗涤剂、润滑剂、人造蜡、调制蜡、光洁剂、蜡烛及类似品、塑型用膏、“牙科用蜡”及牙科用熟石膏制剂,340,白俄罗斯,48540096.0
202607,34,第34章  肥皂、有机表面活性剂、洗涤剂、润滑剂、人造蜡、调制蜡、光洁剂、蜡烛及类似品、塑型用膏、“牙科用蜡”及牙科用熟石膏制剂,350,斯洛文尼亚,2390410.0
202607,34,第34章  肥皂、有机表面活性剂、洗涤剂、润滑剂、人造蜡、调制蜡、光洁剂、蜡烛及类似品、塑型用膏、“牙科用蜡”及牙科用熟石膏制剂,359,黑山,52706.0
202607,34,第34章  肥皂、有机表面活性剂、洗涤剂、润滑剂、人造蜡、调制蜡、光洁剂、蜡烛及类似品、塑型用膏、“牙科用蜡”及牙科用熟石膏制剂,404,巴哈马,481174.0
202607,34,第34章  肥皂、有机表面活性剂、洗涤剂、润滑剂、人造蜡、调制蜡、光洁剂、蜡烛及类似品、塑型用膏、“牙科用蜡”及牙科用熟石膏制剂,405,巴巴多斯,60177.0
202607,34,第34章  肥皂、有机表面活性剂、洗涤剂、润滑剂、人造蜡、调制蜡、光洁剂、蜡烛及类似品、塑型用膏、“牙科用蜡”及牙科用熟石膏制剂,406,伯利兹,313739.0
202607,34,第34章  肥皂、有机表面活性剂、洗涤剂、润滑剂、人造蜡、调制蜡、光洁剂、蜡烛及类似品、塑型用膏、“牙科用蜡”及牙科用熟石膏制剂,408,玻利维亚 ,2374441.0
202607,34,第34章  肥皂、有机表面活性剂、洗涤剂、润滑剂、人造蜡、调制蜡、光洁剂、蜡烛及类似品、塑型用膏、“牙科用蜡”及牙科用熟石膏制剂,410,巴西,108983720.0
202607,34,第34章  肥皂、有机表面活性剂、洗涤剂、润滑剂、人造蜡、调制蜡、光洁剂、蜡烛及类似品、塑型用膏、“牙科用蜡”及牙科用熟石膏制剂,415,哥斯达黎加,17108366.0
202607,34,第34章  肥皂、有机表面活性剂、洗涤剂、润滑剂、人造蜡、调制蜡、光洁剂、蜡烛及类似品、塑型用膏、“牙科用蜡”及牙科用熟石膏制剂,422,瓜德罗普,98568.0
202607,34,第34章  肥皂、有机表面活性剂、洗涤剂、润滑剂、人造蜡、调制蜡、光洁剂、蜡烛及类似品、塑型用膏、“牙科用蜡”及牙科用熟石膏制剂,427,牙买加,15439928.0
202607,34,第34章  肥皂、有机表面活性剂、洗涤剂、润滑剂、人造蜡、调制蜡、光洁剂、蜡烛及类似品、塑型用膏、“牙科用蜡”及牙科用熟石膏制剂,429,墨西哥,127814255.0
202607,34,第34章  肥皂、有机表面活性剂、洗涤剂、润滑剂、人造蜡、调制蜡、光洁剂、蜡烛及类似品、塑型用膏、“牙科用蜡”及牙科用熟石膏制剂,431,尼加拉瓜,3504256.0
202607,34,第34章  肥皂、有机表面活性剂、洗涤剂、润滑剂、人造蜡、调制蜡、光洁剂、蜡烛及类似品、塑型用膏、“牙科用蜡”及牙科用熟石膏制剂,435,波多黎各,1089184.0
202607,34,第34章  肥皂、有机表面活性剂、洗涤剂、润滑剂、人造蜡、调制蜡、光洁剂、蜡烛及类似品、塑型用膏、“牙科用蜡”及牙科用熟石膏制剂,442,特立尼达和多巴哥,4302415.0
202607,34,第34章  肥皂、有机表面活性剂、洗涤剂、润滑剂、人造蜡、调制蜡、光洁剂、蜡烛及类似品、塑型用膏、“牙科用蜡”及牙科用熟石膏制剂,444,乌拉圭,10976653.0
202607,34,第34章  肥皂、有机表面活性剂、洗涤剂、润滑剂、人造蜡、调制蜡、光洁剂、蜡烛及类似品、塑型用膏、“牙科用蜡”及牙科用熟石膏制剂,446,英属维尔京群岛,110052.0
202607,34,第34章  肥皂、有机表面活性剂、洗涤剂、润滑剂、人造蜡、调制蜡、光洁剂、蜡烛及类似品、塑型用膏、“牙科用蜡”及牙科用熟石膏制剂,501,加拿大,101489655.0
202607,34,第34章  肥皂、有机表面活性剂、洗涤剂、润滑剂、人造蜡、调制蜡、光洁剂、蜡烛及类似品、塑型用膏、“牙科用蜡”及牙科用熟石膏制剂,614,汤加,326198.0
202607,34,第34章  肥皂、有机表面活性剂、洗涤剂、润滑剂、人造蜡、调制蜡、光洁剂、蜡烛及类似品、塑型用膏、“牙科用蜡”及牙科用熟石膏制剂,617,萨摩亚,1378509.0
202607,34,第34章  肥皂、有机表面活性剂、洗涤剂、润滑剂、人造蜡、调制蜡、光洁剂、蜡烛及类似品、塑型用膏、“牙科用蜡”及牙科用熟石膏制剂,621,马绍尔群岛,1486421.0
202607,35,第35章  蛋白类物质；改性淀粉；胶；酶,108,塞浦路斯,115139.0
202607,35,第35章  蛋白类物质；改性淀粉；胶；酶,109,朝鲜,10814981.0
202607,35,第35章  蛋白类物质；改性淀粉；胶；酶,118,科威特,2932200.0
202607,35,第35章  蛋白类物质；改性淀粉；胶；酶,123,马尔代夫,690850.0
202607,35,第35章  蛋白类物质；改性淀粉；胶；酶,124,蒙古,7456875.0
202607,35,第35章  蛋白类物质；改性淀粉；胶；酶,127,巴基斯坦,22011542.0
202607,35,第35章  蛋白类物质；改性淀粉；胶；酶,129,菲律宾,63595130.0
202607,35,第35章  蛋白类物质；改性淀粉；胶；酶,137,土耳其,64431284.0
202607,35,第35章  蛋白类物质；改性淀粉；胶；酶,138,阿联酋,34834380.0
202607,35,第35章  蛋白类物质；改性淀粉；胶；酶,147,塔吉克斯坦,7825014.0
202607,35,第35章  蛋白类物质；改性淀粉；胶；酶,203,贝宁,4323405.0
202607,35,第35章  蛋白类物质；改性淀粉；胶；酶,209,中非,1240.0
202607,35,第35章  蛋白类物质；改性淀粉；胶；酶,211,乍得,189868.0
202607,35,第35章  蛋白类物质；改性淀粉；胶；酶,213,刚果共和国,373747.0
202607,35,第35章  蛋白类物质；改性淀粉；胶；酶,219,冈比亚,169106.0
202607,35,第35章  蛋白类物质；改性淀粉；胶；酶,220,加纳,16382451.0
202607,35,第35章  蛋白类物质；改性淀粉；胶；酶,222,几内亚比绍,9283.0
202607,35,第35章  蛋白类物质；改性淀粉；胶；酶,224,肯尼亚,11604952.0
202607,35,第35章  蛋白类物质；改性淀粉；胶；酶,227,马达加斯加,1048664.0
202607,35,第35章  蛋白类物质；改性淀粉；胶；酶,233,莫桑比克,3775714.0
202607,35,第35章  蛋白类物质；改性淀粉；胶；酶,241,塞舌尔,31551.0
202607,35,第35章  蛋白类物质；改性淀粉；胶；酶,244,南非,55731738.0
202607,35,第35章  蛋白类物质；改性淀粉；胶；酶,250,乌干达,2174265.0
202607,35,第35章  蛋白类物质；改性淀粉；胶；酶,252,刚果民主共和国,2265233.0
202607,35,第35章  蛋白类物质；改性淀粉；胶；酶,254,津巴布韦,878974.0
202607,35,第35章  蛋白类物质；改性淀粉；胶；酶,301,比利时,13999205.0
202607,35,第35章  蛋白类物质；改性淀粉；胶；酶,305,法国,23060696.0
202607,35,第35章  蛋白类物质；改性淀粉；胶；酶,306,爱尔兰,18574493.0
202607,35,第35章  蛋白类物质；改性淀粉；胶；酶,307,意大利,14963237.0
202607,35,第35章  蛋白类物质；改性淀粉；胶；酶,309,荷兰,41288187.0
202607,35,第35章  蛋白类物质；改性淀粉；胶；酶,310,希腊,2031547.0
202607,35,第35章  蛋白类物质；改性淀粉；胶；酶,312,西班牙,47607687.0
202607,35,第35章  蛋白类物质；改性淀粉；胶；酶,313,阿尔巴尼亚,471760.0
202607,35,第35章  蛋白类物质；改性淀粉；胶；酶,315,奥地利,121575.0
202607,35,第35章  蛋白类物质；改性淀粉；胶；酶,316,保加利亚,3504770.0
202607,35,第35章  蛋白类物质；改性淀粉；胶；酶,318,芬兰,655386.0
202607,35,第35章  蛋白类物质；改性淀粉；胶；酶,321,匈牙利,1758929.0
202607,35,第35章  蛋白类物质；改性淀粉；胶；酶,326,挪威,46800.0
202607,35,第35章  蛋白类物质；改性淀粉；胶；酶,327,波兰,22925136.0
202607,35,第35章  蛋白类物质；改性淀粉；胶；酶,336,立陶宛,927897.0
202607,35,第35章  蛋白类物质；改性淀粉；胶；酶,340,白俄罗斯,13543236.0
202607,35,第35章  蛋白类物质；改性淀粉；胶；酶,350,斯洛文尼亚,1064118.0
202607,35,第35章  蛋白类物质；改性淀粉；胶；酶,359,黑山,10186.0
202607,35,第35章  蛋白类物质；改性淀粉；胶；酶,404,巴哈马,1232.0
202607,35,第35章  蛋白类物质；改性淀粉；胶；酶,405,巴巴多斯,316015.0
202607,35,第35章  蛋白类物质；改性淀粉；胶；酶,406,伯利兹,26391.0
202607,35,第35章  蛋白类物质；改性淀粉；胶；酶,408,玻利维亚 ,3900436.0
202607,35,第35章  蛋白类物质；改性淀粉；胶；酶,410,巴西,130397306.0
202607,35,第35章  蛋白类物质；改性淀粉；胶；酶,415,哥斯达黎加,5202322.0
202607,35,第35章  蛋白类物质；改性淀粉；胶；酶,422,瓜德罗普,3983.0
202607,35,第35章  蛋白类物质；改性淀粉；胶；酶,427,牙买加,492445.0
202607,35,第35章  蛋白类物质；改性淀粉；胶；酶,429,墨西哥,72331077.0
202607,35,第35章  蛋白类物质；改性淀粉；胶；酶,431,尼加拉瓜,1983445.0
202607,35,第35章  蛋白类物质；改性淀粉；胶；酶,435,波多黎各,786444.0
202607,35,第35章  蛋白类物质；改性淀粉；胶；酶,442,特立尼达和多巴哥,639832.0
202607,35,第35章  蛋白类物质；改性淀粉；胶；酶,443,特克斯和凯科斯群岛,47429.0
202607,35,第35章  蛋白类物质；改性淀粉；胶；酶,444,乌拉圭,1865436.0
202607,35,第35章  蛋白类物质；改性淀粉；胶；酶,501,加拿大,22481290.0
202607,35,第35章  蛋白类物质；改性淀粉；胶；酶,503,格陵兰,24073.0
202607,35,第35章  蛋白类物质；改性淀粉；胶；酶,614,汤加,19693.0
202607,35,第35章  蛋白类物质；改性淀粉；胶；酶,617,萨摩亚,43031.0
202607,36,第36章  炸药；烟火制品；引火合金；易燃材料制品,108,塞浦路斯,112358.0
202607,36,第36章  炸药；烟火制品；引火合金；易燃材料制品,124,蒙古,8819411.0
202607,36,第36章  炸药；烟火制品；引火合金；易燃材料制品,137,土耳其,1143.0
202607,36,第36章  炸药；烟火制品；引火合金；易燃材料制品,220,加纳,210310.0
202607,36,第36章  炸药；烟火制品；引火合金；易燃材料制品,224,肯尼亚,1223920.0
202607,36,第36章  炸药；烟火制品；引火合金；易燃材料制品,244,南非,24661.0
202607,36,第36章  炸药；烟火制品；引火合金；易燃材料制品,301,比利时,3501275.0
202607,36,第36章  炸药；烟火制品；引火合金；易燃材料制品,305,法国,2901566.0
202607,36,第36章  炸药；烟火制品；引火合金；易燃材料制品,307,意大利,11938593.0
202607,36,第36章  炸药；烟火制品；引火合金；易燃材料制品,309,荷兰,9593811.0
202607,36,第36章  炸药；烟火制品；引火合金；易燃材料制品,312,西班牙,5362721.0
202607,36,第36章  炸药；烟火制品；引火合金；易燃材料制品,315,奥地利,668609.0
202607,36,第36章  炸药；烟火制品；引火合金；易燃材料制品,316,保加利亚,2985884.0
202607,36,第36章  炸药；烟火制品；引火合金；易燃材料制品,318,芬兰,375366.0
202607,36,第36章  炸药；烟火制品；引火合金；易燃材料制品,321,匈牙利,959874.0
202607,36,第36章  炸药；烟火制品；引火合金；易燃材料制品,326,挪威,485580.0
202607,36,第36章  炸药；烟火制品；引火合金；易燃材料制品,327,波兰,19874267.0
202607,36,第36章  炸药；烟火制品；引火合金；易燃材料制品,336,立陶宛,1327668.0
202607,36,第36章  炸药；烟火制品；引火合金；易燃材料制品,340,白俄罗斯,1027798.0
202607,36,第36章  炸药；烟火制品；引火合金；易燃材料制品,350,斯洛文尼亚,712891.0
202607,36,第36章  炸药；烟火制品；引火合金；易燃材料制品,404,巴哈马,132080.0
202607,36,第36章  炸药；烟火制品；引火合金；易燃材料制品,405,巴巴多斯,89576.0
202607,36,第36章  炸药；烟火制品；引火合金；易燃材料制品,408,玻利维亚 ,638243.0
202607,36,第36章  炸药；烟火制品；引火合金；易燃材料制品,410,巴西,4646162.0
202607,36,第36章  炸药；烟火制品；引火合金；易燃材料制品,415,哥斯达黎加,245380.0
202607,36,第36章  炸药；烟火制品；引火合金；易燃材料制品,427,牙买加,116376.0
202607,36,第36章  炸药；烟火制品；引火合金；易燃材料制品,429,墨西哥,3308300.0
202607,36,第36章  炸药；烟火制品；引火合金；易燃材料制品,501,加拿大,19322226.0
202607,37,第37章  照相及电影用品,108,塞浦路斯,72.0
202607,37,第37章  照相及电影用品,109,朝鲜,79856.0
202607,37,第37章  照相及电影用品,118,科威特,113419.0
202607,37,第37章  照相及电影用品,123,马尔代夫,10669.0
202607,37,第37章  照相及电影用品,124,蒙古,322495.0
202607,37,第37章  照相及电影用品,127,巴基斯坦,8574966.0
202607,37,第37章  照相及电影用品,129,菲律宾,5638894.0
202607,37,第37章  照相及电影用品,137,土耳其,24216491.0
202607,37,第37章  照相及电影用品,138,阿联酋,24451703.0
202607,37,第37章  照相及电影用品,147,塔吉克斯坦,553405.0
202607,37,第37章  照相及电影用品,203,贝宁,506.0
202607,37,第37章  照相及电影用品,211,乍得,139597.0
202607,37,第37章  照相及电影用品,213,刚果共和国,890343.0
202607,37,第37章  照相及电影用品,219,冈比亚,6273.0
202607,37,第37章  照相及电影用品,220,加纳,521635.0
202607,37,第37章  照相及电影用品,224,肯尼亚,3146832.0
202607,37,第37章  照相及电影用品,227,马达加斯加,58811.0
202607,37,第37章  照相及电影用品,233,莫桑比克,37410.0
202607,37,第37章  照相及电影用品,244,南非,4244755.0
202607,37,第37章  照相及电影用品,250,乌干达,102351.0
202607,37,第37章  照相及电影用品,252,刚果民主共和国,48754.0
202607,37,第37章  照相及电影用品,254,津巴布韦,151032.0
202607,37,第37章  照相及电影用品,258,厄立特里亚,35317.0
202607,37,第37章  照相及电影用品,301,比利时,41459458.0
202607,37,第37章  照相及电影用品,305,法国,346174.0
202607,37,第37章  照相及电影用品,306,爱尔兰,121200.0
202607,37,第37章  照相及电影用品,307,意大利,14873530.0
202607,37,第37章  照相及电影用品,309,荷兰,57759864.0
202607,37,第37章  照相及电影用品,310,希腊,1940736.0
202607,37,第37章  照相及电影用品,312,西班牙,21366717.0
202607,37,第37章  照相及电影用品,315,奥地利,67937.0
202607,37,第37章  照相及电影用品,316,保加利亚,1011554.0
202607,37,第37章  照相及电影用品,318,芬兰,65945.0
202607,37,第37章  照相及电影用品,321,匈牙利,6357815.0
202607,37,第37章  照相及电影用品,327,波兰,16197228.0
202607,37,第37章  照相及电影用品,336,立陶宛,25833.0
202607,37,第37章  照相及电影用品,340,白俄罗斯,2689469.0
202607,37,第37章  照相及电影用品,350,斯洛文尼亚,2464824.0
202607,37,第37章  照相及电影用品,405,巴巴多斯,70289.0
202607,37,第37章  照相及电影用品,408,玻利维亚 ,594629.0
202607,37,第37章  照相及电影用品,410,巴西,12198931.0
202607,37,第37章  照相及电影用品,415,哥斯达黎加,781319.0
202607,37,第37章  照相及电影用品,429,墨西哥,14329329.0
202607,37,第37章  照相及电影用品,431,尼加拉瓜,119384.0
202607,37,第37章  照相及电影用品,442,特立尼达和多巴哥,66234.0
202607,37,第37章  照相及电影用品,444,乌拉圭,766465.0
202607,37,第37章  照相及电影用品,501,加拿大,12098087.0
202607,37,第37章  照相及电影用品,617,萨摩亚,36061.0
202607,38,第38章  杂项化学产品,108,塞浦路斯,3754522.0
202607,38,第38章  杂项化学产品,109,朝鲜,6270215.0
202607,38,第38章  杂项化学产品,118,科威特,8360107.0
202607,38,第38章  杂项化学产品,123,马尔代夫,2107978.0
202607,38,第38章  杂项化学产品,124,蒙古,20539583.0
202607,38,第38章  杂项化学产品,127,巴基斯坦,171415329.0
202607,38,第38章  杂项化学产品,129,菲律宾,310809811.0
202607,38,第38章  杂项化学产品,137,土耳其,360465747.0
202607,38,第38章  杂项化学产品,138,阿联酋,155014118.0
202607,38,第38章  杂项化学产品,147,塔吉克斯坦,8464588.0
202607,38,第38章  杂项化学产品,203,贝宁,10073538.0
202607,38,第38章  杂项化学产品,207,加那利群岛,30245.0
202607,38,第38章  杂项化学产品,208,佛得角,12993.0
202607,38,第38章  杂项化学产品,209,中非,727711.0
202607,38,第38章  杂项化学产品,211,乍得,6262199.0
202607,38,第38章  杂项化学产品,213,刚果共和国,13479064.0
202607,38,第38章  杂项化学产品,219,冈比亚,1197043.0
202607,38,第38章  杂项化学产品,220,加纳,102506237.0
202607,38,第38章  杂项化学产品,222,几内亚比绍,32894.0
202607,38,第38章  杂项化学产品,224,肯尼亚,137870927.0
202607,38,第38章  杂项化学产品,227,马达加斯加,7606824.0
202607,38,第38章  杂项化学产品,233,莫桑比克,32883346.0
202607,38,第38章  杂项化学产品,235,尼日尔,4501502.0
202607,38,第38章  杂项化学产品,239,圣多美和普林西比,11718.0
202607,38,第38章  杂项化学产品,241,塞舌尔,216355.0
202607,38,第38章  杂项化学产品,244,南非,233893518.0
202607,38,第38章  杂项化学产品,250,乌干达,61069738.0
202607,38,第38章  杂项化学产品,252,刚果民主共和国,14570595.0
202607,38,第38章  杂项化学产品,254,津巴布韦,36839677.0
202607,38,第38章  杂项化学产品,255,莱索托,1549786.0
202607,38,第38章  杂项化学产品,258,厄立特里亚,2443769.0
202607,38,第38章  杂项化学产品,301,比利时,97908563.0
202607,38,第38章  杂项化学产品,305,法国,102258250.0
202607,38,第38章  杂项化学产品,306,爱尔兰,4251311.0
202607,38,第38章  杂项化学产品,307,意大利,154558583.0
202607,38,第38章  杂项化学产品,309,荷兰,580890533.0
202607,38,第38章  杂项化学产品,310,希腊,16047139.0
202607,38,第38章  杂项化学产品,312,西班牙,87127641.0
202607,38,第38章  杂项化学产品,313,阿尔巴尼亚,2197018.0
202607,38,第38章  杂项化学产品,315,奥地利,47801637.0
202607,38,第38章  杂项化学产品,316,保加利亚,13061186.0
202607,38,第38章  杂项化学产品,318,芬兰,6827849.0
202607,38,第38章  杂项化学产品,321,匈牙利,81514866.0
202607,38,第38章  杂项化学产品,326,挪威,10395384.0
202607,38,第38章  杂项化学产品,327,波兰,203947571.0
202607,38,第38章  杂项化学产品,336,立陶宛,5020589.0
202607,38,第38章  杂项化学产品,340,白俄罗斯,24585635.0
202607,38,第38章  杂项化学产品,350,斯洛文尼亚,36790352.0
202607,38,第38章  杂项化学产品,359,黑山,53486.0
202607,38,第38章  杂项化学产品,404,巴哈马,1438473.0
202607,38,第38章  杂项化学产品,405,巴巴多斯,1108080.0
202607,38,第38章  杂项化学产品,406,伯利兹,3136323.0
202607,38,第38章  杂项化学产品,408,玻利维亚 ,48899821.0
202607,38,第38章  杂项化学产品,410,巴西,2912787100.0
202607,38,第38章  杂项化学产品,415,哥斯达黎加,14207274.0
202607,38,第38章  杂项化学产品,422,瓜德罗普,2574.0
202607,38,第38章  杂项化学产品,427,牙买加,8333616.0
202607,38,第38章  杂项化学产品,429,墨西哥,323425140.0
202607,38,第38章  杂项化学产品,431,尼加拉瓜,14836639.0
202607,38,第38章  杂项化学产品,435,波多黎各,201205.0
202607,38,第38章  杂项化学产品,442,特立尼达和多巴哥,4557729.0
202607,38,第38章  杂项化学产品,443,特克斯和凯科斯群岛,2860.0
202607,38,第38章  杂项化学产品,444,乌拉圭,67428131.0
202607,38,第38章  杂项化学产品,501,加拿大,213453138.0
202607,38,第38章  杂项化学产品,503,格陵兰,164793.0
202607,38,第38章  杂项化学产品,614,汤加,33480.0
202607,38,第38章  杂项化学产品,617,萨摩亚,700374.0
202607,38,第38章  杂项化学产品,621,马绍尔群岛,1060110.0
202607,39,第39章  塑料及其制品,108,塞浦路斯,16306655.0
202607,39,第39章  塑料及其制品,109,朝鲜,182319172.0
202607,39,第39章  塑料及其制品,118,科威特,131503510.0
202607,39,第39章  塑料及其制品,123,马尔代夫,43900292.0
202607,39,第39章  塑料及其制品,124,蒙古,125863653.0
202607,39,第39章  塑料及其制品,127,巴基斯坦,527613883.0
202607,39,第39章  塑料及其制品,129,菲律宾,1982056926.0
202607,39,第39章  塑料及其制品,137,土耳其,1483030846.0
202607,39,第39章  塑料及其制品,138,阿联酋,1173979632.0
202607,39,第39章  塑料及其制品,147,塔吉克斯坦,123421547.0
202607,39,第39章  塑料及其制品,203,贝宁,70277375.0
202607,39,第39章  塑料及其制品,207,加那利群岛,19453.0
202607,39,第39章  塑料及其制品,208,佛得角,3312610.0
202607,39,第39章  塑料及其制品,209,中非,3728769.0
202607,39,第39章  塑料及其制品,211,乍得,19962825.0
202607,39,第39章  塑料及其制品,213,刚果共和国,82485162.0
202607,39,第39章  塑料及其制品,219,冈比亚,11682909.0
202607,39,第39章  塑料及其制品,220,加纳,590676827.0
202607,39,第39章  塑料及其制品,222,几内亚比绍,896629.0
202607,39,第39章  塑料及其制品,224,肯尼亚,624784829.0
202607,39,第39章  塑料及其制品,227,马达加斯加,66349576.0
202607,39,第39章  塑料及其制品,233,莫桑比克,268093999.0
202607,39,第39章  塑料及其制品,235,尼日尔,3737293.0
202607,39,第39章  塑料及其制品,239,圣多美和普林西比,1410548.0
202607,39,第39章  塑料及其制品,241,塞舌尔,3251165.0
202607,39,第39章  塑料及其制品,244,南非,661213104.0
202607,39,第39章  塑料及其制品,250,乌干达,73633902.0
202607,39,第39章  塑料及其制品,252,刚果民主共和国,224619621.0
202607,39,第39章  塑料及其制品,254,津巴布韦,40072253.0
202607,39,第39章  塑料及其制品,255,莱索托,1446510.0
202607,39,第39章  塑料及其制品,258,厄立特里亚,3083424.0
202607,39,第39章  塑料及其制品,301,比利时,850820370.0
202607,39,第39章  塑料及其制品,305,法国,940619200.0
202607,39,第39章  塑料及其制品,306,爱尔兰,113947380.0
202607,39,第39章  塑料及其制品,307,意大利,1290192913.0
202607,39,第39章  塑料及其制品,309,荷兰,1694184106.0
202607,39,第39章  塑料及其制品,310,希腊,193063156.0
202607,39,第39章  塑料及其制品,312,西班牙,970878107.0
202607,39,第39章  塑料及其制品,313,阿尔巴尼亚,47603457.0
202607,39,第39章  塑料及其制品,315,奥地利,61528654.0
202607,39,第39章  塑料及其制品,316,保加利亚,83786947.0
202607,39,第39章  塑料及其制品,318,芬兰,56859716.0
202607,39,第39章  塑料及其制品,320,直布罗陀,15885.0
202607,39,第39章  塑料及其制品,321,匈牙利,179222459.0
202607,39,第39章  塑料及其制品,326,挪威,88032281.0
202607,39,第39章  塑料及其制品,327,波兰,1086240516.0
202607,39,第39章  塑料及其制品,336,立陶宛,64012876.0
202607,39,第39章  塑料及其制品,340,白俄罗斯,239305554.0
202607,39,第39章  塑料及其制品,350,斯洛文尼亚,119893757.0
202607,39,第39章  塑料及其制品,357,法罗群岛,134187.0
202607,39,第39章  塑料及其制品,359,黑山,15323268.0
202607,39,第39章  塑料及其制品,404,巴哈马,12278094.0
202607,39,第39章  塑料及其制品,405,巴巴多斯,9142379.0
202607,39,第39章  塑料及其制品,406,伯利兹,6898367.0
202607,39,第39章  塑料及其制品,408,玻利维亚 ,37252853.0
202607,39,第39章  塑料及其制品,410,巴西,2157689664.0
202607,39,第39章  塑料及其制品,415,哥斯达黎加,148999327.0
202607,39,第39章  塑料及其制品,422,瓜德罗普,1483269.0
202607,39,第39章  塑料及其制品,427,牙买加,57015124.0
202607,39,第39章  塑料及其制品,429,墨西哥,2168045068.0
202607,39,第39章  塑料及其制品,431,尼加拉瓜,52867684.0
202607,39,第39章  塑料及其制品,435,波多黎各,38994623.0
202607,39,第39章  塑料及其制品,442,特立尼达和多巴哥,46892787.0
202607,39,第39章  塑料及其制品,443,特克斯和凯科斯群岛,507656.0
202607,39,第39章  塑料及其制品,444,乌拉圭,257373576.0
202607,39,第39章  塑料及其制品,446,英属维尔京群岛,408541.0
202607,39,第39章  塑料及其制品,501,加拿大,2034318348.0
202607,39,第39章  塑料及其制品,614,汤加,4989900.0
202607,39,第39章  塑料及其制品,617,萨摩亚,6279114.0
202607,39,第39章  塑料及其制品,621,马绍尔群岛,2566187.0
202607,39,第39章  塑料及其制品,625,瓦利斯和富图纳 ,1783.0
202607,40,第40章  橡胶及其制品,108,塞浦路斯,4216380.0
202607,40,第40章  橡胶及其制品,109,朝鲜,38172069.0
202607,40,第40章  橡胶及其制品,118,科威特,101770895.0
202607,40,第40章  橡胶及其制品,123,马尔代夫,4942215.0
202607,40,第40章  橡胶及其制品,124,蒙古,84084460.0
202607,40,第40章  橡胶及其制品,127,巴基斯坦,263921716.0
202607,40,第40章  橡胶及其制品,129,菲律宾,297557786.0
202607,40,第40章  橡胶及其制品,137,土耳其,216792948.0
202607,40,第40章  橡胶及其制品,138,阿联酋,461520261.0
202607,40,第40章  橡胶及其制品,147,塔吉克斯坦,49587877.0
202607,40,第40章  橡胶及其制品,203,贝宁,10992224.0
202607,40,第40章  橡胶及其制品,208,佛得角,3136647.0
202607,40,第40章  橡胶及其制品,209,中非,1099425.0
202607,40,第40章  橡胶及其制品,211,乍得,9387368.0
202607,40,第40章  橡胶及其制品,213,刚果共和国,20891248.0
202607,40,第40章  橡胶及其制品,219,冈比亚,2681229.0
202607,40,第40章  橡胶及其制品,220,加纳,177456463.0
202607,40,第40章  橡胶及其制品,222,几内亚比绍,750751.0
202607,40,第40章  橡胶及其制品,224,肯尼亚,169676270.0
202607,40,第40章  橡胶及其制品,227,马达加斯加,23763195.0
202607,40,第40章  橡胶及其制品,233,莫桑比克,80397249.0
202607,40,第40章  橡胶及其制品,235,尼日尔,7622870.0
202607,40,第40章  橡胶及其制品,239,圣多美和普林西比,365903.0
202607,40,第40章  橡胶及其制品,241,塞舌尔,1214358.0
202607,40,第40章  橡胶及其制品,244,南非,308537638.0
202607,40,第40章  橡胶及其制品,250,乌干达,41365851.0
202607,40,第40章  橡胶及其制品,252,刚果民主共和国,107892182.0
202607,40,第40章  橡胶及其制品,254,津巴布韦,59849012.0
202607,40,第40章  橡胶及其制品,255,莱索托,2870232.0
202607,40,第40章  橡胶及其制品,258,厄立特里亚,3830083.0
202607,40,第40章  橡胶及其制品,301,比利时,135634751.0
202607,40,第40章  橡胶及其制品,305,法国,236982631.0
202607,40,第40章  橡胶及其制品,306,爱尔兰,37521920.0
202607,40,第40章  橡胶及其制品,307,意大利,274825575.0
202607,40,第40章  橡胶及其制品,309,荷兰,409281261.0
202607,40,第40章  橡胶及其制品,310,希腊,40463098.0
202607,40,第40章  橡胶及其制品,312,西班牙,266043663.0
202607,40,第40章  橡胶及其制品,313,阿尔巴尼亚,13106619.0
202607,40,第40章  橡胶及其制品,314,安道尔,527550.0
202607,40,第40章  橡胶及其制品,315,奥地利,12335576.0
202607,40,第40章  橡胶及其制品,316,保加利亚,18095782.0
202607,40,第40章  橡胶及其制品,318,芬兰,36907837.0
202607,40,第40章  橡胶及其制品,321,匈牙利,33487825.0
202607,40,第40章  橡胶及其制品,326,挪威,37233185.0
202607,40,第40章  橡胶及其制品,327,波兰,310699415.0
202607,40,第40章  橡胶及其制品,336,立陶宛,15868359.0
202607,40,第40章  橡胶及其制品,340,白俄罗斯,74895922.0
202607,40,第40章  橡胶及其制品,350,斯洛文尼亚,22742984.0
202607,40,第40章  橡胶及其制品,359,黑山,3570159.0
202607,40,第40章  橡胶及其制品,404,巴哈马,3400632.0
202607,40,第40章  橡胶及其制品,405,巴巴多斯,2313673.0
202607,40,第40章  橡胶及其制品,406,伯利兹,2216480.0
202607,40,第40章  橡胶及其制品,408,玻利维亚 ,36489315.0
202607,40,第40章  橡胶及其制品,410,巴西,890783032.0
202607,40,第40章  橡胶及其制品,415,哥斯达黎加,49225546.0
202607,40,第40章  橡胶及其制品,422,瓜德罗普,710862.0
202607,40,第40章  橡胶及其制品,427,牙买加,25375586.0
202607,40,第40章  橡胶及其制品,429,墨西哥,741394549.0
202607,40,第40章  橡胶及其制品,431,尼加拉瓜,25007478.0
202607,40,第40章  橡胶及其制品,435,波多黎各,2665840.0
202607,40,第40章  橡胶及其制品,442,特立尼达和多巴哥,8738783.0
202607,40,第40章  橡胶及其制品,443,特克斯和凯科斯群岛,7773.0
202607,40,第40章  橡胶及其制品,444,乌拉圭,25549667.0
202607,40,第40章  橡胶及其制品,446,英属维尔京群岛,792740.0
202607,40,第40章  橡胶及其制品,501,加拿大,571575846.0
202607,40,第40章  橡胶及其制品,614,汤加,278018.0
202607,40,第40章  橡胶及其制品,617,萨摩亚,1359490.0
202607,40,第40章  橡胶及其制品,621,马绍尔群岛,7225080.0
202607,40,第40章  橡胶及其制品,625,瓦利斯和富图纳 ,5943.0
202607,41,第41章  生皮（毛皮除外）及皮革,108,塞浦路斯,689.0
202607,41,第41章  生皮（毛皮除外）及皮革,109,朝鲜,2094855.0
202607,41,第41章  生皮（毛皮除外）及皮革,118,科威特,2300.0
202607,41,第41章  生皮（毛皮除外）及皮革,127,巴基斯坦,3214556.0
202607,41,第41章  生皮（毛皮除外）及皮革,129,菲律宾,18597003.0
202607,41,第41章  生皮（毛皮除外）及皮革,137,土耳其,828056.0
202607,41,第41章  生皮（毛皮除外）及皮革,138,阿联酋,605871.0
202607,41,第41章  生皮（毛皮除外）及皮革,227,马达加斯加,170919.0
202607,41,第41章  生皮（毛皮除外）及皮革,301,比利时,135496.0
202607,41,第41章  生皮（毛皮除外）及皮革,305,法国,9073.0
202607,41,第41章  生皮（毛皮除外）及皮革,306,爱尔兰,6120.0
202607,41,第41章  生皮（毛皮除外）及皮革,307,意大利,64103663.0
202607,41,第41章  生皮（毛皮除外）及皮革,309,荷兰,167206.0
202607,41,第41章  生皮（毛皮除外）及皮革,310,希腊,3051.0
202607,41,第41章  生皮（毛皮除外）及皮革,312,西班牙,17508511.0
202607,41,第41章  生皮（毛皮除外）及皮革,327,波兰,722506.0
202607,41,第41章  生皮（毛皮除外）及皮革,410,巴西,994652.0
202607,41,第41章  生皮（毛皮除外）及皮革,415,哥斯达黎加,457.0
202607,41,第41章  生皮（毛皮除外）及皮革,429,墨西哥,7514370.0
202607,41,第41章  生皮（毛皮除外）及皮革,501,加拿大,129736.0
202607,42,第42章  皮革制品；鞍具及挽具；旅行用品、手提包及类似容器；动物肠线（蚕胶丝除外）制品,108,塞浦路斯,1520545.0
202607,42,第42章  皮革制品；鞍具及挽具；旅行用品、手提包及类似容器；动物肠线（蚕胶丝除外）制品,109,朝鲜,7624503.0
202607,42,第42章  皮革制品；鞍具及挽具；旅行用品、手提包及类似容器；动物肠线（蚕胶丝除外）制品,118,科威特,15849375.0
202607,42,第42章  皮革制品；鞍具及挽具；旅行用品、手提包及类似容器；动物肠线（蚕胶丝除外）制品,123,马尔代夫,6321906.0
202607,42,第42章  皮革制品；鞍具及挽具；旅行用品、手提包及类似容器；动物肠线（蚕胶丝除外）制品,124,蒙古,2279458.0
202607,42,第42章  皮革制品；鞍具及挽具；旅行用品、手提包及类似容器；动物肠线（蚕胶丝除外）制品,127,巴基斯坦,25633484.0
202607,42,第42章  皮革制品；鞍具及挽具；旅行用品、手提包及类似容器；动物肠线（蚕胶丝除外）制品,129,菲律宾,428380002.0
202607,42,第42章  皮革制品；鞍具及挽具；旅行用品、手提包及类似容器；动物肠线（蚕胶丝除外）制品,137,土耳其,51840308.0
202607,42,第42章  皮革制品；鞍具及挽具；旅行用品、手提包及类似容器；动物肠线（蚕胶丝除外）制品,138,阿联酋,239791979.0
202607,42,第42章  皮革制品；鞍具及挽具；旅行用品、手提包及类似容器；动物肠线（蚕胶丝除外）制品,147,塔吉克斯坦,45754785.0
202607,42,第42章  皮革制品；鞍具及挽具；旅行用品、手提包及类似容器；动物肠线（蚕胶丝除外）制品,203,贝宁,32107486.0
202607,42,第42章  皮革制品；鞍具及挽具；旅行用品、手提包及类似容器；动物肠线（蚕胶丝除外）制品,207,加那利群岛,2708.0
202607,42,第42章  皮革制品；鞍具及挽具；旅行用品、手提包及类似容器；动物肠线（蚕胶丝除外）制品,208,佛得角,545183.0
202607,42,第42章  皮革制品；鞍具及挽具；旅行用品、手提包及类似容器；动物肠线（蚕胶丝除外）制品,209,中非,22665.0
202607,42,第42章  皮革制品；鞍具及挽具；旅行用品、手提包及类似容器；动物肠线（蚕胶丝除外）制品,211,乍得,10633283.0
202607,42,第42章  皮革制品；鞍具及挽具；旅行用品、手提包及类似容器；动物肠线（蚕胶丝除外）制品,213,刚果共和国,26560373.0
202607,42,第42章  皮革制品；鞍具及挽具；旅行用品、手提包及类似容器；动物肠线（蚕胶丝除外）制品,219,冈比亚,3512296.0
202607,42,第42章  皮革制品；鞍具及挽具；旅行用品、手提包及类似容器；动物肠线（蚕胶丝除外）制品,220,加纳,156939203.0
202607,42,第42章  皮革制品；鞍具及挽具；旅行用品、手提包及类似容器；动物肠线（蚕胶丝除外）制品,222,几内亚比绍,152509.0
202607,42,第42章  皮革制品；鞍具及挽具；旅行用品、手提包及类似容器；动物肠线（蚕胶丝除外）制品,224,肯尼亚,158922846.0
202607,42,第42章  皮革制品；鞍具及挽具；旅行用品、手提包及类似容器；动物肠线（蚕胶丝除外）制品,227,马达加斯加,12614970.0
202607,42,第42章  皮革制品；鞍具及挽具；旅行用品、手提包及类似容器；动物肠线（蚕胶丝除外）制品,233,莫桑比克,27598736.0
202607,42,第42章  皮革制品；鞍具及挽具；旅行用品、手提包及类似容器；动物肠线（蚕胶丝除外）制品,235,尼日尔,878479.0
202607,42,第42章  皮革制品；鞍具及挽具；旅行用品、手提包及类似容器；动物肠线（蚕胶丝除外）制品,239,圣多美和普林西比,167331.0
202607,42,第42章  皮革制品；鞍具及挽具；旅行用品、手提包及类似容器；动物肠线（蚕胶丝除外）制品,241,塞舌尔,350810.0
202607,42,第42章  皮革制品；鞍具及挽具；旅行用品、手提包及类似容器；动物肠线（蚕胶丝除外）制品,244,南非,182325165.0
202607,42,第42章  皮革制品；鞍具及挽具；旅行用品、手提包及类似容器；动物肠线（蚕胶丝除外）制品,250,乌干达,10561319.0
202607,42,第42章  皮革制品；鞍具及挽具；旅行用品、手提包及类似容器；动物肠线（蚕胶丝除外）制品,252,刚果民主共和国,27601276.0
202607,42,第42章  皮革制品；鞍具及挽具；旅行用品、手提包及类似容器；动物肠线（蚕胶丝除外）制品,254,津巴布韦,873405.0
202607,42,第42章  皮革制品；鞍具及挽具；旅行用品、手提包及类似容器；动物肠线（蚕胶丝除外）制品,255,莱索托,90040.0
202607,42,第42章  皮革制品；鞍具及挽具；旅行用品、手提包及类似容器；动物肠线（蚕胶丝除外）制品,258,厄立特里亚,29664.0
202607,42,第42章  皮革制品；鞍具及挽具；旅行用品、手提包及类似容器；动物肠线（蚕胶丝除外）制品,301,比利时,120019636.0
202607,42,第42章  皮革制品；鞍具及挽具；旅行用品、手提包及类似容器；动物肠线（蚕胶丝除外）制品,305,法国,389536694.0
202607,42,第42章  皮革制品；鞍具及挽具；旅行用品、手提包及类似容器；动物肠线（蚕胶丝除外）制品,306,爱尔兰,16106482.0
202607,42,第42章  皮革制品；鞍具及挽具；旅行用品、手提包及类似容器；动物肠线（蚕胶丝除外）制品,307,意大利,509645132.0
202607,42,第42章  皮革制品；鞍具及挽具；旅行用品、手提包及类似容器；动物肠线（蚕胶丝除外）制品,309,荷兰,477874706.0
202607,42,第42章  皮革制品；鞍具及挽具；旅行用品、手提包及类似容器；动物肠线（蚕胶丝除外）制品,310,希腊,54585452.0
202607,42,第42章  皮革制品；鞍具及挽具；旅行用品、手提包及类似容器；动物肠线（蚕胶丝除外）制品,312,西班牙,495035159.0
202607,42,第42章  皮革制品；鞍具及挽具；旅行用品、手提包及类似容器；动物肠线（蚕胶丝除外）制品,313,阿尔巴尼亚,6614494.0
202607,42,第42章  皮革制品；鞍具及挽具；旅行用品、手提包及类似容器；动物肠线（蚕胶丝除外）制品,314,安道尔,233465.0
202607,42,第42章  皮革制品；鞍具及挽具；旅行用品、手提包及类似容器；动物肠线（蚕胶丝除外）制品,315,奥地利,21708842.0
202607,42,第42章  皮革制品；鞍具及挽具；旅行用品、手提包及类似容器；动物肠线（蚕胶丝除外）制品,316,保加利亚,5297656.0
202607,42,第42章  皮革制品；鞍具及挽具；旅行用品、手提包及类似容器；动物肠线（蚕胶丝除外）制品,318,芬兰,22112177.0
202607,42,第42章  皮革制品；鞍具及挽具；旅行用品、手提包及类似容器；动物肠线（蚕胶丝除外）制品,321,匈牙利,28313607.0
202607,42,第42章  皮革制品；鞍具及挽具；旅行用品、手提包及类似容器；动物肠线（蚕胶丝除外）制品,326,挪威,28047191.0
202607,42,第42章  皮革制品；鞍具及挽具；旅行用品、手提包及类似容器；动物肠线（蚕胶丝除外）制品,327,波兰,324861382.0
202607,42,第42章  皮革制品；鞍具及挽具；旅行用品、手提包及类似容器；动物肠线（蚕胶丝除外）制品,336,立陶宛,8066495.0
202607,42,第42章  皮革制品；鞍具及挽具；旅行用品、手提包及类似容器；动物肠线（蚕胶丝除外）制品,340,白俄罗斯,12317825.0
202607,42,第42章  皮革制品；鞍具及挽具；旅行用品、手提包及类似容器；动物肠线（蚕胶丝除外）制品,350,斯洛文尼亚,35129948.0
202607,42,第42章  皮革制品；鞍具及挽具；旅行用品、手提包及类似容器；动物肠线（蚕胶丝除外）制品,359,黑山,2274384.0
202607,42,第42章  皮革制品；鞍具及挽具；旅行用品、手提包及类似容器；动物肠线（蚕胶丝除外）制品,404,巴哈马,1645272.0
202607,42,第42章  皮革制品；鞍具及挽具；旅行用品、手提包及类似容器；动物肠线（蚕胶丝除外）制品,405,巴巴多斯,1278887.0
202607,42,第42章  皮革制品；鞍具及挽具；旅行用品、手提包及类似容器；动物肠线（蚕胶丝除外）制品,406,伯利兹,2482824.0
202607,42,第42章  皮革制品；鞍具及挽具；旅行用品、手提包及类似容器；动物肠线（蚕胶丝除外）制品,408,玻利维亚 ,1644657.0
202607,42,第42章  皮革制品；鞍具及挽具；旅行用品、手提包及类似容器；动物肠线（蚕胶丝除外）制品,410,巴西,504323202.0
202607,42,第42章  皮革制品；鞍具及挽具；旅行用品、手提包及类似容器；动物肠线（蚕胶丝除外）制品,415,哥斯达黎加,21107183.0
202607,42,第42章  皮革制品；鞍具及挽具；旅行用品、手提包及类似容器；动物肠线（蚕胶丝除外）制品,422,瓜德罗普,272722.0
202607,42,第42章  皮革制品；鞍具及挽具；旅行用品、手提包及类似容器；动物肠线（蚕胶丝除外）制品,427,牙买加,8693959.0
202607,42,第42章  皮革制品；鞍具及挽具；旅行用品、手提包及类似容器；动物肠线（蚕胶丝除外）制品,429,墨西哥,340063476.0
202607,42,第42章  皮革制品；鞍具及挽具；旅行用品、手提包及类似容器；动物肠线（蚕胶丝除外）制品,431,尼加拉瓜,11959881.0
202607,42,第42章  皮革制品；鞍具及挽具；旅行用品、手提包及类似容器；动物肠线（蚕胶丝除外）制品,435,波多黎各,3397710.0
202607,42,第42章  皮革制品；鞍具及挽具；旅行用品、手提包及类似容器；动物肠线（蚕胶丝除外）制品,442,特立尼达和多巴哥,3779597.0
202607,42,第42章  皮革制品；鞍具及挽具；旅行用品、手提包及类似容器；动物肠线（蚕胶丝除外）制品,443,特克斯和凯科斯群岛,311999.0
202607,42,第42章  皮革制品；鞍具及挽具；旅行用品、手提包及类似容器；动物肠线（蚕胶丝除外）制品,444,乌拉圭,31029458.0
202607,42,第42章  皮革制品；鞍具及挽具；旅行用品、手提包及类似容器；动物肠线（蚕胶丝除外）制品,446,英属维尔京群岛,4699.0
202607,42,第42章  皮革制品；鞍具及挽具；旅行用品、手提包及类似容器；动物肠线（蚕胶丝除外）制品,501,加拿大,471752591.0
202607,42,第42章  皮革制品；鞍具及挽具；旅行用品、手提包及类似容器；动物肠线（蚕胶丝除外）制品,614,汤加,131762.0
202607,42,第42章  皮革制品；鞍具及挽具；旅行用品、手提包及类似容器；动物肠线（蚕胶丝除外）制品,617,萨摩亚,296864.0
202607,42,第42章  皮革制品；鞍具及挽具；旅行用品、手提包及类似容器；动物肠线（蚕胶丝除外）制品,621,马绍尔群岛,89418.0
202607,43,第43章  毛皮、人造毛皮及其制品,109,朝鲜,761567.0
202607,43,第43章  毛皮、人造毛皮及其制品,123,马尔代夫,45407.0
202607,43,第43章  毛皮、人造毛皮及其制品,124,蒙古,253957.0
202607,43,第43章  毛皮、人造毛皮及其制品,127,巴基斯坦,52853.0
202607,43,第43章  毛皮、人造毛皮及其制品,129,菲律宾,242540.0
202607,43,第43章  毛皮、人造毛皮及其制品,137,土耳其,1526505.0
202607,43,第43章  毛皮、人造毛皮及其制品,138,阿联酋,3841.0
202607,43,第43章  毛皮、人造毛皮及其制品,147,塔吉克斯坦,2325342.0
202607,43,第43章  毛皮、人造毛皮及其制品,224,肯尼亚,7958.0
202607,43,第43章  毛皮、人造毛皮及其制品,244,南非,14437.0
202607,43,第43章  毛皮、人造毛皮及其制品,301,比利时,1774781.0
202607,43,第43章  毛皮、人造毛皮及其制品,305,法国,8339162.0
202607,43,第43章  毛皮、人造毛皮及其制品,306,爱尔兰,152059.0
202607,43,第43章  毛皮、人造毛皮及其制品,307,意大利,19695515.0
202607,43,第43章  毛皮、人造毛皮及其制品,309,荷兰,6365967.0
202607,43,第43章  毛皮、人造毛皮及其制品,310,希腊,224392.0
202607,43,第43章  毛皮、人造毛皮及其制品,312,西班牙,8670538.0
202607,43,第43章  毛皮、人造毛皮及其制品,315,奥地利,1039531.0
202607,43,第43章  毛皮、人造毛皮及其制品,316,保加利亚,4503.0
202607,43,第43章  毛皮、人造毛皮及其制品,318,芬兰,339081.0
202607,43,第43章  毛皮、人造毛皮及其制品,321,匈牙利,34240.0
202607,43,第43章  毛皮、人造毛皮及其制品,326,挪威,1947526.0
202607,43,第43章  毛皮、人造毛皮及其制品,327,波兰,3236735.0
202607,43,第43章  毛皮、人造毛皮及其制品,336,立陶宛,90780.0
202607,43,第43章  毛皮、人造毛皮及其制品,340,白俄罗斯,742449.0
202607,43,第43章  毛皮、人造毛皮及其制品,350,斯洛文尼亚,27017.0
202607,43,第43章  毛皮、人造毛皮及其制品,410,巴西,2246271.0
202607,43,第43章  毛皮、人造毛皮及其制品,415,哥斯达黎加,976.0
202607,43,第43章  毛皮、人造毛皮及其制品,429,墨西哥,677585.0
202607,43,第43章  毛皮、人造毛皮及其制品,501,加拿大,3806718.0
202607,44,第44章  木及木制品；木炭,108,塞浦路斯,2801532.0
202607,44,第44章  木及木制品；木炭,109,朝鲜,34698731.0
202607,44,第44章  木及木制品；木炭,118,科威特,5814384.0
202607,44,第44章  木及木制品；木炭,123,马尔代夫,11086697.0
202607,44,第44章  木及木制品；木炭,124,蒙古,34259139.0
202607,44,第44章  木及木制品；木炭,127,巴基斯坦,9312179.0
202607,44,第44章  木及木制品；木炭,129,菲律宾,220035076.0
202607,44,第44章  木及木制品；木炭,137,土耳其,59661313.0
202607,44,第44章  木及木制品；木炭,138,阿联酋,285086376.0
202607,44,第44章  木及木制品；木炭,147,塔吉克斯坦,11833987.0
202607,44,第44章  木及木制品；木炭,203,贝宁,4802982.0
202607,44,第44章  木及木制品；木炭,208,佛得角,2044490.0
202607,44,第44章  木及木制品；木炭,211,乍得,3805.0
202607,44,第44章  木及木制品；木炭,213,刚果共和国,2051555.0
202607,44,第44章  木及木制品；木炭,219,冈比亚,1306709.0
202607,44,第44章  木及木制品；木炭,220,加纳,26723039.0
202607,44,第44章  木及木制品；木炭,224,肯尼亚,21522147.0
202607,44,第44章  木及木制品；木炭,227,马达加斯加,2310929.0
202607,44,第44章  木及木制品；木炭,233,莫桑比克,3610286.0
202607,44,第44章  木及木制品；木炭,239,圣多美和普林西比,180026.0
202607,44,第44章  木及木制品；木炭,241,塞舌尔,823250.0
202607,44,第44章  木及木制品；木炭,244,南非,55476994.0
202607,44,第44章  木及木制品；木炭,250,乌干达,1023417.0
202607,44,第44章  木及木制品；木炭,252,刚果民主共和国,12716543.0
202607,44,第44章  木及木制品；木炭,254,津巴布韦,842545.0
202607,44,第44章  木及木制品；木炭,255,莱索托,86333.0
202607,44,第44章  木及木制品；木炭,258,厄立特里亚,435986.0
202607,44,第44章  木及木制品；木炭,299,非洲其他国家(地区),70054.0
202607,44,第44章  木及木制品；木炭,301,比利时,62342825.0
202607,44,第44章  木及木制品；木炭,305,法国,167944796.0
202607,44,第44章  木及木制品；木炭,306,爱尔兰,30639776.0
202607,44,第44章  木及木制品；木炭,307,意大利,112967612.0
202607,44,第44章  木及木制品；木炭,309,荷兰,238801796.0
202607,44,第44章  木及木制品；木炭,310,希腊,20104192.0
202607,44,第44章  木及木制品；木炭,312,西班牙,85653346.0
202607,44,第44章  木及木制品；木炭,313,阿尔巴尼亚,8018170.0
202607,44,第44章  木及木制品；木炭,314,安道尔,32324.0
202607,44,第44章  木及木制品；木炭,315,奥地利,4987393.0
202607,44,第44章  木及木制品；木炭,316,保加利亚,31517558.0
202607,44,第44章  木及木制品；木炭,318,芬兰,7382024.0
202607,44,第44章  木及木制品；木炭,321,匈牙利,8373922.0
202607,44,第44章  木及木制品；木炭,326,挪威,17016232.0
202607,44,第44章  木及木制品；木炭,327,波兰,96603839.0
202607,44,第44章  木及木制品；木炭,336,立陶宛,3123127.0
202607,44,第44章  木及木制品；木炭,340,白俄罗斯,3430958.0
202607,44,第44章  木及木制品；木炭,350,斯洛文尼亚,16419897.0
202607,44,第44章  木及木制品；木炭,359,黑山,1678957.0
202607,44,第44章  木及木制品；木炭,404,巴哈马,907485.0
202607,44,第44章  木及木制品；木炭,405,巴巴多斯,1282352.0
202607,44,第44章  木及木制品；木炭,406,伯利兹,19229.0
202607,44,第44章  木及木制品；木炭,408,玻利维亚 ,1422888.0
202607,44,第44章  木及木制品；木炭,410,巴西,48637600.0
202607,44,第44章  木及木制品；木炭,415,哥斯达黎加,7443327.0
202607,44,第44章  木及木制品；木炭,422,瓜德罗普,657236.0
202607,44,第44章  木及木制品；木炭,427,牙买加,6952668.0
202607,44,第44章  木及木制品；木炭,429,墨西哥,229390758.0
202607,44,第44章  木及木制品；木炭,431,尼加拉瓜,7794403.0
202607,44,第44章  木及木制品；木炭,435,波多黎各,2750690.0
202607,44,第44章  木及木制品；木炭,442,特立尼达和多巴哥,1952742.0
202607,44,第44章  木及木制品；木炭,443,特克斯和凯科斯群岛,218528.0
202607,44,第44章  木及木制品；木炭,444,乌拉圭,4094002.0
202607,44,第44章  木及木制品；木炭,501,加拿大,342604322.0
202607,44,第44章  木及木制品；木炭,614,汤加,13689.0
202607,44,第44章  木及木制品；木炭,617,萨摩亚,983691.0
202607,44,第44章  木及木制品；木炭,621,马绍尔群岛,418490.0
202607,45,第45章  软木及软木制品,108,塞浦路斯,1980.0
202607,45,第45章  软木及软木制品,118,科威特,2014.0
202607,45,第45章  软木及软木制品,123,马尔代夫,1498.0
202607,45,第45章  软木及软木制品,129,菲律宾,706589.0
202607,45,第45章  软木及软木制品,138,阿联酋,30450.0
202607,45,第45章  软木及软木制品,244,南非,21302.0
202607,45,第45章  软木及软木制品,301,比利时,247531.0
202607,45,第45章  软木及软木制品,305,法国,890943.0
202607,45,第45章  软木及软木制品,307,意大利,323621.0
202607,45,第45章  软木及软木制品,309,荷兰,238368.0
202607,45,第45章  软木及软木制品,310,希腊,109312.0
202607,45,第45章  软木及软木制品,312,西班牙,181872.0
202607,45,第45章  软木及软木制品,315,奥地利,41941.0
202607,45,第45章  软木及软木制品,316,保加利亚,32993.0
202607,45,第45章  软木及软木制品,321,匈牙利,2043.0
202607,45,第45章  软木及软木制品,326,挪威,6573.0
202607,45,第45章  软木及软木制品,327,波兰,464631.0
202607,45,第45章  软木及软木制品,340,白俄罗斯,32270.0
202607,45,第45章  软木及软木制品,404,巴哈马,6167.0
202607,45,第45章  软木及软木制品,408,玻利维亚 ,45170.0
202607,45,第45章  软木及软木制品,429,墨西哥,267118.0
202607,45,第45章  软木及软木制品,501,加拿大,732450.0
202607,46,第46章  稻草、秸秆、针茅或其他编结材料制品；篮筐及柳条编结品,108,塞浦路斯,165744.0
202607,46,第46章  稻草、秸秆、针茅或其他编结材料制品；篮筐及柳条编结品,109,朝鲜,704069.0
202607,46,第46章  稻草、秸秆、针茅或其他编结材料制品；篮筐及柳条编结品,118,科威特,179558.0
202607,46,第46章  稻草、秸秆、针茅或其他编结材料制品；篮筐及柳条编结品,123,马尔代夫,583817.0
202607,46,第46章  稻草、秸秆、针茅或其他编结材料制品；篮筐及柳条编结品,124,蒙古,38293.0
202607,46,第46章  稻草、秸秆、针茅或其他编结材料制品；篮筐及柳条编结品,127,巴基斯坦,422763.0
202607,46,第46章  稻草、秸秆、针茅或其他编结材料制品；篮筐及柳条编结品,129,菲律宾,3244571.0
202607,46,第46章  稻草、秸秆、针茅或其他编结材料制品；篮筐及柳条编结品,137,土耳其,10238021.0
202607,46,第46章  稻草、秸秆、针茅或其他编结材料制品；篮筐及柳条编结品,138,阿联酋,2508025.0
202607,46,第46章  稻草、秸秆、针茅或其他编结材料制品；篮筐及柳条编结品,147,塔吉克斯坦,66053.0
202607,46,第46章  稻草、秸秆、针茅或其他编结材料制品；篮筐及柳条编结品,203,贝宁,7489.0
202607,46,第46章  稻草、秸秆、针茅或其他编结材料制品；篮筐及柳条编结品,208,佛得角,1647.0
202607,46,第46章  稻草、秸秆、针茅或其他编结材料制品；篮筐及柳条编结品,219,冈比亚,1080.0
202607,46,第46章  稻草、秸秆、针茅或其他编结材料制品；篮筐及柳条编结品,220,加纳,7041.0
202607,46,第46章  稻草、秸秆、针茅或其他编结材料制品；篮筐及柳条编结品,224,肯尼亚,95215.0
202607,46,第46章  稻草、秸秆、针茅或其他编结材料制品；篮筐及柳条编结品,227,马达加斯加,12581.0
202607,46,第46章  稻草、秸秆、针茅或其他编结材料制品；篮筐及柳条编结品,233,莫桑比克,511971.0
202607,46,第46章  稻草、秸秆、针茅或其他编结材料制品；篮筐及柳条编结品,239,圣多美和普林西比,13427.0
202607,46,第46章  稻草、秸秆、针茅或其他编结材料制品；篮筐及柳条编结品,244,南非,1837851.0
202607,46,第46章  稻草、秸秆、针茅或其他编结材料制品；篮筐及柳条编结品,250,乌干达,207059.0
202607,46,第46章  稻草、秸秆、针茅或其他编结材料制品；篮筐及柳条编结品,252,刚果民主共和国,25900.0
202607,46,第46章  稻草、秸秆、针茅或其他编结材料制品；篮筐及柳条编结品,301,比利时,2246334.0
202607,46,第46章  稻草、秸秆、针茅或其他编结材料制品；篮筐及柳条编结品,305,法国,20455954.0
202607,46,第46章  稻草、秸秆、针茅或其他编结材料制品；篮筐及柳条编结品,306,爱尔兰,2709236.0
202607,46,第46章  稻草、秸秆、针茅或其他编结材料制品；篮筐及柳条编结品,307,意大利,10500856.0
202607,46,第46章  稻草、秸秆、针茅或其他编结材料制品；篮筐及柳条编结品,309,荷兰,31318944.0
202607,46,第46章  稻草、秸秆、针茅或其他编结材料制品；篮筐及柳条编结品,310,希腊,1900155.0
202607,46,第46章  稻草、秸秆、针茅或其他编结材料制品；篮筐及柳条编结品,312,西班牙,20751386.0
202607,46,第46章  稻草、秸秆、针茅或其他编结材料制品；篮筐及柳条编结品,313,阿尔巴尼亚,240923.0
202607,46,第46章  稻草、秸秆、针茅或其他编结材料制品；篮筐及柳条编结品,315,奥地利,173686.0
202607,46,第46章  稻草、秸秆、针茅或其他编结材料制品；篮筐及柳条编结品,316,保加利亚,745252.0
202607,46,第46章  稻草、秸秆、针茅或其他编结材料制品；篮筐及柳条编结品,318,芬兰,516239.0
202607,46,第46章  稻草、秸秆、针茅或其他编结材料制品；篮筐及柳条编结品,321,匈牙利,3213454.0
202607,46,第46章  稻草、秸秆、针茅或其他编结材料制品；篮筐及柳条编结品,326,挪威,319339.0
202607,46,第46章  稻草、秸秆、针茅或其他编结材料制品；篮筐及柳条编结品,327,波兰,14769022.0
202607,46,第46章  稻草、秸秆、针茅或其他编结材料制品；篮筐及柳条编结品,336,立陶宛,592968.0
202607,46,第46章  稻草、秸秆、针茅或其他编结材料制品；篮筐及柳条编结品,340,白俄罗斯,193589.0
202607,46,第46章  稻草、秸秆、针茅或其他编结材料制品；篮筐及柳条编结品,350,斯洛文尼亚,908553.0
202607,46,第46章  稻草、秸秆、针茅或其他编结材料制品；篮筐及柳条编结品,359,黑山,3437.0
202607,46,第46章  稻草、秸秆、针茅或其他编结材料制品；篮筐及柳条编结品,404,巴哈马,4948.0
202607,46,第46章  稻草、秸秆、针茅或其他编结材料制品；篮筐及柳条编结品,406,伯利兹,11311.0
202607,46,第46章  稻草、秸秆、针茅或其他编结材料制品；篮筐及柳条编结品,410,巴西,15854940.0
202607,46,第46章  稻草、秸秆、针茅或其他编结材料制品；篮筐及柳条编结品,415,哥斯达黎加,672092.0
202607,46,第46章  稻草、秸秆、针茅或其他编结材料制品；篮筐及柳条编结品,422,瓜德罗普,13560.0
202607,46,第46章  稻草、秸秆、针茅或其他编结材料制品；篮筐及柳条编结品,427,牙买加,104989.0
202607,46,第46章  稻草、秸秆、针茅或其他编结材料制品；篮筐及柳条编结品,429,墨西哥,11844506.0
202607,46,第46章  稻草、秸秆、针茅或其他编结材料制品；篮筐及柳条编结品,431,尼加拉瓜,13364.0
202607,46,第46章  稻草、秸秆、针茅或其他编结材料制品；篮筐及柳条编结品,435,波多黎各,212095.0
202607,46,第46章  稻草、秸秆、针茅或其他编结材料制品；篮筐及柳条编结品,442,特立尼达和多巴哥,41129.0
202607,46,第46章  稻草、秸秆、针茅或其他编结材料制品；篮筐及柳条编结品,443,特克斯和凯科斯群岛,8.0
202607,46,第46章  稻草、秸秆、针茅或其他编结材料制品；篮筐及柳条编结品,444,乌拉圭,664576.0
202607,46,第46章  稻草、秸秆、针茅或其他编结材料制品；篮筐及柳条编结品,501,加拿大,13442767.0
202607,46,第46章  稻草、秸秆、针茅或其他编结材料制品；篮筐及柳条编结品,614,汤加,21934.0
202607,46,第46章  稻草、秸秆、针茅或其他编结材料制品；篮筐及柳条编结品,617,萨摩亚,91963.0
202607,46,第46章  稻草、秸秆、针茅或其他编结材料制品；篮筐及柳条编结品,621,马绍尔群岛,18067.0
202607,46,第46章  稻草、秸秆、针茅或其他编结材料制品；篮筐及柳条编结品,625,瓦利斯和富图纳 ,3614.0
202607,47,第47章  木浆及其他纤维状纤维素浆；回收（废碎）纸及纸板,109,朝鲜,251211.0
202607,47,第47章  木浆及其他纤维状纤维素浆；回收（废碎）纸及纸板,127,巴基斯坦,3283515.0
202607,47,第47章  木浆及其他纤维状纤维素浆；回收（废碎）纸及纸板,129,菲律宾,333670.0
202607,47,第47章  木浆及其他纤维状纤维素浆；回收（废碎）纸及纸板,137,土耳其,1860590.0
202607,47,第47章  木浆及其他纤维状纤维素浆；回收（废碎）纸及纸板,224,肯尼亚,1481743.0
202607,47,第47章  木浆及其他纤维状纤维素浆；回收（废碎）纸及纸板,227,马达加斯加,1267032.0
202607,47,第47章  木浆及其他纤维状纤维素浆；回收（废碎）纸及纸板,233,莫桑比克,1177861.0
202607,47,第47章  木浆及其他纤维状纤维素浆；回收（废碎）纸及纸板,244,南非,499877.0
202607,47,第47章  木浆及其他纤维状纤维素浆；回收（废碎）纸及纸板,250,乌干达,19866.0
202607,47,第47章  木浆及其他纤维状纤维素浆；回收（废碎）纸及纸板,301,比利时,2341418.0
202607,47,第47章  木浆及其他纤维状纤维素浆；回收（废碎）纸及纸板,305,法国,719591.0
202607,47,第47章  木浆及其他纤维状纤维素浆；回收（废碎）纸及纸板,307,意大利,1132486.0
202607,47,第47章  木浆及其他纤维状纤维素浆；回收（废碎）纸及纸板,309,荷兰,12043836.0
202607,47,第47章  木浆及其他纤维状纤维素浆；回收（废碎）纸及纸板,312,西班牙,74794.0
202607,47,第47章  木浆及其他纤维状纤维素浆；回收（废碎）纸及纸板,318,芬兰,2325358.0
202607,47,第47章  木浆及其他纤维状纤维素浆；回收（废碎）纸及纸板,350,斯洛文尼亚,906553.0
202607,47,第47章  木浆及其他纤维状纤维素浆；回收（废碎）纸及纸板,410,巴西,6353214.0
202607,47,第47章  木浆及其他纤维状纤维素浆；回收（废碎）纸及纸板,429,墨西哥,290939.0
202607,48,第48章  纸及纸板；纸浆、纸或纸板制品,108,塞浦路斯,8363706.0
202607,48,第48章  纸及纸板；纸浆、纸或纸板制品,109,朝鲜,25581734.0
202607,48,第48章  纸及纸板；纸浆、纸或纸板制品,118,科威特,33666293.0
202607,48,第48章  纸及纸板；纸浆、纸或纸板制品,123,马尔代夫,6606296.0
202607,48,第48章  纸及纸板；纸浆、纸或纸板制品,124,蒙古,27765242.0
202607,48,第48章  纸及纸板；纸浆、纸或纸板制品,127,巴基斯坦,125346351.0
202607,48,第48章  纸及纸板；纸浆、纸或纸板制品,129,菲律宾,393859370.0
202607,48,第48章  纸及纸板；纸浆、纸或纸板制品,137,土耳其,331923214.0
202607,48,第48章  纸及纸板；纸浆、纸或纸板制品,138,阿联酋,344224626.0
202607,48,第48章  纸及纸板；纸浆、纸或纸板制品,147,塔吉克斯坦,27754383.0
202607,48,第48章  纸及纸板；纸浆、纸或纸板制品,203,贝宁,13602009.0
202607,48,第48章  纸及纸板；纸浆、纸或纸板制品,208,佛得角,314156.0
202607,48,第48章  纸及纸板；纸浆、纸或纸板制品,209,中非,1489.0
202607,48,第48章  纸及纸板；纸浆、纸或纸板制品,211,乍得,1775779.0
202607,48,第48章  纸及纸板；纸浆、纸或纸板制品,213,刚果共和国,13546321.0
202607,48,第48章  纸及纸板；纸浆、纸或纸板制品,219,冈比亚,3329309.0
202607,48,第48章  纸及纸板；纸浆、纸或纸板制品,220,加纳,84258448.0
202607,48,第48章  纸及纸板；纸浆、纸或纸板制品,222,几内亚比绍,1015968.0
202607,48,第48章  纸及纸板；纸浆、纸或纸板制品,224,肯尼亚,84507802.0
202607,48,第48章  纸及纸板；纸浆、纸或纸板制品,227,马达加斯加,7844604.0
202607,48,第48章  纸及纸板；纸浆、纸或纸板制品,233,莫桑比克,18046665.0
202607,48,第48章  纸及纸板；纸浆、纸或纸板制品,235,尼日尔,967120.0
202607,48,第48章  纸及纸板；纸浆、纸或纸板制品,239,圣多美和普林西比,1210.0
202607,48,第48章  纸及纸板；纸浆、纸或纸板制品,241,塞舌尔,1001088.0
202607,48,第48章  纸及纸板；纸浆、纸或纸板制品,244,南非,158513333.0
202607,48,第48章  纸及纸板；纸浆、纸或纸板制品,250,乌干达,9500188.0
202607,48,第48章  纸及纸板；纸浆、纸或纸板制品,252,刚果民主共和国,14161217.0
202607,48,第48章  纸及纸板；纸浆、纸或纸板制品,254,津巴布韦,7017593.0
202607,48,第48章  纸及纸板；纸浆、纸或纸板制品,255,莱索托,555255.0
202607,48,第48章  纸及纸板；纸浆、纸或纸板制品,258,厄立特里亚,8151120.0
202607,48,第48章  纸及纸板；纸浆、纸或纸板制品,301,比利时,84660292.0
202607,48,第48章  纸及纸板；纸浆、纸或纸板制品,305,法国,219957558.0
202607,48,第48章  纸及纸板；纸浆、纸或纸板制品,306,爱尔兰,35975057.0
202607,48,第48章  纸及纸板；纸浆、纸或纸板制品,307,意大利,272169603.0
202607,48,第48章  纸及纸板；纸浆、纸或纸板制品,309,荷兰,341480665.0
202607,48,第48章  纸及纸板；纸浆、纸或纸板制品,310,希腊,62751405.0
202607,48,第48章  纸及纸板；纸浆、纸或纸板制品,312,西班牙,204023588.0
202607,48,第48章  纸及纸板；纸浆、纸或纸板制品,313,阿尔巴尼亚,9516456.0
202607,48,第48章  纸及纸板；纸浆、纸或纸板制品,314,安道尔,34.0
202607,48,第48章  纸及纸板；纸浆、纸或纸板制品,315,奥地利,13690226.0
202607,48,第48章  纸及纸板；纸浆、纸或纸板制品,316,保加利亚,18684977.0
202607,48,第48章  纸及纸板；纸浆、纸或纸板制品,318,芬兰,8238119.0
202607,48,第48章  纸及纸板；纸浆、纸或纸板制品,320,直布罗陀,1041.0
202607,48,第48章  纸及纸板；纸浆、纸或纸板制品,321,匈牙利,24689743.0
202607,48,第48章  纸及纸板；纸浆、纸或纸板制品,326,挪威,11491513.0
202607,48,第48章  纸及纸板；纸浆、纸或纸板制品,327,波兰,203834750.0
202607,48,第48章  纸及纸板；纸浆、纸或纸板制品,336,立陶宛,15494826.0
202607,48,第48章  纸及纸板；纸浆、纸或纸板制品,340,白俄罗斯,47376994.0
202607,48,第48章  纸及纸板；纸浆、纸或纸板制品,350,斯洛文尼亚,17159308.0
202607,48,第48章  纸及纸板；纸浆、纸或纸板制品,359,黑山,578070.0
202607,48,第48章  纸及纸板；纸浆、纸或纸板制品,404,巴哈马,1802419.0
202607,48,第48章  纸及纸板；纸浆、纸或纸板制品,405,巴巴多斯,1736357.0
202607,48,第48章  纸及纸板；纸浆、纸或纸板制品,406,伯利兹,1184516.0
202607,48,第48章  纸及纸板；纸浆、纸或纸板制品,408,玻利维亚 ,3862630.0
202607,48,第48章  纸及纸板；纸浆、纸或纸板制品,410,巴西,346134526.0
202607,48,第48章  纸及纸板；纸浆、纸或纸板制品,415,哥斯达黎加,28305961.0
202607,48,第48章  纸及纸板；纸浆、纸或纸板制品,422,瓜德罗普,746609.0
202607,48,第48章  纸及纸板；纸浆、纸或纸板制品,427,牙买加,13383303.0
202607,48,第48章  纸及纸板；纸浆、纸或纸板制品,429,墨西哥,366511465.0
202607,48,第48章  纸及纸板；纸浆、纸或纸板制品,431,尼加拉瓜,9650992.0
202607,48,第48章  纸及纸板；纸浆、纸或纸板制品,435,波多黎各,4218539.0
202607,48,第48章  纸及纸板；纸浆、纸或纸板制品,442,特立尼达和多巴哥,7596960.0
202607,48,第48章  纸及纸板；纸浆、纸或纸板制品,443,特克斯和凯科斯群岛,79278.0
202607,48,第48章  纸及纸板；纸浆、纸或纸板制品,444,乌拉圭,13167785.0
202607,48,第48章  纸及纸板；纸浆、纸或纸板制品,446,英属维尔京群岛,368560.0
202607,48,第48章  纸及纸板；纸浆、纸或纸板制品,501,加拿大,424779815.0
202607,48,第48章  纸及纸板；纸浆、纸或纸板制品,503,格陵兰,24737.0
202607,48,第48章  纸及纸板；纸浆、纸或纸板制品,614,汤加,575340.0
202607,48,第48章  纸及纸板；纸浆、纸或纸板制品,617,萨摩亚,2423834.0
202607,48,第48章  纸及纸板；纸浆、纸或纸板制品,621,马绍尔群岛,352293.0
202607,48,第48章  纸及纸板；纸浆、纸或纸板制品,625,瓦利斯和富图纳 ,35340.0
202607,49,第49章  书籍、报纸、印刷图画及其他印刷品；手稿、打字稿及设计图纸,108,塞浦路斯,87108.0
202607,49,第49章  书籍、报纸、印刷图画及其他印刷品；手稿、打字稿及设计图纸,109,朝鲜,22188.0
202607,49,第49章  书籍、报纸、印刷图画及其他印刷品；手稿、打字稿及设计图纸,118,科威特,552657.0
202607,49,第49章  书籍、报纸、印刷图画及其他印刷品；手稿、打字稿及设计图纸,123,马尔代夫,56106.0
202607,49,第49章  书籍、报纸、印刷图画及其他印刷品；手稿、打字稿及设计图纸,124,蒙古,1405912.0
202607,49,第49章  书籍、报纸、印刷图画及其他印刷品；手稿、打字稿及设计图纸,127,巴基斯坦,3949530.0
202607,49,第49章  书籍、报纸、印刷图画及其他印刷品；手稿、打字稿及设计图纸,129,菲律宾,24165542.0
202607,49,第49章  书籍、报纸、印刷图画及其他印刷品；手稿、打字稿及设计图纸,137,土耳其,8018740.0
202607,49,第49章  书籍、报纸、印刷图画及其他印刷品；手稿、打字稿及设计图纸,138,阿联酋,5268092.0
202607,49,第49章  书籍、报纸、印刷图画及其他印刷品；手稿、打字稿及设计图纸,147,塔吉克斯坦,409387.0
202607,49,第49章  书籍、报纸、印刷图画及其他印刷品；手稿、打字稿及设计图纸,203,贝宁,424135.0
202607,49,第49章  书籍、报纸、印刷图画及其他印刷品；手稿、打字稿及设计图纸,208,佛得角,6859.0
202607,49,第49章  书籍、报纸、印刷图画及其他印刷品；手稿、打字稿及设计图纸,209,中非,42257.0
202607,49,第49章  书籍、报纸、印刷图画及其他印刷品；手稿、打字稿及设计图纸,211,乍得,26302.0
202607,49,第49章  书籍、报纸、印刷图画及其他印刷品；手稿、打字稿及设计图纸,213,刚果共和国,97169.0
202607,49,第49章  书籍、报纸、印刷图画及其他印刷品；手稿、打字稿及设计图纸,219,冈比亚,5662.0
202607,49,第49章  书籍、报纸、印刷图画及其他印刷品；手稿、打字稿及设计图纸,220,加纳,5462903.0
202607,49,第49章  书籍、报纸、印刷图画及其他印刷品；手稿、打字稿及设计图纸,222,几内亚比绍,15.0
202607,49,第49章  书籍、报纸、印刷图画及其他印刷品；手稿、打字稿及设计图纸,224,肯尼亚,5654111.0
202607,49,第49章  书籍、报纸、印刷图画及其他印刷品；手稿、打字稿及设计图纸,227,马达加斯加,748786.0
202607,49,第49章  书籍、报纸、印刷图画及其他印刷品；手稿、打字稿及设计图纸,233,莫桑比克,363339.0
202607,49,第49章  书籍、报纸、印刷图画及其他印刷品；手稿、打字稿及设计图纸,235,尼日尔,529549.0
202607,49,第49章  书籍、报纸、印刷图画及其他印刷品；手稿、打字稿及设计图纸,241,塞舌尔,48469.0
202607,49,第49章  书籍、报纸、印刷图画及其他印刷品；手稿、打字稿及设计图纸,244,南非,19268106.0
202607,49,第49章  书籍、报纸、印刷图画及其他印刷品；手稿、打字稿及设计图纸,250,乌干达,1656447.0
202607,49,第49章  书籍、报纸、印刷图画及其他印刷品；手稿、打字稿及设计图纸,252,刚果民主共和国,574348.0
202607,49,第49章  书籍、报纸、印刷图画及其他印刷品；手稿、打字稿及设计图纸,254,津巴布韦,696970.0
202607,49,第49章  书籍、报纸、印刷图画及其他印刷品；手稿、打字稿及设计图纸,255,莱索托,105022.0
202607,49,第49章  书籍、报纸、印刷图画及其他印刷品；手稿、打字稿及设计图纸,301,比利时,16976487.0
202607,49,第49章  书籍、报纸、印刷图画及其他印刷品；手稿、打字稿及设计图纸,305,法国,67085255.0
202607,49,第49章  书籍、报纸、印刷图画及其他印刷品；手稿、打字稿及设计图纸,306,爱尔兰,5616549.0
202607,49,第49章  书籍、报纸、印刷图画及其他印刷品；手稿、打字稿及设计图纸,307,意大利,31804106.0
202607,49,第49章  书籍、报纸、印刷图画及其他印刷品；手稿、打字稿及设计图纸,309,荷兰,82483875.0
202607,49,第49章  书籍、报纸、印刷图画及其他印刷品；手稿、打字稿及设计图纸,310,希腊,4755977.0
202607,49,第49章  书籍、报纸、印刷图画及其他印刷品；手稿、打字稿及设计图纸,312,西班牙,40769668.0
202607,49,第49章  书籍、报纸、印刷图画及其他印刷品；手稿、打字稿及设计图纸,313,阿尔巴尼亚,327613.0
202607,49,第49章  书籍、报纸、印刷图画及其他印刷品；手稿、打字稿及设计图纸,315,奥地利,2979534.0
202607,49,第49章  书籍、报纸、印刷图画及其他印刷品；手稿、打字稿及设计图纸,316,保加利亚,2567710.0
202607,49,第49章  书籍、报纸、印刷图画及其他印刷品；手稿、打字稿及设计图纸,318,芬兰,2483062.0
202607,49,第49章  书籍、报纸、印刷图画及其他印刷品；手稿、打字稿及设计图纸,321,匈牙利,2819409.0
202607,49,第49章  书籍、报纸、印刷图画及其他印刷品；手稿、打字稿及设计图纸,326,挪威,5804751.0
202607,49,第49章  书籍、报纸、印刷图画及其他印刷品；手稿、打字稿及设计图纸,327,波兰,29256000.0
202607,49,第49章  书籍、报纸、印刷图画及其他印刷品；手稿、打字稿及设计图纸,336,立陶宛,819806.0
202607,49,第49章  书籍、报纸、印刷图画及其他印刷品；手稿、打字稿及设计图纸,340,白俄罗斯,1159086.0
202607,49,第49章  书籍、报纸、印刷图画及其他印刷品；手稿、打字稿及设计图纸,350,斯洛文尼亚,4280465.0
202607,49,第49章  书籍、报纸、印刷图画及其他印刷品；手稿、打字稿及设计图纸,359,黑山,383.0
202607,49,第49章  书籍、报纸、印刷图画及其他印刷品；手稿、打字稿及设计图纸,404,巴哈马,114035.0
202607,49,第49章  书籍、报纸、印刷图画及其他印刷品；手稿、打字稿及设计图纸,405,巴巴多斯,159560.0
202607,49,第49章  书籍、报纸、印刷图画及其他印刷品；手稿、打字稿及设计图纸,406,伯利兹,19519.0
202607,49,第49章  书籍、报纸、印刷图画及其他印刷品；手稿、打字稿及设计图纸,408,玻利维亚 ,301928.0
202607,49,第49章  书籍、报纸、印刷图画及其他印刷品；手稿、打字稿及设计图纸,410,巴西,40889294.0
202607,49,第49章  书籍、报纸、印刷图画及其他印刷品；手稿、打字稿及设计图纸,415,哥斯达黎加,1515064.0
202607,49,第49章  书籍、报纸、印刷图画及其他印刷品；手稿、打字稿及设计图纸,422,瓜德罗普,68.0
202607,49,第49章  书籍、报纸、印刷图画及其他印刷品；手稿、打字稿及设计图纸,427,牙买加,511410.0
202607,49,第49章  书籍、报纸、印刷图画及其他印刷品；手稿、打字稿及设计图纸,429,墨西哥,27757201.0
202607,49,第49章  书籍、报纸、印刷图画及其他印刷品；手稿、打字稿及设计图纸,431,尼加拉瓜,50410.0
202607,49,第49章  书籍、报纸、印刷图画及其他印刷品；手稿、打字稿及设计图纸,435,波多黎各,206964.0
202607,49,第49章  书籍、报纸、印刷图画及其他印刷品；手稿、打字稿及设计图纸,442,特立尼达和多巴哥,398278.0
202607,49,第49章  书籍、报纸、印刷图画及其他印刷品；手稿、打字稿及设计图纸,443,特克斯和凯科斯群岛,5149.0
202607,49,第49章  书籍、报纸、印刷图画及其他印刷品；手稿、打字稿及设计图纸,444,乌拉圭,620623.0
202607,49,第49章  书籍、报纸、印刷图画及其他印刷品；手稿、打字稿及设计图纸,501,加拿大,67477561.0
202607,49,第49章  书籍、报纸、印刷图画及其他印刷品；手稿、打字稿及设计图纸,614,汤加,206032.0
202607,49,第49章  书籍、报纸、印刷图画及其他印刷品；手稿、打字稿及设计图纸,617,萨摩亚,1924.0
202607,49,第49章  书籍、报纸、印刷图画及其他印刷品；手稿、打字稿及设计图纸,621,马绍尔群岛,410023.0
202607,50,第50章  蚕丝,108,塞浦路斯,830.0
202607,50,第50章  蚕丝,118,科威特,71762.0
202607,50,第50章  蚕丝,123,马尔代夫,430.0
202607,50,第50章  蚕丝,127,巴基斯坦,27633438.0
202607,50,第50章  蚕丝,129,菲律宾,1447341.0
202607,50,第50章  蚕丝,137,土耳其,13377545.0
202607,50,第50章  蚕丝,138,阿联酋,4458047.0
202607,50,第50章  蚕丝,220,加纳,92.0
202607,50,第50章  蚕丝,224,肯尼亚,402.0
202607,50,第50章  蚕丝,227,马达加斯加,1145331.0
202607,50,第50章  蚕丝,244,南非,68318.0
202607,50,第50章  蚕丝,301,比利时,70074.0
202607,50,第50章  蚕丝,305,法国,9701324.0
202607,50,第50章  蚕丝,306,爱尔兰,12938.0
202607,50,第50章  蚕丝,307,意大利,130898471.0
202607,50,第50章  蚕丝,309,荷兰,38529.0
202607,50,第50章  蚕丝,310,希腊,278911.0
202607,50,第50章  蚕丝,312,西班牙,614304.0
202607,50,第50章  蚕丝,315,奥地利,16845.0
202607,50,第50章  蚕丝,316,保加利亚,49101.0
202607,50,第50章  蚕丝,318,芬兰,59502.0
202607,50,第50章  蚕丝,321,匈牙利,54009.0
202607,50,第50章  蚕丝,327,波兰,886211.0
202607,50,第50章  蚕丝,336,立陶宛,364269.0
202607,50,第50章  蚕丝,340,白俄罗斯,309666.0
202607,50,第50章  蚕丝,350,斯洛文尼亚,21845225.0
202607,50,第50章  蚕丝,410,巴西,3336608.0
202607,50,第50章  蚕丝,429,墨西哥,1292.0
202607,50,第50章  蚕丝,501,加拿大,698108.0
202607,51,第51章  羊毛、动物细毛或粗毛；马毛纱线及其机织物,109,朝鲜,4298308.0
202607,51,第51章  羊毛、动物细毛或粗毛；马毛纱线及其机织物,124,蒙古,2031959.0
202607,51,第51章  羊毛、动物细毛或粗毛；马毛纱线及其机织物,127,巴基斯坦,3826909.0
202607,51,第51章  羊毛、动物细毛或粗毛；马毛纱线及其机织物,129,菲律宾,5130596.0
202607,51,第51章  羊毛、动物细毛或粗毛；马毛纱线及其机织物,137,土耳其,38648765.0
202607,51,第51章  羊毛、动物细毛或粗毛；马毛纱线及其机织物,138,阿联酋,1096296.0
202607,51,第51章  羊毛、动物细毛或粗毛；马毛纱线及其机织物,207,加那利群岛,417.0
202607,51,第51章  羊毛、动物细毛或粗毛；马毛纱线及其机织物,220,加纳,11168.0
202607,51,第51章  羊毛、动物细毛或粗毛；马毛纱线及其机织物,224,肯尼亚,41032.0
202607,51,第51章  羊毛、动物细毛或粗毛；马毛纱线及其机织物,227,马达加斯加,9090739.0
202607,51,第51章  羊毛、动物细毛或粗毛；马毛纱线及其机织物,244,南非,2196860.0
202607,51,第51章  羊毛、动物细毛或粗毛；马毛纱线及其机织物,301,比利时,1535309.0
202607,51,第51章  羊毛、动物细毛或粗毛；马毛纱线及其机织物,305,法国,166780.0
202607,51,第51章  羊毛、动物细毛或粗毛；马毛纱线及其机织物,306,爱尔兰,8468.0
202607,51,第51章  羊毛、动物细毛或粗毛；马毛纱线及其机织物,307,意大利,246122559.0
202607,51,第51章  羊毛、动物细毛或粗毛；马毛纱线及其机织物,309,荷兰,809041.0
202607,51,第51章  羊毛、动物细毛或粗毛；马毛纱线及其机织物,310,希腊,581196.0
202607,51,第51章  羊毛、动物细毛或粗毛；马毛纱线及其机织物,312,西班牙,2567869.0
202607,51,第51章  羊毛、动物细毛或粗毛；马毛纱线及其机织物,313,阿尔巴尼亚,48384.0
202607,51,第51章  羊毛、动物细毛或粗毛；马毛纱线及其机织物,315,奥地利,5725.0
202607,51,第51章  羊毛、动物细毛或粗毛；马毛纱线及其机织物,316,保加利亚,6555770.0
202607,51,第51章  羊毛、动物细毛或粗毛；马毛纱线及其机织物,318,芬兰,45968.0
202607,51,第51章  羊毛、动物细毛或粗毛；马毛纱线及其机织物,321,匈牙利,1797374.0
202607,51,第51章  羊毛、动物细毛或粗毛；马毛纱线及其机织物,326,挪威,6492111.0
202607,51,第51章  羊毛、动物细毛或粗毛；马毛纱线及其机织物,327,波兰,3627369.0
202607,51,第51章  羊毛、动物细毛或粗毛；马毛纱线及其机织物,336,立陶宛,3180625.0
202607,51,第51章  羊毛、动物细毛或粗毛；马毛纱线及其机织物,340,白俄罗斯,320015.0
202607,51,第51章  羊毛、动物细毛或粗毛；马毛纱线及其机织物,350,斯洛文尼亚,65489.0
202607,51,第51章  羊毛、动物细毛或粗毛；马毛纱线及其机织物,410,巴西,207489.0
202607,51,第51章  羊毛、动物细毛或粗毛；马毛纱线及其机织物,429,墨西哥,890879.0
202607,51,第51章  羊毛、动物细毛或粗毛；马毛纱线及其机织物,431,尼加拉瓜,104194.0
202607,51,第51章  羊毛、动物细毛或粗毛；马毛纱线及其机织物,444,乌拉圭,763044.0
202607,51,第51章  羊毛、动物细毛或粗毛；马毛纱线及其机织物,501,加拿大,4449011.0
202607,52,第52章  棉花,108,塞浦路斯,58022.0
202607,52,第52章  棉花,109,朝鲜,5529694.0
202607,52,第52章  棉花,118,科威特,1941680.0
202607,52,第52章  棉花,123,马尔代夫,647012.0
202607,52,第52章  棉花,124,蒙古,174968.0
202607,52,第52章  棉花,127,巴基斯坦,246232876.0
202607,52,第52章  棉花,129,菲律宾,41902377.0
202607,52,第52章  棉花,137,土耳其,38905396.0
202607,52,第52章  棉花,138,阿联酋,18193877.0
202607,52,第52章  棉花,147,塔吉克斯坦,742329.0
202607,52,第52章  棉花,203,贝宁,60773566.0
202607,52,第52章  棉花,213,刚果共和国,15301183.0
202607,52,第52章  棉花,219,冈比亚,58902630.0
202607,52,第52章  棉花,220,加纳,78487007.0
202607,52,第52章  棉花,222,几内亚比绍,476904.0
202607,52,第52章  棉花,224,肯尼亚,95991393.0
202607,52,第52章  棉花,227,马达加斯加,10280985.0
202607,52,第52章  棉花,233,莫桑比克,38395465.0
202607,52,第52章  棉花,244,南非,61797100.0
202607,52,第52章  棉花,250,乌干达,8606054.0
202607,52,第52章  棉花,252,刚果民主共和国,5017608.0
202607,52,第52章  棉花,254,津巴布韦,1566292.0
202607,52,第52章  棉花,255,莱索托,1238734.0
202607,52,第52章  棉花,301,比利时,6037043.0
202607,52,第52章  棉花,305,法国,10049298.0
202607,52,第52章  棉花,306,爱尔兰,4794.0
202607,52,第52章  棉花,307,意大利,71440420.0
202607,52,第52章  棉花,309,荷兰,20038900.0
202607,52,第52章  棉花,310,希腊,1829788.0
202607,52,第52章  棉花,312,西班牙,40215070.0
202607,52,第52章  棉花,313,阿尔巴尼亚,591228.0
202607,52,第52章  棉花,315,奥地利,1516466.0
202607,52,第52章  棉花,316,保加利亚,1646229.0
202607,52,第52章  棉花,318,芬兰,9870.0
202607,52,第52章  棉花,321,匈牙利,92869.0
202607,52,第52章  棉花,326,挪威,936888.0
202607,52,第52章  棉花,327,波兰,32804153.0
202607,52,第52章  棉花,336,立陶宛,3655984.0
202607,52,第52章  棉花,340,白俄罗斯,5491833.0
202607,52,第52章  棉花,350,斯洛文尼亚,1494024.0
202607,52,第52章  棉花,359,黑山,714520.0
202607,52,第52章  棉花,408,玻利维亚 ,88252.0
202607,52,第52章  棉花,410,巴西,60803005.0
202607,52,第52章  棉花,415,哥斯达黎加,1876882.0
202607,52,第52章  棉花,427,牙买加,1323923.0
202607,52,第52章  棉花,429,墨西哥,184750888.0
202607,52,第52章  棉花,431,尼加拉瓜,1011417.0
202607,52,第52章  棉花,442,特立尼达和多巴哥,431809.0
202607,52,第52章  棉花,444,乌拉圭,2223869.0
202607,52,第52章  棉花,501,加拿大,6584513.0
202607,52,第52章  棉花,614,汤加,88248.0
202607,52,第52章  棉花,617,萨摩亚,204391.0
202607,53,第53章  其他植物纺织纤维；纸纱线及其机织物,109,朝鲜,39734.0
202607,53,第53章  其他植物纺织纤维；纸纱线及其机织物,118,科威特,4399.0
202607,53,第53章  其他植物纺织纤维；纸纱线及其机织物,123,马尔代夫,83336.0
202607,53,第53章  其他植物纺织纤维；纸纱线及其机织物,124,蒙古,8140.0
202607,53,第53章  其他植物纺织纤维；纸纱线及其机织物,127,巴基斯坦,715475.0
202607,53,第53章  其他植物纺织纤维；纸纱线及其机织物,129,菲律宾,1241778.0
202607,53,第53章  其他植物纺织纤维；纸纱线及其机织物,137,土耳其,41820631.0
202607,53,第53章  其他植物纺织纤维；纸纱线及其机织物,138,阿联酋,1369697.0
202607,53,第53章  其他植物纺织纤维；纸纱线及其机织物,219,冈比亚,324438.0
202607,53,第53章  其他植物纺织纤维；纸纱线及其机织物,224,肯尼亚,153978.0
202607,53,第53章  其他植物纺织纤维；纸纱线及其机织物,227,马达加斯加,1054136.0
202607,53,第53章  其他植物纺织纤维；纸纱线及其机织物,233,莫桑比克,11947.0
202607,53,第53章  其他植物纺织纤维；纸纱线及其机织物,244,南非,6230283.0
202607,53,第53章  其他植物纺织纤维；纸纱线及其机织物,252,刚果民主共和国,78874.0
202607,53,第53章  其他植物纺织纤维；纸纱线及其机织物,254,津巴布韦,21579.0
202607,53,第53章  其他植物纺织纤维；纸纱线及其机织物,258,厄立特里亚,72194.0
202607,53,第53章  其他植物纺织纤维；纸纱线及其机织物,301,比利时,6070907.0
202607,53,第53章  其他植物纺织纤维；纸纱线及其机织物,305,法国,9825439.0
202607,53,第53章  其他植物纺织纤维；纸纱线及其机织物,307,意大利,36896464.0
202607,53,第53章  其他植物纺织纤维；纸纱线及其机织物,309,荷兰,6974614.0
202607,53,第53章  其他植物纺织纤维；纸纱线及其机织物,310,希腊,1432436.0
202607,53,第53章  其他植物纺织纤维；纸纱线及其机织物,312,西班牙,5057220.0
202607,53,第53章  其他植物纺织纤维；纸纱线及其机织物,313,阿尔巴尼亚,17999.0
202607,53,第53章  其他植物纺织纤维；纸纱线及其机织物,316,保加利亚,2484443.0
202607,53,第53章  其他植物纺织纤维；纸纱线及其机织物,318,芬兰,42736.0
202607,53,第53章  其他植物纺织纤维；纸纱线及其机织物,321,匈牙利,19171.0
202607,53,第53章  其他植物纺织纤维；纸纱线及其机织物,327,波兰,23889326.0
202607,53,第53章  其他植物纺织纤维；纸纱线及其机织物,336,立陶宛,3678123.0
202607,53,第53章  其他植物纺织纤维；纸纱线及其机织物,340,白俄罗斯,70980.0
202607,53,第53章  其他植物纺织纤维；纸纱线及其机织物,405,巴巴多斯,5340.0
202607,53,第53章  其他植物纺织纤维；纸纱线及其机织物,408,玻利维亚 ,48356.0
202607,53,第53章  其他植物纺织纤维；纸纱线及其机织物,410,巴西,16121312.0
202607,53,第53章  其他植物纺织纤维；纸纱线及其机织物,415,哥斯达黎加,23873.0
202607,53,第53章  其他植物纺织纤维；纸纱线及其机织物,429,墨西哥,2860002.0
202607,53,第53章  其他植物纺织纤维；纸纱线及其机织物,444,乌拉圭,301312.0
202607,53,第53章  其他植物纺织纤维；纸纱线及其机织物,501,加拿大,1571620.0
202607,53,第53章  其他植物纺织纤维；纸纱线及其机织物,621,马绍尔群岛,2894.0
202607,54,第54章  化学纤维长丝；化学纤维纺织材料制扁条及类似品,108,塞浦路斯,704581.0
202607,54,第54章  化学纤维长丝；化学纤维纺织材料制扁条及类似品,109,朝鲜,48872993.0
202607,54,第54章  化学纤维长丝；化学纤维纺织材料制扁条及类似品,118,科威特,23533693.0
202607,54,第54章  化学纤维长丝；化学纤维纺织材料制扁条及类似品,123,马尔代夫,1757367.0
202607,54,第54章  化学纤维长丝；化学纤维纺织材料制扁条及类似品,124,蒙古,3551056.0
202607,54,第54章  化学纤维长丝；化学纤维纺织材料制扁条及类似品,127,巴基斯坦,518416509.0
202607,54,第54章  化学纤维长丝；化学纤维纺织材料制扁条及类似品,129,菲律宾,260164631.0
202607,54,第54章  化学纤维长丝；化学纤维纺织材料制扁条及类似品,137,土耳其,391987722.0
202607,54,第54章  化学纤维长丝；化学纤维纺织材料制扁条及类似品,138,阿联酋,293081897.0
202607,54,第54章  化学纤维长丝；化学纤维纺织材料制扁条及类似品,147,塔吉克斯坦,45221660.0
202607,54,第54章  化学纤维长丝；化学纤维纺织材料制扁条及类似品,203,贝宁,13943782.0
202607,54,第54章  化学纤维长丝；化学纤维纺织材料制扁条及类似品,208,佛得角,16450.0
202607,54,第54章  化学纤维长丝；化学纤维纺织材料制扁条及类似品,211,乍得,2299889.0
202607,54,第54章  化学纤维长丝；化学纤维纺织材料制扁条及类似品,213,刚果共和国,10221792.0
202607,54,第54章  化学纤维长丝；化学纤维纺织材料制扁条及类似品,219,冈比亚,10178674.0
202607,54,第54章  化学纤维长丝；化学纤维纺织材料制扁条及类似品,220,加纳,121148467.0
202607,54,第54章  化学纤维长丝；化学纤维纺织材料制扁条及类似品,224,肯尼亚,159741120.0
202607,54,第54章  化学纤维长丝；化学纤维纺织材料制扁条及类似品,227,马达加斯加,35337595.0
202607,54,第54章  化学纤维长丝；化学纤维纺织材料制扁条及类似品,233,莫桑比克,50754043.0
202607,54,第54章  化学纤维长丝；化学纤维纺织材料制扁条及类似品,235,尼日尔,1588487.0
202607,54,第54章  化学纤维长丝；化学纤维纺织材料制扁条及类似品,239,圣多美和普林西比,69284.0
202607,54,第54章  化学纤维长丝；化学纤维纺织材料制扁条及类似品,241,塞舌尔,219444.0
202607,54,第54章  化学纤维长丝；化学纤维纺织材料制扁条及类似品,244,南非,144531926.0
202607,54,第54章  化学纤维长丝；化学纤维纺织材料制扁条及类似品,250,乌干达,24754821.0
202607,54,第54章  化学纤维长丝；化学纤维纺织材料制扁条及类似品,252,刚果民主共和国,14442767.0
202607,54,第54章  化学纤维长丝；化学纤维纺织材料制扁条及类似品,254,津巴布韦,5970055.0
202607,54,第54章  化学纤维长丝；化学纤维纺织材料制扁条及类似品,255,莱索托,4056042.0
202607,54,第54章  化学纤维长丝；化学纤维纺织材料制扁条及类似品,301,比利时,48861709.0
202607,54,第54章  化学纤维长丝；化学纤维纺织材料制扁条及类似品,305,法国,29811097.0
202607,54,第54章  化学纤维长丝；化学纤维纺织材料制扁条及类似品,306,爱尔兰,3246546.0
202607,54,第54章  化学纤维长丝；化学纤维纺织材料制扁条及类似品,307,意大利,212925186.0
202607,54,第54章  化学纤维长丝；化学纤维纺织材料制扁条及类似品,309,荷兰,96085460.0
202607,54,第54章  化学纤维长丝；化学纤维纺织材料制扁条及类似品,310,希腊,26679986.0
202607,54,第54章  化学纤维长丝；化学纤维纺织材料制扁条及类似品,312,西班牙,115367086.0
202607,54,第54章  化学纤维长丝；化学纤维纺织材料制扁条及类似品,313,阿尔巴尼亚,10749914.0
202607,54,第54章  化学纤维长丝；化学纤维纺织材料制扁条及类似品,315,奥地利,6159443.0
202607,54,第54章  化学纤维长丝；化学纤维纺织材料制扁条及类似品,316,保加利亚,3852986.0
202607,54,第54章  化学纤维长丝；化学纤维纺织材料制扁条及类似品,318,芬兰,2636807.0
202607,54,第54章  化学纤维长丝；化学纤维纺织材料制扁条及类似品,321,匈牙利,10100981.0
202607,54,第54章  化学纤维长丝；化学纤维纺织材料制扁条及类似品,326,挪威,3446711.0
202607,54,第54章  化学纤维长丝；化学纤维纺织材料制扁条及类似品,327,波兰,141467312.0
202607,54,第54章  化学纤维长丝；化学纤维纺织材料制扁条及类似品,336,立陶宛,6748385.0
202607,54,第54章  化学纤维长丝；化学纤维纺织材料制扁条及类似品,340,白俄罗斯,32721877.0
202607,54,第54章  化学纤维长丝；化学纤维纺织材料制扁条及类似品,350,斯洛文尼亚,9782571.0
202607,54,第54章  化学纤维长丝；化学纤维纺织材料制扁条及类似品,404,巴哈马,18468.0
202607,54,第54章  化学纤维长丝；化学纤维纺织材料制扁条及类似品,405,巴巴多斯,85721.0
202607,54,第54章  化学纤维长丝；化学纤维纺织材料制扁条及类似品,406,伯利兹,22822.0
202607,54,第54章  化学纤维长丝；化学纤维纺织材料制扁条及类似品,408,玻利维亚 ,2403295.0
202607,54,第54章  化学纤维长丝；化学纤维纺织材料制扁条及类似品,410,巴西,795743451.0
202607,54,第54章  化学纤维长丝；化学纤维纺织材料制扁条及类似品,415,哥斯达黎加,5403386.0
202607,54,第54章  化学纤维长丝；化学纤维纺织材料制扁条及类似品,422,瓜德罗普,1488.0
202607,54,第54章  化学纤维长丝；化学纤维纺织材料制扁条及类似品,427,牙买加,1006370.0
202607,54,第54章  化学纤维长丝；化学纤维纺织材料制扁条及类似品,429,墨西哥,301315991.0
202607,54,第54章  化学纤维长丝；化学纤维纺织材料制扁条及类似品,431,尼加拉瓜,5032945.0
202607,54,第54章  化学纤维长丝；化学纤维纺织材料制扁条及类似品,435,波多黎各,138091.0
202607,54,第54章  化学纤维长丝；化学纤维纺织材料制扁条及类似品,442,特立尼达和多巴哥,2740108.0
202607,54,第54章  化学纤维长丝；化学纤维纺织材料制扁条及类似品,444,乌拉圭,5909363.0
202607,54,第54章  化学纤维长丝；化学纤维纺织材料制扁条及类似品,501,加拿大,49537850.0
202607,54,第54章  化学纤维长丝；化学纤维纺织材料制扁条及类似品,614,汤加,76928.0
202607,54,第54章  化学纤维长丝；化学纤维纺织材料制扁条及类似品,617,萨摩亚,761633.0
202607,54,第54章  化学纤维长丝；化学纤维纺织材料制扁条及类似品,621,马绍尔群岛,3027.0
202607,55,第55章  化学纤维短纤,108,塞浦路斯,336.0
202607,55,第55章  化学纤维短纤,109,朝鲜,30004752.0
202607,55,第55章  化学纤维短纤,118,科威特,6011482.0
202607,55,第55章  化学纤维短纤,123,马尔代夫,863739.0
202607,55,第55章  化学纤维短纤,124,蒙古,3674506.0
202607,55,第55章  化学纤维短纤,127,巴基斯坦,263806143.0
202607,55,第55章  化学纤维短纤,129,菲律宾,30368618.0
202607,55,第55章  化学纤维短纤,137,土耳其,169721025.0
202607,55,第55章  化学纤维短纤,138,阿联酋,84244366.0
202607,55,第55章  化学纤维短纤,147,塔吉克斯坦,78352485.0
202607,55,第55章  化学纤维短纤,203,贝宁,11707695.0
202607,55,第55章  化学纤维短纤,209,中非,4405.0
202607,55,第55章  化学纤维短纤,211,乍得,10283308.0
202607,55,第55章  化学纤维短纤,213,刚果共和国,4379343.0
202607,55,第55章  化学纤维短纤,219,冈比亚,13128377.0
202607,55,第55章  化学纤维短纤,220,加纳,63533762.0
202607,55,第55章  化学纤维短纤,224,肯尼亚,113859406.0
202607,55,第55章  化学纤维短纤,227,马达加斯加,15517108.0
202607,55,第55章  化学纤维短纤,233,莫桑比克,7410965.0
202607,55,第55章  化学纤维短纤,235,尼日尔,461024.0
202607,55,第55章  化学纤维短纤,239,圣多美和普林西比,12897.0
202607,55,第55章  化学纤维短纤,244,南非,94424675.0
202607,55,第55章  化学纤维短纤,250,乌干达,5111422.0
202607,55,第55章  化学纤维短纤,252,刚果民主共和国,3837264.0
202607,55,第55章  化学纤维短纤,254,津巴布韦,13427337.0
202607,55,第55章  化学纤维短纤,255,莱索托,514494.0
202607,55,第55章  化学纤维短纤,258,厄立特里亚,196690.0
202607,55,第55章  化学纤维短纤,301,比利时,17219198.0
202607,55,第55章  化学纤维短纤,305,法国,11422847.0
202607,55,第55章  化学纤维短纤,306,爱尔兰,543895.0
202607,55,第55章  化学纤维短纤,307,意大利,126630478.0
202607,55,第55章  化学纤维短纤,309,荷兰,26240407.0
202607,55,第55章  化学纤维短纤,310,希腊,9237765.0
202607,55,第55章  化学纤维短纤,312,西班牙,64681271.0
202607,55,第55章  化学纤维短纤,313,阿尔巴尼亚,2121919.0
202607,55,第55章  化学纤维短纤,315,奥地利,203837.0
202607,55,第55章  化学纤维短纤,316,保加利亚,12107092.0
202607,55,第55章  化学纤维短纤,318,芬兰,2305309.0
202607,55,第55章  化学纤维短纤,321,匈牙利,12259096.0
202607,55,第55章  化学纤维短纤,326,挪威,2813912.0
202607,55,第55章  化学纤维短纤,327,波兰,84178747.0
202607,55,第55章  化学纤维短纤,336,立陶宛,5461004.0
202607,55,第55章  化学纤维短纤,340,白俄罗斯,13713629.0
202607,55,第55章  化学纤维短纤,350,斯洛文尼亚,13558720.0
202607,55,第55章  化学纤维短纤,359,黑山,435676.0
202607,55,第55章  化学纤维短纤,404,巴哈马,6129.0
202607,55,第55章  化学纤维短纤,408,玻利维亚 ,1330949.0
202607,55,第55章  化学纤维短纤,410,巴西,400548098.0
202607,55,第55章  化学纤维短纤,415,哥斯达黎加,2332986.0
202607,55,第55章  化学纤维短纤,427,牙买加,377576.0
202607,55,第55章  化学纤维短纤,429,墨西哥,111381396.0
202607,55,第55章  化学纤维短纤,431,尼加拉瓜,5488841.0
202607,55,第55章  化学纤维短纤,435,波多黎各,482337.0
202607,55,第55章  化学纤维短纤,442,特立尼达和多巴哥,1806495.0
202607,55,第55章  化学纤维短纤,444,乌拉圭,2506081.0
202607,55,第55章  化学纤维短纤,501,加拿大,16939895.0
202607,55,第55章  化学纤维短纤,614,汤加,3362.0
202607,55,第55章  化学纤维短纤,617,萨摩亚,62909.0
202607,56,第56章  絮胎、毡呢及无纺织物；特种纱线；线、绳、索、缆及其制品,108,塞浦路斯,664548.0
202607,56,第56章  絮胎、毡呢及无纺织物；特种纱线；线、绳、索、缆及其制品,109,朝鲜,20559168.0
202607,56,第56章  絮胎、毡呢及无纺织物；特种纱线；线、绳、索、缆及其制品,118,科威特,5530892.0
202607,56,第56章  絮胎、毡呢及无纺织物；特种纱线；线、绳、索、缆及其制品,123,马尔代夫,2760931.0
202607,56,第56章  絮胎、毡呢及无纺织物；特种纱线；线、绳、索、缆及其制品,124,蒙古,5191720.0
202607,56,第56章  絮胎、毡呢及无纺织物；特种纱线；线、绳、索、缆及其制品,127,巴基斯坦,38876994.0
202607,56,第56章  絮胎、毡呢及无纺织物；特种纱线；线、绳、索、缆及其制品,129,菲律宾,84064987.0
202607,56,第56章  絮胎、毡呢及无纺织物；特种纱线；线、绳、索、缆及其制品,137,土耳其,62174066.0
202607,56,第56章  絮胎、毡呢及无纺织物；特种纱线；线、绳、索、缆及其制品,138,阿联酋,46644446.0
202607,56,第56章  絮胎、毡呢及无纺织物；特种纱线；线、绳、索、缆及其制品,147,塔吉克斯坦,11939724.0
202607,56,第56章  絮胎、毡呢及无纺织物；特种纱线；线、绳、索、缆及其制品,203,贝宁,6002729.0
202607,56,第56章  絮胎、毡呢及无纺织物；特种纱线；线、绳、索、缆及其制品,208,佛得角,4849.0
202607,56,第56章  絮胎、毡呢及无纺织物；特种纱线；线、绳、索、缆及其制品,209,中非,13240.0
202607,56,第56章  絮胎、毡呢及无纺织物；特种纱线；线、绳、索、缆及其制品,211,乍得,349814.0
202607,56,第56章  絮胎、毡呢及无纺织物；特种纱线；线、绳、索、缆及其制品,213,刚果共和国,865925.0
202607,56,第56章  絮胎、毡呢及无纺织物；特种纱线；线、绳、索、缆及其制品,219,冈比亚,4145493.0
202607,56,第56章  絮胎、毡呢及无纺织物；特种纱线；线、绳、索、缆及其制品,220,加纳,47865308.0
202607,56,第56章  絮胎、毡呢及无纺织物；特种纱线；线、绳、索、缆及其制品,222,几内亚比绍,91756.0
202607,56,第56章  絮胎、毡呢及无纺织物；特种纱线；线、绳、索、缆及其制品,224,肯尼亚,45741071.0
202607,56,第56章  絮胎、毡呢及无纺织物；特种纱线；线、绳、索、缆及其制品,227,马达加斯加,3698273.0
202607,56,第56章  絮胎、毡呢及无纺织物；特种纱线；线、绳、索、缆及其制品,233,莫桑比克,16648679.0
202607,56,第56章  絮胎、毡呢及无纺织物；特种纱线；线、绳、索、缆及其制品,235,尼日尔,3175476.0
202607,56,第56章  絮胎、毡呢及无纺织物；特种纱线；线、绳、索、缆及其制品,241,塞舌尔,200461.0
202607,56,第56章  絮胎、毡呢及无纺织物；特种纱线；线、绳、索、缆及其制品,244,南非,49713344.0
202607,56,第56章  絮胎、毡呢及无纺织物；特种纱线；线、绳、索、缆及其制品,250,乌干达,4687149.0
202607,56,第56章  絮胎、毡呢及无纺织物；特种纱线；线、绳、索、缆及其制品,252,刚果民主共和国,14156267.0
202607,56,第56章  絮胎、毡呢及无纺织物；特种纱线；线、绳、索、缆及其制品,254,津巴布韦,1850488.0
202607,56,第56章  絮胎、毡呢及无纺织物；特种纱线；线、绳、索、缆及其制品,255,莱索托,395640.0
202607,56,第56章  絮胎、毡呢及无纺织物；特种纱线；线、绳、索、缆及其制品,258,厄立特里亚,34254.0
202607,56,第56章  絮胎、毡呢及无纺织物；特种纱线；线、绳、索、缆及其制品,301,比利时,20149777.0
202607,56,第56章  絮胎、毡呢及无纺织物；特种纱线；线、绳、索、缆及其制品,305,法国,50192004.0
202607,56,第56章  絮胎、毡呢及无纺织物；特种纱线；线、绳、索、缆及其制品,306,爱尔兰,30930726.0
202607,56,第56章  絮胎、毡呢及无纺织物；特种纱线；线、绳、索、缆及其制品,307,意大利,108578149.0
202607,56,第56章  絮胎、毡呢及无纺织物；特种纱线；线、绳、索、缆及其制品,309,荷兰,66010690.0
202607,56,第56章  絮胎、毡呢及无纺织物；特种纱线；线、绳、索、缆及其制品,310,希腊,13730427.0
202607,56,第56章  絮胎、毡呢及无纺织物；特种纱线；线、绳、索、缆及其制品,312,西班牙,59812976.0
202607,56,第56章  絮胎、毡呢及无纺织物；特种纱线；线、绳、索、缆及其制品,313,阿尔巴尼亚,2424782.0
202607,56,第56章  絮胎、毡呢及无纺织物；特种纱线；线、绳、索、缆及其制品,315,奥地利,5669800.0
202607,56,第56章  絮胎、毡呢及无纺织物；特种纱线；线、绳、索、缆及其制品,316,保加利亚,1822872.0
202607,56,第56章  絮胎、毡呢及无纺织物；特种纱线；线、绳、索、缆及其制品,318,芬兰,5637088.0
202607,56,第56章  絮胎、毡呢及无纺织物；特种纱线；线、绳、索、缆及其制品,321,匈牙利,12100319.0
202607,56,第56章  絮胎、毡呢及无纺织物；特种纱线；线、绳、索、缆及其制品,326,挪威,10303716.0
202607,56,第56章  絮胎、毡呢及无纺织物；特种纱线；线、绳、索、缆及其制品,327,波兰,81736242.0
202607,56,第56章  絮胎、毡呢及无纺织物；特种纱线；线、绳、索、缆及其制品,336,立陶宛,4310972.0
202607,56,第56章  絮胎、毡呢及无纺织物；特种纱线；线、绳、索、缆及其制品,340,白俄罗斯,14291166.0
202607,56,第56章  絮胎、毡呢及无纺织物；特种纱线；线、绳、索、缆及其制品,350,斯洛文尼亚,7485562.0
202607,56,第56章  絮胎、毡呢及无纺织物；特种纱线；线、绳、索、缆及其制品,359,黑山,66184.0
202607,56,第56章  絮胎、毡呢及无纺织物；特种纱线；线、绳、索、缆及其制品,404,巴哈马,178075.0
202607,56,第56章  絮胎、毡呢及无纺织物；特种纱线；线、绳、索、缆及其制品,405,巴巴多斯,126724.0
202607,56,第56章  絮胎、毡呢及无纺织物；特种纱线；线、绳、索、缆及其制品,406,伯利兹,326510.0
202607,56,第56章  絮胎、毡呢及无纺织物；特种纱线；线、绳、索、缆及其制品,408,玻利维亚 ,3473774.0
202607,56,第56章  絮胎、毡呢及无纺织物；特种纱线；线、绳、索、缆及其制品,410,巴西,109820577.0
202607,56,第56章  絮胎、毡呢及无纺织物；特种纱线；线、绳、索、缆及其制品,415,哥斯达黎加,13521451.0
202607,56,第56章  絮胎、毡呢及无纺织物；特种纱线；线、绳、索、缆及其制品,422,瓜德罗普,298916.0
202607,56,第56章  絮胎、毡呢及无纺织物；特种纱线；线、绳、索、缆及其制品,427,牙买加,404299.0
202607,56,第56章  絮胎、毡呢及无纺织物；特种纱线；线、绳、索、缆及其制品,429,墨西哥,111991971.0
202607,56,第56章  絮胎、毡呢及无纺织物；特种纱线；线、绳、索、缆及其制品,431,尼加拉瓜,1263127.0
202607,56,第56章  絮胎、毡呢及无纺织物；特种纱线；线、绳、索、缆及其制品,435,波多黎各,859174.0
202607,56,第56章  絮胎、毡呢及无纺织物；特种纱线；线、绳、索、缆及其制品,442,特立尼达和多巴哥,1005067.0
202607,56,第56章  絮胎、毡呢及无纺织物；特种纱线；线、绳、索、缆及其制品,443,特克斯和凯科斯群岛,3167.0
202607,56,第56章  絮胎、毡呢及无纺织物；特种纱线；线、绳、索、缆及其制品,444,乌拉圭,5420723.0
202607,56,第56章  絮胎、毡呢及无纺织物；特种纱线；线、绳、索、缆及其制品,501,加拿大,77589463.0
202607,56,第56章  絮胎、毡呢及无纺织物；特种纱线；线、绳、索、缆及其制品,614,汤加,54592.0
202607,56,第56章  絮胎、毡呢及无纺织物；特种纱线；线、绳、索、缆及其制品,617,萨摩亚,91137.0
202607,56,第56章  絮胎、毡呢及无纺织物；特种纱线；线、绳、索、缆及其制品,621,马绍尔群岛,396995.0
202607,57,第57章  地毯及纺织材料的其他铺地制品,108,塞浦路斯,725276.0
202607,57,第57章  地毯及纺织材料的其他铺地制品,109,朝鲜,2548248.0
202607,57,第57章  地毯及纺织材料的其他铺地制品,118,科威特,2878903.0
202607,57,第57章  地毯及纺织材料的其他铺地制品,123,马尔代夫,471131.0
202607,57,第57章  地毯及纺织材料的其他铺地制品,124,蒙古,5433873.0
202607,57,第57章  地毯及纺织材料的其他铺地制品,127,巴基斯坦,3600997.0
202607,57,第57章  地毯及纺织材料的其他铺地制品,129,菲律宾,30900217.0
202607,57,第57章  地毯及纺织材料的其他铺地制品,137,土耳其,15892290.0
202607,57,第57章  地毯及纺织材料的其他铺地制品,138,阿联酋,37693829.0
202607,57,第57章  地毯及纺织材料的其他铺地制品,147,塔吉克斯坦,4581458.0
202607,57,第57章  地毯及纺织材料的其他铺地制品,203,贝宁,4555399.0
202607,57,第57章  地毯及纺织材料的其他铺地制品,208,佛得角,165469.0
202607,57,第57章  地毯及纺织材料的其他铺地制品,209,中非,34828.0
202607,57,第57章  地毯及纺织材料的其他铺地制品,211,乍得,1773836.0
202607,57,第57章  地毯及纺织材料的其他铺地制品,213,刚果共和国,770086.0
202607,57,第57章  地毯及纺织材料的其他铺地制品,219,冈比亚,116109.0
202607,57,第57章  地毯及纺织材料的其他铺地制品,220,加纳,13880419.0
202607,57,第57章  地毯及纺织材料的其他铺地制品,224,肯尼亚,14536571.0
202607,57,第57章  地毯及纺织材料的其他铺地制品,227,马达加斯加,1367768.0
202607,57,第57章  地毯及纺织材料的其他铺地制品,233,莫桑比克,6733435.0
202607,57,第57章  地毯及纺织材料的其他铺地制品,235,尼日尔,31194.0
202607,57,第57章  地毯及纺织材料的其他铺地制品,241,塞舌尔,234155.0
202607,57,第57章  地毯及纺织材料的其他铺地制品,244,南非,20142850.0
202607,57,第57章  地毯及纺织材料的其他铺地制品,250,乌干达,1513852.0
202607,57,第57章  地毯及纺织材料的其他铺地制品,252,刚果民主共和国,2469200.0
202607,57,第57章  地毯及纺织材料的其他铺地制品,254,津巴布韦,811960.0
202607,57,第57章  地毯及纺织材料的其他铺地制品,255,莱索托,36036.0
202607,57,第57章  地毯及纺织材料的其他铺地制品,258,厄立特里亚,143844.0
202607,57,第57章  地毯及纺织材料的其他铺地制品,301,比利时,11391234.0
202607,57,第57章  地毯及纺织材料的其他铺地制品,305,法国,38371169.0
202607,57,第57章  地毯及纺织材料的其他铺地制品,306,爱尔兰,3924471.0
202607,57,第57章  地毯及纺织材料的其他铺地制品,307,意大利,20718024.0
202607,57,第57章  地毯及纺织材料的其他铺地制品,309,荷兰,53697174.0
202607,57,第57章  地毯及纺织材料的其他铺地制品,310,希腊,17220933.0
202607,57,第57章  地毯及纺织材料的其他铺地制品,312,西班牙,32165530.0
202607,57,第57章  地毯及纺织材料的其他铺地制品,313,阿尔巴尼亚,2661256.0
202607,57,第57章  地毯及纺织材料的其他铺地制品,315,奥地利,2034886.0
202607,57,第57章  地毯及纺织材料的其他铺地制品,316,保加利亚,3234897.0
202607,57,第57章  地毯及纺织材料的其他铺地制品,318,芬兰,1813484.0
202607,57,第57章  地毯及纺织材料的其他铺地制品,321,匈牙利,2089217.0
202607,57,第57章  地毯及纺织材料的其他铺地制品,326,挪威,1666571.0
202607,57,第57章  地毯及纺织材料的其他铺地制品,327,波兰,37688486.0
202607,57,第57章  地毯及纺织材料的其他铺地制品,336,立陶宛,975215.0
202607,57,第57章  地毯及纺织材料的其他铺地制品,340,白俄罗斯,4389945.0
202607,57,第57章  地毯及纺织材料的其他铺地制品,350,斯洛文尼亚,6894397.0
202607,57,第57章  地毯及纺织材料的其他铺地制品,359,黑山,505556.0
202607,57,第57章  地毯及纺织材料的其他铺地制品,404,巴哈马,404643.0
202607,57,第57章  地毯及纺织材料的其他铺地制品,405,巴巴多斯,466445.0
202607,57,第57章  地毯及纺织材料的其他铺地制品,406,伯利兹,2250.0
202607,57,第57章  地毯及纺织材料的其他铺地制品,408,玻利维亚 ,486271.0
202607,57,第57章  地毯及纺织材料的其他铺地制品,410,巴西,52498687.0
202607,57,第57章  地毯及纺织材料的其他铺地制品,415,哥斯达黎加,4215866.0
202607,57,第57章  地毯及纺织材料的其他铺地制品,422,瓜德罗普,30694.0
202607,57,第57章  地毯及纺织材料的其他铺地制品,427,牙买加,3092711.0
202607,57,第57章  地毯及纺织材料的其他铺地制品,429,墨西哥,22370570.0
202607,57,第57章  地毯及纺织材料的其他铺地制品,431,尼加拉瓜,67810.0
202607,57,第57章  地毯及纺织材料的其他铺地制品,435,波多黎各,524055.0
202607,57,第57章  地毯及纺织材料的其他铺地制品,442,特立尼达和多巴哥,5568574.0
202607,57,第57章  地毯及纺织材料的其他铺地制品,443,特克斯和凯科斯群岛,91754.0
202607,57,第57章  地毯及纺织材料的其他铺地制品,444,乌拉圭,3135102.0
202607,57,第57章  地毯及纺织材料的其他铺地制品,501,加拿大,81504262.0
202607,57,第57章  地毯及纺织材料的其他铺地制品,614,汤加,13169.0
202607,57,第57章  地毯及纺织材料的其他铺地制品,617,萨摩亚,33361.0
202607,57,第57章  地毯及纺织材料的其他铺地制品,625,瓦利斯和富图纳 ,1860.0
202607,58,第58章  特种机织物；簇绒织物；花边；装饰毯；装饰带；刺绣品,108,塞浦路斯,83874.0
202607,58,第58章  特种机织物；簇绒织物；花边；装饰毯；装饰带；刺绣品,109,朝鲜,6297199.0
202607,58,第58章  特种机织物；簇绒织物；花边；装饰毯；装饰带；刺绣品,118,科威特,8651214.0
202607,58,第58章  特种机织物；簇绒织物；花边；装饰毯；装饰带；刺绣品,123,马尔代夫,1549558.0
202607,58,第58章  特种机织物；簇绒织物；花边；装饰毯；装饰带；刺绣品,124,蒙古,202791.0
202607,58,第58章  特种机织物；簇绒织物；花边；装饰毯；装饰带；刺绣品,127,巴基斯坦,70551653.0
202607,58,第58章  特种机织物；簇绒织物；花边；装饰毯；装饰带；刺绣品,129,菲律宾,41369696.0
202607,58,第58章  特种机织物；簇绒织物；花边；装饰毯；装饰带；刺绣品,137,土耳其,83529681.0
202607,58,第58章  特种机织物；簇绒织物；花边；装饰毯；装饰带；刺绣品,138,阿联酋,67985611.0
202607,58,第58章  特种机织物；簇绒织物；花边；装饰毯；装饰带；刺绣品,147,塔吉克斯坦,18546600.0
202607,58,第58章  特种机织物；簇绒织物；花边；装饰毯；装饰带；刺绣品,203,贝宁,1765323.0
202607,58,第58章  特种机织物；簇绒织物；花边；装饰毯；装饰带；刺绣品,208,佛得角,1452.0
202607,58,第58章  特种机织物；簇绒织物；花边；装饰毯；装饰带；刺绣品,211,乍得,495620.0
202607,58,第58章  特种机织物；簇绒织物；花边；装饰毯；装饰带；刺绣品,213,刚果共和国,1053879.0
202607,58,第58章  特种机织物；簇绒织物；花边；装饰毯；装饰带；刺绣品,219,冈比亚,7834459.0
202607,58,第58章  特种机织物；簇绒织物；花边；装饰毯；装饰带；刺绣品,220,加纳,20772062.0
202607,58,第58章  特种机织物；簇绒织物；花边；装饰毯；装饰带；刺绣品,224,肯尼亚,21279351.0
202607,58,第58章  特种机织物；簇绒织物；花边；装饰毯；装饰带；刺绣品,227,马达加斯加,5160262.0
202607,58,第58章  特种机织物；簇绒织物；花边；装饰毯；装饰带；刺绣品,233,莫桑比克,3990040.0
202607,58,第58章  特种机织物；簇绒织物；花边；装饰毯；装饰带；刺绣品,241,塞舌尔,9871.0
202607,58,第58章  特种机织物；簇绒织物；花边；装饰毯；装饰带；刺绣品,244,南非,15371988.0
202607,58,第58章  特种机织物；簇绒织物；花边；装饰毯；装饰带；刺绣品,250,乌干达,3843736.0
202607,58,第58章  特种机织物；簇绒织物；花边；装饰毯；装饰带；刺绣品,252,刚果民主共和国,4288447.0
202607,58,第58章  特种机织物；簇绒织物；花边；装饰毯；装饰带；刺绣品,254,津巴布韦,715482.0
202607,58,第58章  特种机织物；簇绒织物；花边；装饰毯；装饰带；刺绣品,255,莱索托,107343.0
202607,58,第58章  特种机织物；簇绒织物；花边；装饰毯；装饰带；刺绣品,258,厄立特里亚,55276.0
202607,58,第58章  特种机织物；簇绒织物；花边；装饰毯；装饰带；刺绣品,301,比利时,12902993.0
202607,58,第58章  特种机织物；簇绒织物；花边；装饰毯；装饰带；刺绣品,305,法国,14806324.0
202607,58,第58章  特种机织物；簇绒织物；花边；装饰毯；装饰带；刺绣品,306,爱尔兰,578492.0
202607,58,第58章  特种机织物；簇绒织物；花边；装饰毯；装饰带；刺绣品,307,意大利,58398293.0
202607,58,第58章  特种机织物；簇绒织物；花边；装饰毯；装饰带；刺绣品,309,荷兰,27532954.0
202607,58,第58章  特种机织物；簇绒织物；花边；装饰毯；装饰带；刺绣品,310,希腊,12405232.0
202607,58,第58章  特种机织物；簇绒织物；花边；装饰毯；装饰带；刺绣品,312,西班牙,33346465.0
202607,58,第58章  特种机织物；簇绒织物；花边；装饰毯；装饰带；刺绣品,313,阿尔巴尼亚,1227176.0
202607,58,第58章  特种机织物；簇绒织物；花边；装饰毯；装饰带；刺绣品,315,奥地利,885856.0
202607,58,第58章  特种机织物；簇绒织物；花边；装饰毯；装饰带；刺绣品,316,保加利亚,661300.0
202607,58,第58章  特种机织物；簇绒织物；花边；装饰毯；装饰带；刺绣品,318,芬兰,866448.0
202607,58,第58章  特种机织物；簇绒织物；花边；装饰毯；装饰带；刺绣品,321,匈牙利,4542346.0
202607,58,第58章  特种机织物；簇绒织物；花边；装饰毯；装饰带；刺绣品,326,挪威,621047.0
202607,58,第58章  特种机织物；簇绒织物；花边；装饰毯；装饰带；刺绣品,327,波兰,83390049.0
202607,58,第58章  特种机织物；簇绒织物；花边；装饰毯；装饰带；刺绣品,336,立陶宛,1925037.0
202607,58,第58章  特种机织物；簇绒织物；花边；装饰毯；装饰带；刺绣品,340,白俄罗斯,5273610.0
202607,58,第58章  特种机织物；簇绒织物；花边；装饰毯；装饰带；刺绣品,350,斯洛文尼亚,9777069.0
202607,58,第58章  特种机织物；簇绒织物；花边；装饰毯；装饰带；刺绣品,404,巴哈马,126.0
202607,58,第58章  特种机织物；簇绒织物；花边；装饰毯；装饰带；刺绣品,406,伯利兹,191508.0
202607,58,第58章  特种机织物；簇绒织物；花边；装饰毯；装饰带；刺绣品,408,玻利维亚 ,3511677.0
202607,58,第58章  特种机织物；簇绒织物；花边；装饰毯；装饰带；刺绣品,410,巴西,90129154.0
202607,58,第58章  特种机织物；簇绒织物；花边；装饰毯；装饰带；刺绣品,415,哥斯达黎加,1110696.0
202607,58,第58章  特种机织物；簇绒织物；花边；装饰毯；装饰带；刺绣品,427,牙买加,791153.0
202607,58,第58章  特种机织物；簇绒织物；花边；装饰毯；装饰带；刺绣品,429,墨西哥,69153271.0
202607,58,第58章  特种机织物；簇绒织物；花边；装饰毯；装饰带；刺绣品,431,尼加拉瓜,2894436.0
202607,58,第58章  特种机织物；簇绒织物；花边；装饰毯；装饰带；刺绣品,435,波多黎各,149498.0
202607,58,第58章  特种机织物；簇绒织物；花边；装饰毯；装饰带；刺绣品,442,特立尼达和多巴哥,1193781.0
202607,58,第58章  特种机织物；簇绒织物；花边；装饰毯；装饰带；刺绣品,443,特克斯和凯科斯群岛,4.0
202607,58,第58章  特种机织物；簇绒织物；花边；装饰毯；装饰带；刺绣品,444,乌拉圭,2483599.0
202607,58,第58章  特种机织物；簇绒织物；花边；装饰毯；装饰带；刺绣品,501,加拿大,23783642.0
202607,58,第58章  特种机织物；簇绒织物；花边；装饰毯；装饰带；刺绣品,614,汤加,24654.0
202607,58,第58章  特种机织物；簇绒织物；花边；装饰毯；装饰带；刺绣品,617,萨摩亚,34553.0
202607,58,第58章  特种机织物；簇绒织物；花边；装饰毯；装饰带；刺绣品,621,马绍尔群岛,389725.0
202607,59,第59章  浸渍、涂布、包覆或层压的纺织物；工业用纺织制品,108,塞浦路斯,882644.0
202607,59,第59章  浸渍、涂布、包覆或层压的纺织物；工业用纺织制品,109,朝鲜,7076587.0
202607,59,第59章  浸渍、涂布、包覆或层压的纺织物；工业用纺织制品,118,科威特,3873087.0
202607,59,第59章  浸渍、涂布、包覆或层压的纺织物；工业用纺织制品,123,马尔代夫,1134133.0
202607,59,第59章  浸渍、涂布、包覆或层压的纺织物；工业用纺织制品,124,蒙古,2740216.0
202607,59,第59章  浸渍、涂布、包覆或层压的纺织物；工业用纺织制品,127,巴基斯坦,74287006.0
202607,59,第59章  浸渍、涂布、包覆或层压的纺织物；工业用纺织制品,129,菲律宾,76136351.0
202607,59,第59章  浸渍、涂布、包覆或层压的纺织物；工业用纺织制品,137,土耳其,125153248.0
202607,59,第59章  浸渍、涂布、包覆或层压的纺织物；工业用纺织制品,138,阿联酋,57174750.0
202607,59,第59章  浸渍、涂布、包覆或层压的纺织物；工业用纺织制品,147,塔吉克斯坦,7454104.0
202607,59,第59章  浸渍、涂布、包覆或层压的纺织物；工业用纺织制品,203,贝宁,3989371.0
202607,59,第59章  浸渍、涂布、包覆或层压的纺织物；工业用纺织制品,208,佛得角,3128.0
202607,59,第59章  浸渍、涂布、包覆或层压的纺织物；工业用纺织制品,209,中非,668.0
202607,59,第59章  浸渍、涂布、包覆或层压的纺织物；工业用纺织制品,211,乍得,414783.0
202607,59,第59章  浸渍、涂布、包覆或层压的纺织物；工业用纺织制品,213,刚果共和国,1726763.0
202607,59,第59章  浸渍、涂布、包覆或层压的纺织物；工业用纺织制品,219,冈比亚,371568.0
202607,59,第59章  浸渍、涂布、包覆或层压的纺织物；工业用纺织制品,220,加纳,31506698.0
202607,59,第59章  浸渍、涂布、包覆或层压的纺织物；工业用纺织制品,224,肯尼亚,33420227.0
202607,59,第59章  浸渍、涂布、包覆或层压的纺织物；工业用纺织制品,227,马达加斯加,10187957.0
202607,59,第59章  浸渍、涂布、包覆或层压的纺织物；工业用纺织制品,233,莫桑比克,7408727.0
202607,59,第59章  浸渍、涂布、包覆或层压的纺织物；工业用纺织制品,239,圣多美和普林西比,39327.0
202607,59,第59章  浸渍、涂布、包覆或层压的纺织物；工业用纺织制品,241,塞舌尔,8266.0
202607,59,第59章  浸渍、涂布、包覆或层压的纺织物；工业用纺织制品,244,南非,62687401.0
202607,59,第59章  浸渍、涂布、包覆或层压的纺织物；工业用纺织制品,250,乌干达,5318332.0
202607,59,第59章  浸渍、涂布、包覆或层压的纺织物；工业用纺织制品,252,刚果民主共和国,5233395.0
202607,59,第59章  浸渍、涂布、包覆或层压的纺织物；工业用纺织制品,254,津巴布韦,1464757.0
202607,59,第59章  浸渍、涂布、包覆或层压的纺织物；工业用纺织制品,255,莱索托,10359.0
202607,59,第59章  浸渍、涂布、包覆或层压的纺织物；工业用纺织制品,258,厄立特里亚,19821.0
202607,59,第59章  浸渍、涂布、包覆或层压的纺织物；工业用纺织制品,301,比利时,10916900.0
202607,59,第59章  浸渍、涂布、包覆或层压的纺织物；工业用纺织制品,305,法国,29268439.0
202607,59,第59章  浸渍、涂布、包覆或层压的纺织物；工业用纺织制品,306,爱尔兰,2987189.0
202607,59,第59章  浸渍、涂布、包覆或层压的纺织物；工业用纺织制品,307,意大利,94508346.0
202607,59,第59章  浸渍、涂布、包覆或层压的纺织物；工业用纺织制品,309,荷兰,67727033.0
202607,59,第59章  浸渍、涂布、包覆或层压的纺织物；工业用纺织制品,310,希腊,11833305.0
202607,59,第59章  浸渍、涂布、包覆或层压的纺织物；工业用纺织制品,312,西班牙,55194146.0
202607,59,第59章  浸渍、涂布、包覆或层压的纺织物；工业用纺织制品,313,阿尔巴尼亚,2274556.0
202607,59,第59章  浸渍、涂布、包覆或层压的纺织物；工业用纺织制品,315,奥地利,2454351.0
202607,59,第59章  浸渍、涂布、包覆或层压的纺织物；工业用纺织制品,316,保加利亚,3103141.0
202607,59,第59章  浸渍、涂布、包覆或层压的纺织物；工业用纺织制品,318,芬兰,4111487.0
202607,59,第59章  浸渍、涂布、包覆或层压的纺织物；工业用纺织制品,321,匈牙利,7765045.0
202607,59,第59章  浸渍、涂布、包覆或层压的纺织物；工业用纺织制品,326,挪威,916614.0
202607,59,第59章  浸渍、涂布、包覆或层压的纺织物；工业用纺织制品,327,波兰,103924270.0
202607,59,第59章  浸渍、涂布、包覆或层压的纺织物；工业用纺织制品,336,立陶宛,2245132.0
202607,59,第59章  浸渍、涂布、包覆或层压的纺织物；工业用纺织制品,340,白俄罗斯,10693066.0
202607,59,第59章  浸渍、涂布、包覆或层压的纺织物；工业用纺织制品,350,斯洛文尼亚,9673584.0
202607,59,第59章  浸渍、涂布、包覆或层压的纺织物；工业用纺织制品,359,黑山,140504.0
202607,59,第59章  浸渍、涂布、包覆或层压的纺织物；工业用纺织制品,404,巴哈马,82604.0
202607,59,第59章  浸渍、涂布、包覆或层压的纺织物；工业用纺织制品,405,巴巴多斯,90599.0
202607,59,第59章  浸渍、涂布、包覆或层压的纺织物；工业用纺织制品,408,玻利维亚 ,1518334.0
202607,59,第59章  浸渍、涂布、包覆或层压的纺织物；工业用纺织制品,410,巴西,156204347.0
202607,59,第59章  浸渍、涂布、包覆或层压的纺织物；工业用纺织制品,415,哥斯达黎加,5894010.0
202607,59,第59章  浸渍、涂布、包覆或层压的纺织物；工业用纺织制品,422,瓜德罗普,14741.0
202607,59,第59章  浸渍、涂布、包覆或层压的纺织物；工业用纺织制品,427,牙买加,771899.0
202607,59,第59章  浸渍、涂布、包覆或层压的纺织物；工业用纺织制品,429,墨西哥,162147197.0
202607,59,第59章  浸渍、涂布、包覆或层压的纺织物；工业用纺织制品,431,尼加拉瓜,1448242.0
202607,59,第59章  浸渍、涂布、包覆或层压的纺织物；工业用纺织制品,435,波多黎各,840395.0
202607,59,第59章  浸渍、涂布、包覆或层压的纺织物；工业用纺织制品,442,特立尼达和多巴哥,1850084.0
202607,59,第59章  浸渍、涂布、包覆或层压的纺织物；工业用纺织制品,443,特克斯和凯科斯群岛,6851.0
202607,59,第59章  浸渍、涂布、包覆或层压的纺织物；工业用纺织制品,444,乌拉圭,2756559.0
202607,59,第59章  浸渍、涂布、包覆或层压的纺织物；工业用纺织制品,501,加拿大,51663901.0
202607,59,第59章  浸渍、涂布、包覆或层压的纺织物；工业用纺织制品,614,汤加,2307.0
202607,59,第59章  浸渍、涂布、包覆或层压的纺织物；工业用纺织制品,617,萨摩亚,17361.0
202607,59,第59章  浸渍、涂布、包覆或层压的纺织物；工业用纺织制品,621,马绍尔群岛,5049.0
202607,60,第60章  针织物及钩编织物,108,塞浦路斯,94.0
202607,60,第60章  针织物及钩编织物,109,朝鲜,38993883.0
202607,60,第60章  针织物及钩编织物,118,科威特,15101893.0
202607,60,第60章  针织物及钩编织物,123,马尔代夫,1768005.0
202607,60,第60章  针织物及钩编织物,124,蒙古,4480.0
202607,60,第60章  针织物及钩编织物,127,巴基斯坦,203040976.0
202607,60,第60章  针织物及钩编织物,129,菲律宾,294177707.0
202607,60,第60章  针织物及钩编织物,137,土耳其,186306884.0
202607,60,第60章  针织物及钩编织物,138,阿联酋,150654421.0
202607,60,第60章  针织物及钩编织物,147,塔吉克斯坦,29335477.0
202607,60,第60章  针织物及钩编织物,203,贝宁,1633527.0
202607,60,第60章  针织物及钩编织物,208,佛得角,45724.0
202607,60,第60章  针织物及钩编织物,211,乍得,434615.0
202607,60,第60章  针织物及钩编织物,213,刚果共和国,3082945.0
202607,60,第60章  针织物及钩编织物,219,冈比亚,756510.0
202607,60,第60章  针织物及钩编织物,220,加纳,42136632.0
202607,60,第60章  针织物及钩编织物,224,肯尼亚,138237048.0
202607,60,第60章  针织物及钩编织物,227,马达加斯加,28452212.0
202607,60,第60章  针织物及钩编织物,233,莫桑比克,9929919.0
202607,60,第60章  针织物及钩编织物,235,尼日尔,870980.0
202607,60,第60章  针织物及钩编织物,244,南非,118823770.0
202607,60,第60章  针织物及钩编织物,250,乌干达,4405298.0
202607,60,第60章  针织物及钩编织物,252,刚果民主共和国,4001407.0
202607,60,第60章  针织物及钩编织物,254,津巴布韦,4682733.0
202607,60,第60章  针织物及钩编织物,255,莱索托,7163849.0
202607,60,第60章  针织物及钩编织物,258,厄立特里亚,31527.0
202607,60,第60章  针织物及钩编织物,301,比利时,6567876.0
202607,60,第60章  针织物及钩编织物,305,法国,37552583.0
202607,60,第60章  针织物及钩编织物,306,爱尔兰,216796.0
202607,60,第60章  针织物及钩编织物,307,意大利,197786706.0
202607,60,第60章  针织物及钩编织物,309,荷兰,44853884.0
202607,60,第60章  针织物及钩编织物,310,希腊,26043616.0
202607,60,第60章  针织物及钩编织物,312,西班牙,43392379.0
202607,60,第60章  针织物及钩编织物,313,阿尔巴尼亚,12072682.0
202607,60,第60章  针织物及钩编织物,315,奥地利,689310.0
202607,60,第60章  针织物及钩编织物,316,保加利亚,5990178.0
202607,60,第60章  针织物及钩编织物,318,芬兰,406128.0
202607,60,第60章  针织物及钩编织物,321,匈牙利,3216480.0
202607,60,第60章  针织物及钩编织物,326,挪威,550948.0
202607,60,第60章  针织物及钩编织物,327,波兰,134958101.0
202607,60,第60章  针织物及钩编织物,336,立陶宛,3475855.0
202607,60,第60章  针织物及钩编织物,340,白俄罗斯,19978153.0
202607,60,第60章  针织物及钩编织物,350,斯洛文尼亚,12842015.0
202607,60,第60章  针织物及钩编织物,408,玻利维亚 ,817476.0
202607,60,第60章  针织物及钩编织物,410,巴西,284041138.0
202607,60,第60章  针织物及钩编织物,415,哥斯达黎加,9246926.0
202607,60,第60章  针织物及钩编织物,427,牙买加,382477.0
202607,60,第60章  针织物及钩编织物,429,墨西哥,319686166.0
202607,60,第60章  针织物及钩编织物,431,尼加拉瓜,20656888.0
202607,60,第60章  针织物及钩编织物,435,波多黎各,717269.0
202607,60,第60章  针织物及钩编织物,442,特立尼达和多巴哥,1542654.0
202607,60,第60章  针织物及钩编织物,443,特克斯和凯科斯群岛,2.0
202607,60,第60章  针织物及钩编织物,444,乌拉圭,2573757.0
202607,60,第60章  针织物及钩编织物,501,加拿大,24195009.0
202607,60,第60章  针织物及钩编织物,617,萨摩亚,14707.0
202607,61,第61章  针织或钩编的服装及衣着附件,108,塞浦路斯,7337636.0
202607,61,第61章  针织或钩编的服装及衣着附件,109,朝鲜,22699856.0
202607,61,第61章  针织或钩编的服装及衣着附件,118,科威特,58614305.0
202607,61,第61章  针织或钩编的服装及衣着附件,123,马尔代夫,3561197.0
202607,61,第61章  针织或钩编的服装及衣着附件,124,蒙古,6789141.0
202607,61,第61章  针织或钩编的服装及衣着附件,127,巴基斯坦,76849062.0
202607,61,第61章  针织或钩编的服装及衣着附件,129,菲律宾,648214970.0
202607,61,第61章  针织或钩编的服装及衣着附件,137,土耳其,253613899.0
202607,61,第61章  针织或钩编的服装及衣着附件,138,阿联酋,549025789.0
202607,61,第61章  针织或钩编的服装及衣着附件,147,塔吉克斯坦,148143207.0
202607,61,第61章  针织或钩编的服装及衣着附件,203,贝宁,24463541.0
202607,61,第61章  针织或钩编的服装及衣着附件,207,加那利群岛,49457.0
202607,61,第61章  针织或钩编的服装及衣着附件,208,佛得角,1238960.0
202607,61,第61章  针织或钩编的服装及衣着附件,209,中非,84640.0
202607,61,第61章  针织或钩编的服装及衣着附件,211,乍得,2405256.0
202607,61,第61章  针织或钩编的服装及衣着附件,213,刚果共和国,40728270.0
202607,61,第61章  针织或钩编的服装及衣着附件,219,冈比亚,1377847.0
202607,61,第61章  针织或钩编的服装及衣着附件,220,加纳,157209131.0
202607,61,第61章  针织或钩编的服装及衣着附件,222,几内亚比绍,699021.0
202607,61,第61章  针织或钩编的服装及衣着附件,224,肯尼亚,284763369.0
202607,61,第61章  针织或钩编的服装及衣着附件,227,马达加斯加,53310186.0
202607,61,第61章  针织或钩编的服装及衣着附件,233,莫桑比克,92261896.0
202607,61,第61章  针织或钩编的服装及衣着附件,235,尼日尔,337103.0
202607,61,第61章  针织或钩编的服装及衣着附件,239,圣多美和普林西比,1491663.0
202607,61,第61章  针织或钩编的服装及衣着附件,241,塞舌尔,3000504.0
202607,61,第61章  针织或钩编的服装及衣着附件,244,南非,340936138.0
202607,61,第61章  针织或钩编的服装及衣着附件,250,乌干达,4728742.0
202607,61,第61章  针织或钩编的服装及衣着附件,252,刚果民主共和国,55961372.0
202607,61,第61章  针织或钩编的服装及衣着附件,254,津巴布韦,3082807.0
202607,61,第61章  针织或钩编的服装及衣着附件,255,莱索托,342958.0
202607,61,第61章  针织或钩编的服装及衣着附件,258,厄立特里亚,335831.0
202607,61,第61章  针织或钩编的服装及衣着附件,301,比利时,320776100.0
202607,61,第61章  针织或钩编的服装及衣着附件,305,法国,1757705826.0
202607,61,第61章  针织或钩编的服装及衣着附件,306,爱尔兰,173856752.0
202607,61,第61章  针织或钩编的服装及衣着附件,307,意大利,1214669498.0
202607,61,第61章  针织或钩编的服装及衣着附件,309,荷兰,2307002291.0
202607,61,第61章  针织或钩编的服装及衣着附件,310,希腊,127189379.0
202607,61,第61章  针织或钩编的服装及衣着附件,312,西班牙,2190379441.0
202607,61,第61章  针织或钩编的服装及衣着附件,313,阿尔巴尼亚,39085923.0
202607,61,第61章  针织或钩编的服装及衣着附件,315,奥地利,50505279.0
202607,61,第61章  针织或钩编的服装及衣着附件,316,保加利亚,25676715.0
202607,61,第61章  针织或钩编的服装及衣着附件,318,芬兰,73395297.0
202607,61,第61章  针织或钩编的服装及衣着附件,320,直布罗陀,12018.0
202607,61,第61章  针织或钩编的服装及衣着附件,321,匈牙利,90040912.0
202607,61,第61章  针织或钩编的服装及衣着附件,326,挪威,156506738.0
202607,61,第61章  针织或钩编的服装及衣着附件,327,波兰,1183955869.0
202607,61,第61章  针织或钩编的服装及衣着附件,336,立陶宛,21417782.0
202607,61,第61章  针织或钩编的服装及衣着附件,340,白俄罗斯,22720477.0
202607,61,第61章  针织或钩编的服装及衣着附件,350,斯洛文尼亚,82216695.0
202607,61,第61章  针织或钩编的服装及衣着附件,359,黑山,1374824.0
202607,61,第61章  针织或钩编的服装及衣着附件,404,巴哈马,1497946.0
202607,61,第61章  针织或钩编的服装及衣着附件,405,巴巴多斯,887219.0
202607,61,第61章  针织或钩编的服装及衣着附件,406,伯利兹,4112625.0
202607,61,第61章  针织或钩编的服装及衣着附件,408,玻利维亚 ,990360.0
202607,61,第61章  针织或钩编的服装及衣着附件,410,巴西,595439449.0
202607,61,第61章  针织或钩编的服装及衣着附件,415,哥斯达黎加,37004175.0
202607,61,第61章  针织或钩编的服装及衣着附件,422,瓜德罗普,36095.0
202607,61,第61章  针织或钩编的服装及衣着附件,427,牙买加,19574571.0
202607,61,第61章  针织或钩编的服装及衣着附件,429,墨西哥,959818334.0
202607,61,第61章  针织或钩编的服装及衣着附件,431,尼加拉瓜,17865810.0
202607,61,第61章  针织或钩编的服装及衣着附件,435,波多黎各,2931375.0
202607,61,第61章  针织或钩编的服装及衣着附件,442,特立尼达和多巴哥,7858397.0
202607,61,第61章  针织或钩编的服装及衣着附件,443,特克斯和凯科斯群岛,63186.0
202607,61,第61章  针织或钩编的服装及衣着附件,444,乌拉圭,53496850.0
202607,61,第61章  针织或钩编的服装及衣着附件,446,英属维尔京群岛,20939.0
202607,61,第61章  针织或钩编的服装及衣着附件,501,加拿大,1344164667.0
202607,61,第61章  针织或钩编的服装及衣着附件,614,汤加,432569.0
202607,61,第61章  针织或钩编的服装及衣着附件,617,萨摩亚,701035.0
202607,61,第61章  针织或钩编的服装及衣着附件,621,马绍尔群岛,281911.0
202607,62,第62章  非针织或非钩编的服装及衣着附件,108,塞浦路斯,6993814.0
202607,62,第62章  非针织或非钩编的服装及衣着附件,109,朝鲜,9742903.0
202607,62,第62章  非针织或非钩编的服装及衣着附件,118,科威特,34395179.0
202607,62,第62章  非针织或非钩编的服装及衣着附件,123,马尔代夫,2660234.0
202607,62,第62章  非针织或非钩编的服装及衣着附件,124,蒙古,4263108.0
202607,62,第62章  非针织或非钩编的服装及衣着附件,127,巴基斯坦,59068009.0
202607,62,第62章  非针织或非钩编的服装及衣着附件,129,菲律宾,437509460.0
202607,62,第62章  非针织或非钩编的服装及衣着附件,137,土耳其,275357791.0
202607,62,第62章  非针织或非钩编的服装及衣着附件,138,阿联酋,388494319.0
202607,62,第62章  非针织或非钩编的服装及衣着附件,147,塔吉克斯坦,157173189.0
202607,62,第62章  非针织或非钩编的服装及衣着附件,203,贝宁,21898314.0
202607,62,第62章  非针织或非钩编的服装及衣着附件,207,加那利群岛,174344.0
202607,62,第62章  非针织或非钩编的服装及衣着附件,208,佛得角,867266.0
202607,62,第62章  非针织或非钩编的服装及衣着附件,209,中非,48055.0
202607,62,第62章  非针织或非钩编的服装及衣着附件,211,乍得,1374103.0
202607,62,第62章  非针织或非钩编的服装及衣着附件,213,刚果共和国,114000853.0
202607,62,第62章  非针织或非钩编的服装及衣着附件,219,冈比亚,1226904.0
202607,62,第62章  非针织或非钩编的服装及衣着附件,220,加纳,163196393.0
202607,62,第62章  非针织或非钩编的服装及衣着附件,222,几内亚比绍,56496.0
202607,62,第62章  非针织或非钩编的服装及衣着附件,224,肯尼亚,353470072.0
202607,62,第62章  非针织或非钩编的服装及衣着附件,227,马达加斯加,22028140.0
202607,62,第62章  非针织或非钩编的服装及衣着附件,233,莫桑比克,56808595.0
202607,62,第62章  非针织或非钩编的服装及衣着附件,235,尼日尔,465754.0
202607,62,第62章  非针织或非钩编的服装及衣着附件,239,圣多美和普林西比,68738.0
202607,62,第62章  非针织或非钩编的服装及衣着附件,241,塞舌尔,1416146.0
202607,62,第62章  非针织或非钩编的服装及衣着附件,244,南非,281983635.0
202607,62,第62章  非针织或非钩编的服装及衣着附件,250,乌干达,7633741.0
202607,62,第62章  非针织或非钩编的服装及衣着附件,252,刚果民主共和国,37089006.0
202607,62,第62章  非针织或非钩编的服装及衣着附件,254,津巴布韦,2646583.0
202607,62,第62章  非针织或非钩编的服装及衣着附件,255,莱索托,209286.0
202607,62,第62章  非针织或非钩编的服装及衣着附件,258,厄立特里亚,1146454.0
202607,62,第62章  非针织或非钩编的服装及衣着附件,301,比利时,272892715.0
202607,62,第62章  非针织或非钩编的服装及衣着附件,305,法国,1452822165.0
202607,62,第62章  非针织或非钩编的服装及衣着附件,306,爱尔兰,64596745.0
202607,62,第62章  非针织或非钩编的服装及衣着附件,307,意大利,1189149956.0
202607,62,第62章  非针织或非钩编的服装及衣着附件,309,荷兰,1904157238.0
202607,62,第62章  非针织或非钩编的服装及衣着附件,310,希腊,99524582.0
202607,62,第62章  非针织或非钩编的服装及衣着附件,312,西班牙,1572762633.0
202607,62,第62章  非针织或非钩编的服装及衣着附件,313,阿尔巴尼亚,15942249.0
202607,62,第62章  非针织或非钩编的服装及衣着附件,315,奥地利,40654089.0
202607,62,第62章  非针织或非钩编的服装及衣着附件,316,保加利亚,25665916.0
202607,62,第62章  非针织或非钩编的服装及衣着附件,318,芬兰,126472586.0
202607,62,第62章  非针织或非钩编的服装及衣着附件,320,直布罗陀,15388.0
202607,62,第62章  非针织或非钩编的服装及衣着附件,321,匈牙利,45518471.0
202607,62,第62章  非针织或非钩编的服装及衣着附件,326,挪威,164326963.0
202607,62,第62章  非针织或非钩编的服装及衣着附件,327,波兰,937417819.0
202607,62,第62章  非针织或非钩编的服装及衣着附件,336,立陶宛,24314422.0
202607,62,第62章  非针织或非钩编的服装及衣着附件,340,白俄罗斯,21360681.0
202607,62,第62章  非针织或非钩编的服装及衣着附件,350,斯洛文尼亚,76937421.0
202607,62,第62章  非针织或非钩编的服装及衣着附件,357,法罗群岛,463.0
202607,62,第62章  非针织或非钩编的服装及衣着附件,359,黑山,1008133.0
202607,62,第62章  非针织或非钩编的服装及衣着附件,404,巴哈马,616697.0
202607,62,第62章  非针织或非钩编的服装及衣着附件,405,巴巴多斯,427813.0
202607,62,第62章  非针织或非钩编的服装及衣着附件,406,伯利兹,875368.0
202607,62,第62章  非针织或非钩编的服装及衣着附件,408,玻利维亚 ,200675.0
202607,62,第62章  非针织或非钩编的服装及衣着附件,410,巴西,383591690.0
202607,62,第62章  非针织或非钩编的服装及衣着附件,415,哥斯达黎加,24564794.0
202607,62,第62章  非针织或非钩编的服装及衣着附件,422,瓜德罗普,32060.0
202607,62,第62章  非针织或非钩编的服装及衣着附件,427,牙买加,22989085.0
202607,62,第62章  非针织或非钩编的服装及衣着附件,429,墨西哥,586617683.0
202607,62,第62章  非针织或非钩编的服装及衣着附件,431,尼加拉瓜,5115576.0
202607,62,第62章  非针织或非钩编的服装及衣着附件,435,波多黎各,2797937.0
202607,62,第62章  非针织或非钩编的服装及衣着附件,442,特立尼达和多巴哥,6420826.0
202607,62,第62章  非针织或非钩编的服装及衣着附件,443,特克斯和凯科斯群岛,31895.0
202607,62,第62章  非针织或非钩编的服装及衣着附件,444,乌拉圭,58539018.0
202607,62,第62章  非针织或非钩编的服装及衣着附件,446,英属维尔京群岛,3344.0
202607,62,第62章  非针织或非钩编的服装及衣着附件,501,加拿大,895178525.0
202607,62,第62章  非针织或非钩编的服装及衣着附件,503,格陵兰,49038.0
202607,62,第62章  非针织或非钩编的服装及衣着附件,614,汤加,273638.0
202607,62,第62章  非针织或非钩编的服装及衣着附件,617,萨摩亚,897321.0
202607,62,第62章  非针织或非钩编的服装及衣着附件,621,马绍尔群岛,452970.0
202607,63,第63章  其他纺织制成品；成套物品；旧衣着及旧纺织品；碎织物,108,塞浦路斯,5600469.0
202607,63,第63章  其他纺织制成品；成套物品；旧衣着及旧纺织品；碎织物,109,朝鲜,21647150.0
202607,63,第63章  其他纺织制成品；成套物品；旧衣着及旧纺织品；碎织物,118,科威特,15976462.0
202607,63,第63章  其他纺织制成品；成套物品；旧衣着及旧纺织品；碎织物,123,马尔代夫,7211517.0
202607,63,第63章  其他纺织制成品；成套物品；旧衣着及旧纺织品；碎织物,124,蒙古,10345346.0
202607,63,第63章  其他纺织制成品；成套物品；旧衣着及旧纺织品；碎织物,127,巴基斯坦,12184589.0
202607,63,第63章  其他纺织制成品；成套物品；旧衣着及旧纺织品；碎织物,129,菲律宾,292752281.0
202607,63,第63章  其他纺织制成品；成套物品；旧衣着及旧纺织品；碎织物,137,土耳其,47086640.0
202607,63,第63章  其他纺织制成品；成套物品；旧衣着及旧纺织品；碎织物,138,阿联酋,99719786.0
202607,63,第63章  其他纺织制成品；成套物品；旧衣着及旧纺织品；碎织物,147,塔吉克斯坦,56343214.0
202607,63,第63章  其他纺织制成品；成套物品；旧衣着及旧纺织品；碎织物,203,贝宁,22506828.0
202607,63,第63章  其他纺织制成品；成套物品；旧衣着及旧纺织品；碎织物,207,加那利群岛,57919.0
202607,63,第63章  其他纺织制成品；成套物品；旧衣着及旧纺织品；碎织物,208,佛得角,1402621.0
202607,63,第63章  其他纺织制成品；成套物品；旧衣着及旧纺织品；碎织物,209,中非,13366.0
202607,63,第63章  其他纺织制成品；成套物品；旧衣着及旧纺织品；碎织物,211,乍得,15671850.0
202607,63,第63章  其他纺织制成品；成套物品；旧衣着及旧纺织品；碎织物,213,刚果共和国,6082136.0
202607,63,第63章  其他纺织制成品；成套物品；旧衣着及旧纺织品；碎织物,219,冈比亚,2772810.0
202607,63,第63章  其他纺织制成品；成套物品；旧衣着及旧纺织品；碎织物,220,加纳,87242109.0
202607,63,第63章  其他纺织制成品；成套物品；旧衣着及旧纺织品；碎织物,222,几内亚比绍,193467.0
202607,63,第63章  其他纺织制成品；成套物品；旧衣着及旧纺织品；碎织物,224,肯尼亚,96034635.0
202607,63,第63章  其他纺织制成品；成套物品；旧衣着及旧纺织品；碎织物,227,马达加斯加,8333071.0
202607,63,第63章  其他纺织制成品；成套物品；旧衣着及旧纺织品；碎织物,233,莫桑比克,42125216.0
202607,63,第63章  其他纺织制成品；成套物品；旧衣着及旧纺织品；碎织物,235,尼日尔,230117.0
202607,63,第63章  其他纺织制成品；成套物品；旧衣着及旧纺织品；碎织物,239,圣多美和普林西比,33858.0
202607,63,第63章  其他纺织制成品；成套物品；旧衣着及旧纺织品；碎织物,241,塞舌尔,774221.0
202607,63,第63章  其他纺织制成品；成套物品；旧衣着及旧纺织品；碎织物,244,南非,91884668.0
202607,63,第63章  其他纺织制成品；成套物品；旧衣着及旧纺织品；碎织物,250,乌干达,10687933.0
202607,63,第63章  其他纺织制成品；成套物品；旧衣着及旧纺织品；碎织物,252,刚果民主共和国,29217748.0
202607,63,第63章  其他纺织制成品；成套物品；旧衣着及旧纺织品；碎织物,254,津巴布韦,6162571.0
202607,63,第63章  其他纺织制成品；成套物品；旧衣着及旧纺织品；碎织物,255,莱索托,337036.0
202607,63,第63章  其他纺织制成品；成套物品；旧衣着及旧纺织品；碎织物,258,厄立特里亚,21114067.0
202607,63,第63章  其他纺织制成品；成套物品；旧衣着及旧纺织品；碎织物,301,比利时,96571876.0
202607,63,第63章  其他纺织制成品；成套物品；旧衣着及旧纺织品；碎织物,305,法国,360496744.0
202607,63,第63章  其他纺织制成品；成套物品；旧衣着及旧纺织品；碎织物,306,爱尔兰,39133553.0
202607,63,第63章  其他纺织制成品；成套物品；旧衣着及旧纺织品；碎织物,307,意大利,260838342.0
202607,63,第63章  其他纺织制成品；成套物品；旧衣着及旧纺织品；碎织物,309,荷兰,499730877.0
202607,63,第63章  其他纺织制成品；成套物品；旧衣着及旧纺织品；碎织物,310,希腊,62585667.0
202607,63,第63章  其他纺织制成品；成套物品；旧衣着及旧纺织品；碎织物,312,西班牙,266498350.0
202607,63,第63章  其他纺织制成品；成套物品；旧衣着及旧纺织品；碎织物,313,阿尔巴尼亚,14509953.0
202607,63,第63章  其他纺织制成品；成套物品；旧衣着及旧纺织品；碎织物,315,奥地利,18348346.0
202607,63,第63章  其他纺织制成品；成套物品；旧衣着及旧纺织品；碎织物,316,保加利亚,17874648.0
202607,63,第63章  其他纺织制成品；成套物品；旧衣着及旧纺织品；碎织物,318,芬兰,15761967.0
202607,63,第63章  其他纺织制成品；成套物品；旧衣着及旧纺织品；碎织物,321,匈牙利,21738323.0
202607,63,第63章  其他纺织制成品；成套物品；旧衣着及旧纺织品；碎织物,326,挪威,36252265.0
202607,63,第63章  其他纺织制成品；成套物品；旧衣着及旧纺织品；碎织物,327,波兰,340154901.0
202607,63,第63章  其他纺织制成品；成套物品；旧衣着及旧纺织品；碎织物,336,立陶宛,18132706.0
202607,63,第63章  其他纺织制成品；成套物品；旧衣着及旧纺织品；碎织物,340,白俄罗斯,40801173.0
202607,63,第63章  其他纺织制成品；成套物品；旧衣着及旧纺织品；碎织物,350,斯洛文尼亚,51963203.0
202607,63,第63章  其他纺织制成品；成套物品；旧衣着及旧纺织品；碎织物,359,黑山,1578624.0
202607,63,第63章  其他纺织制成品；成套物品；旧衣着及旧纺织品；碎织物,404,巴哈马,1230632.0
202607,63,第63章  其他纺织制成品；成套物品；旧衣着及旧纺织品；碎织物,405,巴巴多斯,1987637.0
202607,63,第63章  其他纺织制成品；成套物品；旧衣着及旧纺织品；碎织物,406,伯利兹,961189.0
202607,63,第63章  其他纺织制成品；成套物品；旧衣着及旧纺织品；碎织物,408,玻利维亚 ,1205604.0
202607,63,第63章  其他纺织制成品；成套物品；旧衣着及旧纺织品；碎织物,410,巴西,210819393.0
202607,63,第63章  其他纺织制成品；成套物品；旧衣着及旧纺织品；碎织物,415,哥斯达黎加,27585540.0
202607,63,第63章  其他纺织制成品；成套物品；旧衣着及旧纺织品；碎织物,422,瓜德罗普,639488.0
202607,63,第63章  其他纺织制成品；成套物品；旧衣着及旧纺织品；碎织物,427,牙买加,18220321.0
202607,63,第63章  其他纺织制成品；成套物品；旧衣着及旧纺织品；碎织物,429,墨西哥,272335734.0
202607,63,第63章  其他纺织制成品；成套物品；旧衣着及旧纺织品；碎织物,430,蒙特塞拉特,10895.0
202607,63,第63章  其他纺织制成品；成套物品；旧衣着及旧纺织品；碎织物,431,尼加拉瓜,3796940.0
202607,63,第63章  其他纺织制成品；成套物品；旧衣着及旧纺织品；碎织物,435,波多黎各,11271570.0
202607,63,第63章  其他纺织制成品；成套物品；旧衣着及旧纺织品；碎织物,442,特立尼达和多巴哥,14060152.0
202607,63,第63章  其他纺织制成品；成套物品；旧衣着及旧纺织品；碎织物,443,特克斯和凯科斯群岛,481538.0
202607,63,第63章  其他纺织制成品；成套物品；旧衣着及旧纺织品；碎织物,444,乌拉圭,20539350.0
202607,63,第63章  其他纺织制成品；成套物品；旧衣着及旧纺织品；碎织物,446,英属维尔京群岛,1634.0
202607,63,第63章  其他纺织制成品；成套物品；旧衣着及旧纺织品；碎织物,501,加拿大,585662777.0
202607,63,第63章  其他纺织制成品；成套物品；旧衣着及旧纺织品；碎织物,614,汤加,389467.0
202607,63,第63章  其他纺织制成品；成套物品；旧衣着及旧纺织品；碎织物,617,萨摩亚,431848.0
202607,63,第63章  其他纺织制成品；成套物品；旧衣着及旧纺织品；碎织物,621,马绍尔群岛,1171975.0
202607,63,第63章  其他纺织制成品；成套物品；旧衣着及旧纺织品；碎织物,625,瓦利斯和富图纳 ,2952.0
202607,64,第64章  鞋靴、护腿和类似品及其零件,108,塞浦路斯,4209840.0
202607,64,第64章  鞋靴、护腿和类似品及其零件,109,朝鲜,28201315.0
202607,64,第64章  鞋靴、护腿和类似品及其零件,118,科威特,22419637.0
202607,64,第64章  鞋靴、护腿和类似品及其零件,123,马尔代夫,3292105.0
202607,64,第64章  鞋靴、护腿和类似品及其零件,124,蒙古,5672260.0
202607,64,第64章  鞋靴、护腿和类似品及其零件,127,巴基斯坦,66091608.0
202607,64,第64章  鞋靴、护腿和类似品及其零件,129,菲律宾,470271357.0
202607,64,第64章  鞋靴、护腿和类似品及其零件,137,土耳其,176221411.0
202607,64,第64章  鞋靴、护腿和类似品及其零件,138,阿联酋,303157585.0
202607,64,第64章  鞋靴、护腿和类似品及其零件,147,塔吉克斯坦,145796180.0
202607,64,第64章  鞋靴、护腿和类似品及其零件,203,贝宁,44126239.0
202607,64,第64章  鞋靴、护腿和类似品及其零件,208,佛得角,2041425.0
202607,64,第64章  鞋靴、护腿和类似品及其零件,209,中非,3127.0
202607,64,第64章  鞋靴、护腿和类似品及其零件,211,乍得,13611707.0
202607,64,第64章  鞋靴、护腿和类似品及其零件,213,刚果共和国,34190444.0
202607,64,第64章  鞋靴、护腿和类似品及其零件,219,冈比亚,2468353.0
202607,64,第64章  鞋靴、护腿和类似品及其零件,220,加纳,306536145.0
202607,64,第64章  鞋靴、护腿和类似品及其零件,222,几内亚比绍,1219129.0
202607,64,第64章  鞋靴、护腿和类似品及其零件,224,肯尼亚,237525017.0
202607,64,第64章  鞋靴、护腿和类似品及其零件,227,马达加斯加,24954271.0
202607,64,第64章  鞋靴、护腿和类似品及其零件,233,莫桑比克,98465386.0
202607,64,第64章  鞋靴、护腿和类似品及其零件,235,尼日尔,3039350.0
202607,64,第64章  鞋靴、护腿和类似品及其零件,239,圣多美和普林西比,301276.0
202607,64,第64章  鞋靴、护腿和类似品及其零件,241,塞舌尔,869844.0
202607,64,第64章  鞋靴、护腿和类似品及其零件,244,南非,440385711.0
202607,64,第64章  鞋靴、护腿和类似品及其零件,250,乌干达,24565269.0
202607,64,第64章  鞋靴、护腿和类似品及其零件,252,刚果民主共和国,83949133.0
202607,64,第64章  鞋靴、护腿和类似品及其零件,254,津巴布韦,3730210.0
202607,64,第64章  鞋靴、护腿和类似品及其零件,255,莱索托,289069.0
202607,64,第64章  鞋靴、护腿和类似品及其零件,258,厄立特里亚,202388.0
202607,64,第64章  鞋靴、护腿和类似品及其零件,301,比利时,362844901.0
202607,64,第64章  鞋靴、护腿和类似品及其零件,305,法国,513037496.0
202607,64,第64章  鞋靴、护腿和类似品及其零件,306,爱尔兰,31663650.0
202607,64,第64章  鞋靴、护腿和类似品及其零件,307,意大利,741060032.0
202607,64,第64章  鞋靴、护腿和类似品及其零件,309,荷兰,712993883.0
202607,64,第64章  鞋靴、护腿和类似品及其零件,310,希腊,95453280.0
202607,64,第64章  鞋靴、护腿和类似品及其零件,312,西班牙,875523415.0
202607,64,第64章  鞋靴、护腿和类似品及其零件,313,阿尔巴尼亚,31111058.0
202607,64,第64章  鞋靴、护腿和类似品及其零件,315,奥地利,24093989.0
202607,64,第64章  鞋靴、护腿和类似品及其零件,316,保加利亚,26859588.0
202607,64,第64章  鞋靴、护腿和类似品及其零件,318,芬兰,40546842.0
202607,64,第64章  鞋靴、护腿和类似品及其零件,321,匈牙利,39145542.0
202607,64,第64章  鞋靴、护腿和类似品及其零件,326,挪威,43039695.0
202607,64,第64章  鞋靴、护腿和类似品及其零件,327,波兰,685849654.0
202607,64,第64章  鞋靴、护腿和类似品及其零件,336,立陶宛,32153675.0
202607,64,第64章  鞋靴、护腿和类似品及其零件,340,白俄罗斯,187149356.0
202607,64,第64章  鞋靴、护腿和类似品及其零件,350,斯洛文尼亚,94232600.0
202607,64,第64章  鞋靴、护腿和类似品及其零件,359,黑山,1507311.0
202607,64,第64章  鞋靴、护腿和类似品及其零件,404,巴哈马,526025.0
202607,64,第64章  鞋靴、护腿和类似品及其零件,405,巴巴多斯,568363.0
202607,64,第64章  鞋靴、护腿和类似品及其零件,406,伯利兹,4450569.0
202607,64,第64章  鞋靴、护腿和类似品及其零件,408,玻利维亚 ,9107237.0
202607,64,第64章  鞋靴、护腿和类似品及其零件,410,巴西,62106323.0
202607,64,第64章  鞋靴、护腿和类似品及其零件,415,哥斯达黎加,30024558.0
202607,64,第64章  鞋靴、护腿和类似品及其零件,422,瓜德罗普,135235.0
202607,64,第64章  鞋靴、护腿和类似品及其零件,427,牙买加,12980791.0
202607,64,第64章  鞋靴、护腿和类似品及其零件,429,墨西哥,288924591.0
202607,64,第64章  鞋靴、护腿和类似品及其零件,431,尼加拉瓜,8618284.0
202607,64,第64章  鞋靴、护腿和类似品及其零件,435,波多黎各,9215756.0
202607,64,第64章  鞋靴、护腿和类似品及其零件,442,特立尼达和多巴哥,2667961.0
202607,64,第64章  鞋靴、护腿和类似品及其零件,443,特克斯和凯科斯群岛,138965.0
202607,64,第64章  鞋靴、护腿和类似品及其零件,444,乌拉圭,35596218.0
202607,64,第64章  鞋靴、护腿和类似品及其零件,501,加拿大,486834570.0
202607,64,第64章  鞋靴、护腿和类似品及其零件,614,汤加,659529.0
202607,64,第64章  鞋靴、护腿和类似品及其零件,617,萨摩亚,436569.0
202607,64,第64章  鞋靴、护腿和类似品及其零件,621,马绍尔群岛,178195.0
202607,65,第65章  帽类及其零件,108,塞浦路斯,558260.0
202607,65,第65章  帽类及其零件,109,朝鲜,7530518.0
202607,65,第65章  帽类及其零件,118,科威特,1580844.0
202607,65,第65章  帽类及其零件,123,马尔代夫,275297.0
202607,65,第65章  帽类及其零件,124,蒙古,371798.0
202607,65,第65章  帽类及其零件,127,巴基斯坦,6743695.0
202607,65,第65章  帽类及其零件,129,菲律宾,62588070.0
202607,65,第65章  帽类及其零件,137,土耳其,39434962.0
202607,65,第65章  帽类及其零件,138,阿联酋,17753648.0
202607,65,第65章  帽类及其零件,147,塔吉克斯坦,850975.0
202607,65,第65章  帽类及其零件,203,贝宁,3659986.0
202607,65,第65章  帽类及其零件,207,加那利群岛,68.0
202607,65,第65章  帽类及其零件,208,佛得角,63731.0
202607,65,第65章  帽类及其零件,209,中非,13598.0
202607,65,第65章  帽类及其零件,211,乍得,1172879.0
202607,65,第65章  帽类及其零件,213,刚果共和国,1260800.0
202607,65,第65章  帽类及其零件,219,冈比亚,424284.0
202607,65,第65章  帽类及其零件,220,加纳,8470393.0
202607,65,第65章  帽类及其零件,222,几内亚比绍,581.0
202607,65,第65章  帽类及其零件,224,肯尼亚,14447625.0
202607,65,第65章  帽类及其零件,227,马达加斯加,2819513.0
202607,65,第65章  帽类及其零件,233,莫桑比克,5454223.0
202607,65,第65章  帽类及其零件,235,尼日尔,33001.0
202607,65,第65章  帽类及其零件,239,圣多美和普林西比,16453.0
202607,65,第65章  帽类及其零件,241,塞舌尔,102042.0
202607,65,第65章  帽类及其零件,244,南非,55248044.0
202607,65,第65章  帽类及其零件,250,乌干达,1694780.0
202607,65,第65章  帽类及其零件,252,刚果民主共和国,4161096.0
202607,65,第65章  帽类及其零件,254,津巴布韦,427223.0
202607,65,第65章  帽类及其零件,255,莱索托,162216.0
202607,65,第65章  帽类及其零件,258,厄立特里亚,14652.0
202607,65,第65章  帽类及其零件,301,比利时,39390436.0
202607,65,第65章  帽类及其零件,305,法国,130082723.0
202607,65,第65章  帽类及其零件,306,爱尔兰,8061059.0
202607,65,第65章  帽类及其零件,307,意大利,121286546.0
202607,65,第65章  帽类及其零件,309,荷兰,166842821.0
202607,65,第65章  帽类及其零件,310,希腊,17682938.0
202607,65,第65章  帽类及其零件,312,西班牙,112610017.0
202607,65,第65章  帽类及其零件,313,阿尔巴尼亚,852525.0
202607,65,第65章  帽类及其零件,315,奥地利,25965429.0
202607,65,第65章  帽类及其零件,316,保加利亚,966054.0
202607,65,第65章  帽类及其零件,318,芬兰,7605749.0
202607,65,第65章  帽类及其零件,321,匈牙利,3827589.0
202607,65,第65章  帽类及其零件,326,挪威,6296119.0
202607,65,第65章  帽类及其零件,327,波兰,114249301.0
202607,65,第65章  帽类及其零件,336,立陶宛,1260385.0
202607,65,第65章  帽类及其零件,340,白俄罗斯,1552735.0
202607,65,第65章  帽类及其零件,350,斯洛文尼亚,6924747.0
202607,65,第65章  帽类及其零件,359,黑山,413264.0
202607,65,第65章  帽类及其零件,404,巴哈马,874995.0
202607,65,第65章  帽类及其零件,405,巴巴多斯,108228.0
202607,65,第65章  帽类及其零件,406,伯利兹,121249.0
202607,65,第65章  帽类及其零件,408,玻利维亚 ,4040553.0
202607,65,第65章  帽类及其零件,410,巴西,67784095.0
202607,65,第65章  帽类及其零件,415,哥斯达黎加,8192118.0
202607,65,第65章  帽类及其零件,422,瓜德罗普,57283.0
202607,65,第65章  帽类及其零件,427,牙买加,1474048.0
202607,65,第65章  帽类及其零件,429,墨西哥,108662900.0
202607,65,第65章  帽类及其零件,431,尼加拉瓜,4019295.0
202607,65,第65章  帽类及其零件,435,波多黎各,1387630.0
202607,65,第65章  帽类及其零件,442,特立尼达和多巴哥,436495.0
202607,65,第65章  帽类及其零件,443,特克斯和凯科斯群岛,5778.0
202607,65,第65章  帽类及其零件,444,乌拉圭,4642114.0
202607,65,第65章  帽类及其零件,501,加拿大,121032615.0
202607,65,第65章  帽类及其零件,503,格陵兰,1702.0
202607,65,第65章  帽类及其零件,614,汤加,21351.0
202607,65,第65章  帽类及其零件,617,萨摩亚,9995.0
202607,65,第65章  帽类及其零件,621,马绍尔群岛,48516.0
202607,66,第66章  雨伞、阳伞、手杖、鞭子、马鞭及其零件,108,塞浦路斯,673881.0
202607,66,第66章  雨伞、阳伞、手杖、鞭子、马鞭及其零件,109,朝鲜,4209050.0
202607,66,第66章  雨伞、阳伞、手杖、鞭子、马鞭及其零件,118,科威特,439053.0
202607,66,第66章  雨伞、阳伞、手杖、鞭子、马鞭及其零件,123,马尔代夫,83642.0
202607,66,第66章  雨伞、阳伞、手杖、鞭子、马鞭及其零件,124,蒙古,119395.0
202607,66,第66章  雨伞、阳伞、手杖、鞭子、马鞭及其零件,127,巴基斯坦,3991118.0
202607,66,第66章  雨伞、阳伞、手杖、鞭子、马鞭及其零件,129,菲律宾,58043791.0
202607,66,第66章  雨伞、阳伞、手杖、鞭子、马鞭及其零件,137,土耳其,27327293.0
202607,66,第66章  雨伞、阳伞、手杖、鞭子、马鞭及其零件,138,阿联酋,6425457.0
202607,66,第66章  雨伞、阳伞、手杖、鞭子、马鞭及其零件,147,塔吉克斯坦,542657.0
202607,66,第66章  雨伞、阳伞、手杖、鞭子、马鞭及其零件,203,贝宁,2018013.0
202607,66,第66章  雨伞、阳伞、手杖、鞭子、马鞭及其零件,208,佛得角,1062.0
202607,66,第66章  雨伞、阳伞、手杖、鞭子、马鞭及其零件,211,乍得,36312.0
202607,66,第66章  雨伞、阳伞、手杖、鞭子、马鞭及其零件,213,刚果共和国,1029141.0
202607,66,第66章  雨伞、阳伞、手杖、鞭子、马鞭及其零件,219,冈比亚,290112.0
202607,66,第66章  雨伞、阳伞、手杖、鞭子、马鞭及其零件,220,加纳,7593659.0
202607,66,第66章  雨伞、阳伞、手杖、鞭子、马鞭及其零件,222,几内亚比绍,59286.0
202607,66,第66章  雨伞、阳伞、手杖、鞭子、马鞭及其零件,224,肯尼亚,13973401.0
202607,66,第66章  雨伞、阳伞、手杖、鞭子、马鞭及其零件,227,马达加斯加,3095901.0
202607,66,第66章  雨伞、阳伞、手杖、鞭子、马鞭及其零件,233,莫桑比克,16619244.0
202607,66,第66章  雨伞、阳伞、手杖、鞭子、马鞭及其零件,239,圣多美和普林西比,33762.0
202607,66,第66章  雨伞、阳伞、手杖、鞭子、马鞭及其零件,241,塞舌尔,27150.0
202607,66,第66章  雨伞、阳伞、手杖、鞭子、马鞭及其零件,244,南非,14166070.0
202607,66,第66章  雨伞、阳伞、手杖、鞭子、马鞭及其零件,250,乌干达,275476.0
202607,66,第66章  雨伞、阳伞、手杖、鞭子、马鞭及其零件,252,刚果民主共和国,4169754.0
202607,66,第66章  雨伞、阳伞、手杖、鞭子、马鞭及其零件,254,津巴布韦,2615226.0
202607,66,第66章  雨伞、阳伞、手杖、鞭子、马鞭及其零件,255,莱索托,54507.0
202607,66,第66章  雨伞、阳伞、手杖、鞭子、马鞭及其零件,258,厄立特里亚,3480.0
202607,66,第66章  雨伞、阳伞、手杖、鞭子、马鞭及其零件,301,比利时,4453984.0
202607,66,第66章  雨伞、阳伞、手杖、鞭子、马鞭及其零件,305,法国,21972294.0
202607,66,第66章  雨伞、阳伞、手杖、鞭子、马鞭及其零件,306,爱尔兰,1448497.0
202607,66,第66章  雨伞、阳伞、手杖、鞭子、马鞭及其零件,307,意大利,28964758.0
202607,66,第66章  雨伞、阳伞、手杖、鞭子、马鞭及其零件,309,荷兰,31032229.0
202607,66,第66章  雨伞、阳伞、手杖、鞭子、马鞭及其零件,310,希腊,12539239.0
202607,66,第66章  雨伞、阳伞、手杖、鞭子、马鞭及其零件,312,西班牙,36583214.0
202607,66,第66章  雨伞、阳伞、手杖、鞭子、马鞭及其零件,313,阿尔巴尼亚,3002731.0
202607,66,第66章  雨伞、阳伞、手杖、鞭子、马鞭及其零件,315,奥地利,5671655.0
202607,66,第66章  雨伞、阳伞、手杖、鞭子、马鞭及其零件,316,保加利亚,1651923.0
202607,66,第66章  雨伞、阳伞、手杖、鞭子、马鞭及其零件,318,芬兰,1112398.0
202607,66,第66章  雨伞、阳伞、手杖、鞭子、马鞭及其零件,321,匈牙利,2264995.0
202607,66,第66章  雨伞、阳伞、手杖、鞭子、马鞭及其零件,326,挪威,1128993.0
202607,66,第66章  雨伞、阳伞、手杖、鞭子、马鞭及其零件,327,波兰,15178585.0
202607,66,第66章  雨伞、阳伞、手杖、鞭子、马鞭及其零件,336,立陶宛,124415.0
202607,66,第66章  雨伞、阳伞、手杖、鞭子、马鞭及其零件,340,白俄罗斯,4970864.0
202607,66,第66章  雨伞、阳伞、手杖、鞭子、马鞭及其零件,350,斯洛文尼亚,4236823.0
202607,66,第66章  雨伞、阳伞、手杖、鞭子、马鞭及其零件,359,黑山,251235.0
202607,66,第66章  雨伞、阳伞、手杖、鞭子、马鞭及其零件,404,巴哈马,38530.0
202607,66,第66章  雨伞、阳伞、手杖、鞭子、马鞭及其零件,405,巴巴多斯,65800.0
202607,66,第66章  雨伞、阳伞、手杖、鞭子、马鞭及其零件,406,伯利兹,39725.0
202607,66,第66章  雨伞、阳伞、手杖、鞭子、马鞭及其零件,408,玻利维亚 ,52100.0
202607,66,第66章  雨伞、阳伞、手杖、鞭子、马鞭及其零件,410,巴西,53170611.0
202607,66,第66章  雨伞、阳伞、手杖、鞭子、马鞭及其零件,415,哥斯达黎加,2598938.0
202607,66,第66章  雨伞、阳伞、手杖、鞭子、马鞭及其零件,422,瓜德罗普,1279.0
202607,66,第66章  雨伞、阳伞、手杖、鞭子、马鞭及其零件,427,牙买加,1801342.0
202607,66,第66章  雨伞、阳伞、手杖、鞭子、马鞭及其零件,429,墨西哥,16086244.0
202607,66,第66章  雨伞、阳伞、手杖、鞭子、马鞭及其零件,431,尼加拉瓜,369559.0
202607,66,第66章  雨伞、阳伞、手杖、鞭子、马鞭及其零件,435,波多黎各,336742.0
202607,66,第66章  雨伞、阳伞、手杖、鞭子、马鞭及其零件,442,特立尼达和多巴哥,352004.0
202607,66,第66章  雨伞、阳伞、手杖、鞭子、马鞭及其零件,443,特克斯和凯科斯群岛,65687.0
202607,66,第66章  雨伞、阳伞、手杖、鞭子、马鞭及其零件,444,乌拉圭,3388502.0
202607,66,第66章  雨伞、阳伞、手杖、鞭子、马鞭及其零件,501,加拿大,11049123.0
202607,66,第66章  雨伞、阳伞、手杖、鞭子、马鞭及其零件,614,汤加,7794.0
202607,66,第66章  雨伞、阳伞、手杖、鞭子、马鞭及其零件,617,萨摩亚,45090.0
202607,67,第67章  已加工羽毛、羽绒及其制品；人造花；人发制品,108,塞浦路斯,752002.0
202607,67,第67章  已加工羽毛、羽绒及其制品；人造花；人发制品,109,朝鲜,96181760.0
202607,67,第67章  已加工羽毛、羽绒及其制品；人造花；人发制品,118,科威特,4592479.0
202607,67,第67章  已加工羽毛、羽绒及其制品；人造花；人发制品,123,马尔代夫,5522026.0
202607,67,第67章  已加工羽毛、羽绒及其制品；人造花；人发制品,124,蒙古,307445.0
202607,67,第67章  已加工羽毛、羽绒及其制品；人造花；人发制品,127,巴基斯坦,2646679.0
202607,67,第67章  已加工羽毛、羽绒及其制品；人造花；人发制品,129,菲律宾,28117271.0
202607,67,第67章  已加工羽毛、羽绒及其制品；人造花；人发制品,137,土耳其,47323032.0
202607,67,第67章  已加工羽毛、羽绒及其制品；人造花；人发制品,138,阿联酋,24208605.0
202607,67,第67章  已加工羽毛、羽绒及其制品；人造花；人发制品,147,塔吉克斯坦,2891080.0
202607,67,第67章  已加工羽毛、羽绒及其制品；人造花；人发制品,203,贝宁,1490935.0
202607,67,第67章  已加工羽毛、羽绒及其制品；人造花；人发制品,208,佛得角,11440.0
202607,67,第67章  已加工羽毛、羽绒及其制品；人造花；人发制品,211,乍得,5701.0
202607,67,第67章  已加工羽毛、羽绒及其制品；人造花；人发制品,213,刚果共和国,870980.0
202607,67,第67章  已加工羽毛、羽绒及其制品；人造花；人发制品,219,冈比亚,80808.0
202607,67,第67章  已加工羽毛、羽绒及其制品；人造花；人发制品,220,加纳,121469913.0
202607,67,第67章  已加工羽毛、羽绒及其制品；人造花；人发制品,222,几内亚比绍,5159.0
202607,67,第67章  已加工羽毛、羽绒及其制品；人造花；人发制品,224,肯尼亚,12729909.0
202607,67,第67章  已加工羽毛、羽绒及其制品；人造花；人发制品,227,马达加斯加,1249126.0
202607,67,第67章  已加工羽毛、羽绒及其制品；人造花；人发制品,233,莫桑比克,9577913.0
202607,67,第67章  已加工羽毛、羽绒及其制品；人造花；人发制品,239,圣多美和普林西比,27459.0
202607,67,第67章  已加工羽毛、羽绒及其制品；人造花；人发制品,241,塞舌尔,261200.0
202607,67,第67章  已加工羽毛、羽绒及其制品；人造花；人发制品,244,南非,85254481.0
202607,67,第67章  已加工羽毛、羽绒及其制品；人造花；人发制品,250,乌干达,3626092.0
202607,67,第67章  已加工羽毛、羽绒及其制品；人造花；人发制品,252,刚果民主共和国,51605063.0
202607,67,第67章  已加工羽毛、羽绒及其制品；人造花；人发制品,254,津巴布韦,1104068.0
202607,67,第67章  已加工羽毛、羽绒及其制品；人造花；人发制品,255,莱索托,8275.0
202607,67,第67章  已加工羽毛、羽绒及其制品；人造花；人发制品,301,比利时,23459431.0
202607,67,第67章  已加工羽毛、羽绒及其制品；人造花；人发制品,305,法国,65617812.0
202607,67,第67章  已加工羽毛、羽绒及其制品；人造花；人发制品,306,爱尔兰,9420718.0
202607,67,第67章  已加工羽毛、羽绒及其制品；人造花；人发制品,307,意大利,73351455.0
202607,67,第67章  已加工羽毛、羽绒及其制品；人造花；人发制品,309,荷兰,128685677.0
202607,67,第67章  已加工羽毛、羽绒及其制品；人造花；人发制品,310,希腊,16333156.0
202607,67,第67章  已加工羽毛、羽绒及其制品；人造花；人发制品,312,西班牙,42005125.0
202607,67,第67章  已加工羽毛、羽绒及其制品；人造花；人发制品,313,阿尔巴尼亚,4531891.0
202607,67,第67章  已加工羽毛、羽绒及其制品；人造花；人发制品,315,奥地利,902285.0
202607,67,第67章  已加工羽毛、羽绒及其制品；人造花；人发制品,316,保加利亚,3355896.0
202607,67,第67章  已加工羽毛、羽绒及其制品；人造花；人发制品,318,芬兰,4207514.0
202607,67,第67章  已加工羽毛、羽绒及其制品；人造花；人发制品,321,匈牙利,7010736.0
202607,67,第67章  已加工羽毛、羽绒及其制品；人造花；人发制品,326,挪威,3912131.0
202607,67,第67章  已加工羽毛、羽绒及其制品；人造花；人发制品,327,波兰,92502133.0
202607,67,第67章  已加工羽毛、羽绒及其制品；人造花；人发制品,336,立陶宛,3429458.0
202607,67,第67章  已加工羽毛、羽绒及其制品；人造花；人发制品,340,白俄罗斯,3437153.0
202607,67,第67章  已加工羽毛、羽绒及其制品；人造花；人发制品,350,斯洛文尼亚,5475716.0
202607,67,第67章  已加工羽毛、羽绒及其制品；人造花；人发制品,359,黑山,114380.0
202607,67,第67章  已加工羽毛、羽绒及其制品；人造花；人发制品,404,巴哈马,354666.0
202607,67,第67章  已加工羽毛、羽绒及其制品；人造花；人发制品,405,巴巴多斯,81559.0
202607,67,第67章  已加工羽毛、羽绒及其制品；人造花；人发制品,406,伯利兹,201898.0
202607,67,第67章  已加工羽毛、羽绒及其制品；人造花；人发制品,408,玻利维亚 ,101263.0
202607,67,第67章  已加工羽毛、羽绒及其制品；人造花；人发制品,410,巴西,107948444.0
202607,67,第67章  已加工羽毛、羽绒及其制品；人造花；人发制品,415,哥斯达黎加,7005887.0
202607,67,第67章  已加工羽毛、羽绒及其制品；人造花；人发制品,422,瓜德罗普,123710.0
202607,67,第67章  已加工羽毛、羽绒及其制品；人造花；人发制品,427,牙买加,1638235.0
202607,67,第67章  已加工羽毛、羽绒及其制品；人造花；人发制品,429,墨西哥,83031950.0
202607,67,第67章  已加工羽毛、羽绒及其制品；人造花；人发制品,431,尼加拉瓜,2262374.0
202607,67,第67章  已加工羽毛、羽绒及其制品；人造花；人发制品,435,波多黎各,1726824.0
202607,67,第67章  已加工羽毛、羽绒及其制品；人造花；人发制品,442,特立尼达和多巴哥,3672548.0
202607,67,第67章  已加工羽毛、羽绒及其制品；人造花；人发制品,443,特克斯和凯科斯群岛,106309.0
202607,67,第67章  已加工羽毛、羽绒及其制品；人造花；人发制品,444,乌拉圭,3228320.0
202607,67,第67章  已加工羽毛、羽绒及其制品；人造花；人发制品,501,加拿大,140800777.0
202607,67,第67章  已加工羽毛、羽绒及其制品；人造花；人发制品,503,格陵兰,38129.0
202607,67,第67章  已加工羽毛、羽绒及其制品；人造花；人发制品,614,汤加,223247.0
202607,67,第67章  已加工羽毛、羽绒及其制品；人造花；人发制品,617,萨摩亚,123320.0
202607,67,第67章  已加工羽毛、羽绒及其制品；人造花；人发制品,621,马绍尔群岛,36323.0
202607,68,第68章  石料、石膏、水泥、石棉、云母及类似材料的制品,108,塞浦路斯,2797336.0
202607,68,第68章  石料、石膏、水泥、石棉、云母及类似材料的制品,109,朝鲜,8986455.0
202607,68,第68章  石料、石膏、水泥、石棉、云母及类似材料的制品,118,科威特,5221811.0
202607,68,第68章  石料、石膏、水泥、石棉、云母及类似材料的制品,123,马尔代夫,7227976.0
202607,68,第68章  石料、石膏、水泥、石棉、云母及类似材料的制品,124,蒙古,50790988.0
202607,68,第68章  石料、石膏、水泥、石棉、云母及类似材料的制品,127,巴基斯坦,18803599.0
202607,68,第68章  石料、石膏、水泥、石棉、云母及类似材料的制品,129,菲律宾,54944646.0
202607,68,第68章  石料、石膏、水泥、石棉、云母及类似材料的制品,137,土耳其,49608416.0
202607,68,第68章  石料、石膏、水泥、石棉、云母及类似材料的制品,138,阿联酋,139997430.0
202607,68,第68章  石料、石膏、水泥、石棉、云母及类似材料的制品,147,塔吉克斯坦,10338061.0
202607,68,第68章  石料、石膏、水泥、石棉、云母及类似材料的制品,203,贝宁,1472083.0
202607,68,第68章  石料、石膏、水泥、石棉、云母及类似材料的制品,208,佛得角,20019.0
202607,68,第68章  石料、石膏、水泥、石棉、云母及类似材料的制品,209,中非,32417.0
202607,68,第68章  石料、石膏、水泥、石棉、云母及类似材料的制品,211,乍得,479354.0
202607,68,第68章  石料、石膏、水泥、石棉、云母及类似材料的制品,213,刚果共和国,2090195.0
202607,68,第68章  石料、石膏、水泥、石棉、云母及类似材料的制品,219,冈比亚,635066.0
202607,68,第68章  石料、石膏、水泥、石棉、云母及类似材料的制品,220,加纳,10218157.0
202607,68,第68章  石料、石膏、水泥、石棉、云母及类似材料的制品,222,几内亚比绍,19980.0
202607,68,第68章  石料、石膏、水泥、石棉、云母及类似材料的制品,224,肯尼亚,14170066.0
202607,68,第68章  石料、石膏、水泥、石棉、云母及类似材料的制品,227,马达加斯加,1525907.0
202607,68,第68章  石料、石膏、水泥、石棉、云母及类似材料的制品,233,莫桑比克,5111040.0
202607,68,第68章  石料、石膏、水泥、石棉、云母及类似材料的制品,239,圣多美和普林西比,63016.0
202607,68,第68章  石料、石膏、水泥、石棉、云母及类似材料的制品,241,塞舌尔,2027923.0
202607,68,第68章  石料、石膏、水泥、石棉、云母及类似材料的制品,244,南非,29489235.0
202607,68,第68章  石料、石膏、水泥、石棉、云母及类似材料的制品,250,乌干达,2025153.0
202607,68,第68章  石料、石膏、水泥、石棉、云母及类似材料的制品,252,刚果民主共和国,2785296.0
202607,68,第68章  石料、石膏、水泥、石棉、云母及类似材料的制品,254,津巴布韦,1925891.0
202607,68,第68章  石料、石膏、水泥、石棉、云母及类似材料的制品,255,莱索托,5694.0
202607,68,第68章  石料、石膏、水泥、石棉、云母及类似材料的制品,258,厄立特里亚,16050.0
202607,68,第68章  石料、石膏、水泥、石棉、云母及类似材料的制品,301,比利时,35768398.0
202607,68,第68章  石料、石膏、水泥、石棉、云母及类似材料的制品,305,法国,47161505.0
202607,68,第68章  石料、石膏、水泥、石棉、云母及类似材料的制品,306,爱尔兰,11604119.0
202607,68,第68章  石料、石膏、水泥、石棉、云母及类似材料的制品,307,意大利,61115329.0
202607,68,第68章  石料、石膏、水泥、石棉、云母及类似材料的制品,309,荷兰,86126826.0
202607,68,第68章  石料、石膏、水泥、石棉、云母及类似材料的制品,310,希腊,4479404.0
202607,68,第68章  石料、石膏、水泥、石棉、云母及类似材料的制品,312,西班牙,53371065.0
202607,68,第68章  石料、石膏、水泥、石棉、云母及类似材料的制品,313,阿尔巴尼亚,776990.0
202607,68,第68章  石料、石膏、水泥、石棉、云母及类似材料的制品,315,奥地利,9485069.0
202607,68,第68章  石料、石膏、水泥、石棉、云母及类似材料的制品,316,保加利亚,1385729.0
202607,68,第68章  石料、石膏、水泥、石棉、云母及类似材料的制品,318,芬兰,8968691.0
202607,68,第68章  石料、石膏、水泥、石棉、云母及类似材料的制品,321,匈牙利,11475686.0
202607,68,第68章  石料、石膏、水泥、石棉、云母及类似材料的制品,326,挪威,9404843.0
202607,68,第68章  石料、石膏、水泥、石棉、云母及类似材料的制品,327,波兰,86410107.0
202607,68,第68章  石料、石膏、水泥、石棉、云母及类似材料的制品,336,立陶宛,3443019.0
202607,68,第68章  石料、石膏、水泥、石棉、云母及类似材料的制品,340,白俄罗斯,6301372.0
202607,68,第68章  石料、石膏、水泥、石棉、云母及类似材料的制品,350,斯洛文尼亚,7526350.0
202607,68,第68章  石料、石膏、水泥、石棉、云母及类似材料的制品,359,黑山,113563.0
202607,68,第68章  石料、石膏、水泥、石棉、云母及类似材料的制品,404,巴哈马,2417182.0
202607,68,第68章  石料、石膏、水泥、石棉、云母及类似材料的制品,405,巴巴多斯,793999.0
202607,68,第68章  石料、石膏、水泥、石棉、云母及类似材料的制品,406,伯利兹,204274.0
202607,68,第68章  石料、石膏、水泥、石棉、云母及类似材料的制品,408,玻利维亚 ,981985.0
202607,68,第68章  石料、石膏、水泥、石棉、云母及类似材料的制品,410,巴西,64125127.0
202607,68,第68章  石料、石膏、水泥、石棉、云母及类似材料的制品,415,哥斯达黎加,5879513.0
202607,68,第68章  石料、石膏、水泥、石棉、云母及类似材料的制品,422,瓜德罗普,3904.0
202607,68,第68章  石料、石膏、水泥、石棉、云母及类似材料的制品,427,牙买加,2072675.0
202607,68,第68章  石料、石膏、水泥、石棉、云母及类似材料的制品,429,墨西哥,75157269.0
202607,68,第68章  石料、石膏、水泥、石棉、云母及类似材料的制品,431,尼加拉瓜,2055157.0
202607,68,第68章  石料、石膏、水泥、石棉、云母及类似材料的制品,435,波多黎各,781331.0
202607,68,第68章  石料、石膏、水泥、石棉、云母及类似材料的制品,442,特立尼达和多巴哥,1319415.0
202607,68,第68章  石料、石膏、水泥、石棉、云母及类似材料的制品,443,特克斯和凯科斯群岛,136226.0
202607,68,第68章  石料、石膏、水泥、石棉、云母及类似材料的制品,444,乌拉圭,3039546.0
202607,68,第68章  石料、石膏、水泥、石棉、云母及类似材料的制品,501,加拿大,100628110.0
202607,68,第68章  石料、石膏、水泥、石棉、云母及类似材料的制品,614,汤加,111199.0
202607,68,第68章  石料、石膏、水泥、石棉、云母及类似材料的制品,617,萨摩亚,356751.0
202607,68,第68章  石料、石膏、水泥、石棉、云母及类似材料的制品,621,马绍尔群岛,52296.0
202607,69,第69章  陶瓷产品,108,塞浦路斯,1821785.0
202607,69,第69章  陶瓷产品,109,朝鲜,29267259.0
202607,69,第69章  陶瓷产品,118,科威特,8148537.0
202607,69,第69章  陶瓷产品,123,马尔代夫,8284623.0
202607,69,第69章  陶瓷产品,124,蒙古,16464327.0
202607,69,第69章  陶瓷产品,127,巴基斯坦,24356310.0
202607,69,第69章  陶瓷产品,129,菲律宾,247008864.0
202607,69,第69章  陶瓷产品,137,土耳其,122239930.0
202607,69,第69章  陶瓷产品,138,阿联酋,71754066.0
202607,69,第69章  陶瓷产品,147,塔吉克斯坦,13806335.0
202607,69,第69章  陶瓷产品,203,贝宁,7003531.0
202607,69,第69章  陶瓷产品,208,佛得角,562232.0
202607,69,第69章  陶瓷产品,211,乍得,359785.0
202607,69,第69章  陶瓷产品,213,刚果共和国,6642708.0
202607,69,第69章  陶瓷产品,219,冈比亚,921343.0
202607,69,第69章  陶瓷产品,220,加纳,37860752.0
202607,69,第69章  陶瓷产品,222,几内亚比绍,59814.0
202607,69,第69章  陶瓷产品,224,肯尼亚,44959103.0
202607,69,第69章  陶瓷产品,227,马达加斯加,9492730.0
202607,69,第69章  陶瓷产品,233,莫桑比克,13847242.0
202607,69,第69章  陶瓷产品,239,圣多美和普林西比,340570.0
202607,69,第69章  陶瓷产品,241,塞舌尔,539354.0
202607,69,第69章  陶瓷产品,244,南非,57104250.0
202607,69,第69章  陶瓷产品,250,乌干达,988125.0
202607,69,第69章  陶瓷产品,252,刚果民主共和国,22800757.0
202607,69,第69章  陶瓷产品,254,津巴布韦,3897778.0
202607,69,第69章  陶瓷产品,255,莱索托,62992.0
202607,69,第69章  陶瓷产品,258,厄立特里亚,8206.0
202607,69,第69章  陶瓷产品,301,比利时,29401836.0
202607,69,第69章  陶瓷产品,305,法国,108834195.0
202607,69,第69章  陶瓷产品,306,爱尔兰,9549729.0
202607,69,第69章  陶瓷产品,307,意大利,89614666.0
202607,69,第69章  陶瓷产品,309,荷兰,162219928.0
202607,69,第69章  陶瓷产品,310,希腊,19512418.0
202607,69,第69章  陶瓷产品,312,西班牙,86375084.0
202607,69,第69章  陶瓷产品,313,阿尔巴尼亚,6718405.0
202607,69,第69章  陶瓷产品,315,奥地利,6728312.0
202607,69,第69章  陶瓷产品,316,保加利亚,5210142.0
202607,69,第69章  陶瓷产品,318,芬兰,4079675.0
202607,69,第69章  陶瓷产品,321,匈牙利,16252362.0
202607,69,第69章  陶瓷产品,326,挪威,12440492.0
202607,69,第69章  陶瓷产品,327,波兰,102881746.0
202607,69,第69章  陶瓷产品,336,立陶宛,11106771.0
202607,69,第69章  陶瓷产品,340,白俄罗斯,18488773.0
202607,69,第69章  陶瓷产品,350,斯洛文尼亚,8378671.0
202607,69,第69章  陶瓷产品,359,黑山,849555.0
202607,69,第69章  陶瓷产品,404,巴哈马,406961.0
202607,69,第69章  陶瓷产品,405,巴巴多斯,250702.0
202607,69,第69章  陶瓷产品,406,伯利兹,193068.0
202607,69,第69章  陶瓷产品,408,玻利维亚 ,1278856.0
202607,69,第69章  陶瓷产品,410,巴西,81973007.0
202607,69,第69章  陶瓷产品,415,哥斯达黎加,8658948.0
202607,69,第69章  陶瓷产品,422,瓜德罗普,291179.0
202607,69,第69章  陶瓷产品,427,牙买加,3532996.0
202607,69,第69章  陶瓷产品,429,墨西哥,129880195.0
202607,69,第69章  陶瓷产品,431,尼加拉瓜,4171940.0
202607,69,第69章  陶瓷产品,435,波多黎各,1895046.0
202607,69,第69章  陶瓷产品,442,特立尼达和多巴哥,1281762.0
202607,69,第69章  陶瓷产品,443,特克斯和凯科斯群岛,282964.0
202607,69,第69章  陶瓷产品,444,乌拉圭,6026730.0
202607,69,第69章  陶瓷产品,446,英属维尔京群岛,27893.0
202607,69,第69章  陶瓷产品,501,加拿大,159684357.0
202607,69,第69章  陶瓷产品,614,汤加,329496.0
202607,69,第69章  陶瓷产品,617,萨摩亚,992529.0
202607,69,第69章  陶瓷产品,621,马绍尔群岛,6135.0
202607,70,第70章  玻璃及其制品,108,塞浦路斯,3270803.0
202607,70,第70章  玻璃及其制品,109,朝鲜,10693713.0
202607,70,第70章  玻璃及其制品,118,科威特,12256483.0
202607,70,第70章  玻璃及其制品,123,马尔代夫,1708806.0
202607,70,第70章  玻璃及其制品,124,蒙古,14595572.0
202607,70,第70章  玻璃及其制品,127,巴基斯坦,42075146.0
202607,70,第70章  玻璃及其制品,129,菲律宾,123484338.0
202607,70,第70章  玻璃及其制品,137,土耳其,130823505.0
202607,70,第70章  玻璃及其制品,138,阿联酋,251856740.0
202607,70,第70章  玻璃及其制品,147,塔吉克斯坦,5839287.0
202607,70,第70章  玻璃及其制品,203,贝宁,1511208.0
202607,70,第70章  玻璃及其制品,208,佛得角,863417.0
202607,70,第70章  玻璃及其制品,209,中非,6578.0
202607,70,第70章  玻璃及其制品,211,乍得,2727817.0
202607,70,第70章  玻璃及其制品,213,刚果共和国,1886440.0
202607,70,第70章  玻璃及其制品,219,冈比亚,1095244.0
202607,70,第70章  玻璃及其制品,220,加纳,25695291.0
202607,70,第70章  玻璃及其制品,222,几内亚比绍,46795.0
202607,70,第70章  玻璃及其制品,224,肯尼亚,34200376.0
202607,70,第70章  玻璃及其制品,227,马达加斯加,8068462.0
202607,70,第70章  玻璃及其制品,233,莫桑比克,9471653.0
202607,70,第70章  玻璃及其制品,235,尼日尔,91751.0
202607,70,第70章  玻璃及其制品,239,圣多美和普林西比,82788.0
202607,70,第70章  玻璃及其制品,241,塞舌尔,388362.0
202607,70,第70章  玻璃及其制品,244,南非,67942334.0
202607,70,第70章  玻璃及其制品,250,乌干达,3577739.0
202607,70,第70章  玻璃及其制品,252,刚果民主共和国,5710083.0
202607,70,第70章  玻璃及其制品,254,津巴布韦,1102439.0
202607,70,第70章  玻璃及其制品,255,莱索托,33872.0
202607,70,第70章  玻璃及其制品,299,非洲其他国家(地区),6816.0
202607,70,第70章  玻璃及其制品,301,比利时,66822610.0
202607,70,第70章  玻璃及其制品,305,法国,197083117.0
202607,70,第70章  玻璃及其制品,306,爱尔兰,14925411.0
202607,70,第70章  玻璃及其制品,307,意大利,151978617.0
202607,70,第70章  玻璃及其制品,309,荷兰,144412066.0
202607,70,第70章  玻璃及其制品,310,希腊,17200018.0
202607,70,第70章  玻璃及其制品,312,西班牙,165949020.0
202607,70,第70章  玻璃及其制品,313,阿尔巴尼亚,7274785.0
202607,70,第70章  玻璃及其制品,315,奥地利,10101851.0
202607,70,第70章  玻璃及其制品,316,保加利亚,6709149.0
202607,70,第70章  玻璃及其制品,318,芬兰,5917406.0
202607,70,第70章  玻璃及其制品,321,匈牙利,34742537.0
202607,70,第70章  玻璃及其制品,326,挪威,14315498.0
202607,70,第70章  玻璃及其制品,327,波兰,189580988.0
202607,70,第70章  玻璃及其制品,336,立陶宛,4617673.0
202607,70,第70章  玻璃及其制品,340,白俄罗斯,22280928.0
202607,70,第70章  玻璃及其制品,350,斯洛文尼亚,18567642.0
202607,70,第70章  玻璃及其制品,359,黑山,464083.0
202607,70,第70章  玻璃及其制品,404,巴哈马,518951.0
202607,70,第70章  玻璃及其制品,405,巴巴多斯,1704085.0
202607,70,第70章  玻璃及其制品,406,伯利兹,472307.0
202607,70,第70章  玻璃及其制品,408,玻利维亚 ,3602718.0
202607,70,第70章  玻璃及其制品,410,巴西,192707352.0
202607,70,第70章  玻璃及其制品,415,哥斯达黎加,12631735.0
202607,70,第70章  玻璃及其制品,422,瓜德罗普,198129.0
202607,70,第70章  玻璃及其制品,427,牙买加,6325849.0
202607,70,第70章  玻璃及其制品,429,墨西哥,175203455.0
202607,70,第70章  玻璃及其制品,431,尼加拉瓜,3640514.0
202607,70,第70章  玻璃及其制品,435,波多黎各,3311382.0
202607,70,第70章  玻璃及其制品,442,特立尼达和多巴哥,2841152.0
202607,70,第70章  玻璃及其制品,443,特克斯和凯科斯群岛,31875.0
202607,70,第70章  玻璃及其制品,444,乌拉圭,4665806.0
202607,70,第70章  玻璃及其制品,446,英属维尔京群岛,16611.0
202607,70,第70章  玻璃及其制品,501,加拿大,213652591.0
202607,70,第70章  玻璃及其制品,614,汤加,109949.0
202607,70,第70章  玻璃及其制品,617,萨摩亚,441024.0
202607,70,第70章  玻璃及其制品,621,马绍尔群岛,23576.0
202607,71,第71章  天然或养殖珍珠、宝石或半宝石、贵金属、包贵金属及其制品；仿首饰；硬币,108,塞浦路斯,1083811.0
202607,71,第71章  天然或养殖珍珠、宝石或半宝石、贵金属、包贵金属及其制品；仿首饰；硬币,109,朝鲜,1419884.0
202607,71,第71章  天然或养殖珍珠、宝石或半宝石、贵金属、包贵金属及其制品；仿首饰；硬币,118,科威特,1740952.0
202607,71,第71章  天然或养殖珍珠、宝石或半宝石、贵金属、包贵金属及其制品；仿首饰；硬币,123,马尔代夫,654075.0
202607,71,第71章  天然或养殖珍珠、宝石或半宝石、贵金属、包贵金属及其制品；仿首饰；硬币,124,蒙古,94595.0
202607,71,第71章  天然或养殖珍珠、宝石或半宝石、贵金属、包贵金属及其制品；仿首饰；硬币,127,巴基斯坦,12376878.0
202607,71,第71章  天然或养殖珍珠、宝石或半宝石、贵金属、包贵金属及其制品；仿首饰；硬币,129,菲律宾,25281401.0
202607,71,第71章  天然或养殖珍珠、宝石或半宝石、贵金属、包贵金属及其制品；仿首饰；硬币,137,土耳其,33869390.0
202607,71,第71章  天然或养殖珍珠、宝石或半宝石、贵金属、包贵金属及其制品；仿首饰；硬币,138,阿联酋,178869903.0
202607,71,第71章  天然或养殖珍珠、宝石或半宝石、贵金属、包贵金属及其制品；仿首饰；硬币,147,塔吉克斯坦,676976.0
202607,71,第71章  天然或养殖珍珠、宝石或半宝石、贵金属、包贵金属及其制品；仿首饰；硬币,203,贝宁,104719.0
202607,71,第71章  天然或养殖珍珠、宝石或半宝石、贵金属、包贵金属及其制品；仿首饰；硬币,207,加那利群岛,477977.0
202607,71,第71章  天然或养殖珍珠、宝石或半宝石、贵金属、包贵金属及其制品；仿首饰；硬币,208,佛得角,27816.0
202607,71,第71章  天然或养殖珍珠、宝石或半宝石、贵金属、包贵金属及其制品；仿首饰；硬币,211,乍得,181778.0
202607,71,第71章  天然或养殖珍珠、宝石或半宝石、贵金属、包贵金属及其制品；仿首饰；硬币,213,刚果共和国,320738.0
202607,71,第71章  天然或养殖珍珠、宝石或半宝石、贵金属、包贵金属及其制品；仿首饰；硬币,219,冈比亚,39637.0
202607,71,第71章  天然或养殖珍珠、宝石或半宝石、贵金属、包贵金属及其制品；仿首饰；硬币,220,加纳,4703030.0
202607,71,第71章  天然或养殖珍珠、宝石或半宝石、贵金属、包贵金属及其制品；仿首饰；硬币,224,肯尼亚,2492723.0
202607,71,第71章  天然或养殖珍珠、宝石或半宝石、贵金属、包贵金属及其制品；仿首饰；硬币,227,马达加斯加,236078.0
202607,71,第71章  天然或养殖珍珠、宝石或半宝石、贵金属、包贵金属及其制品；仿首饰；硬币,233,莫桑比克,4771094.0
202607,71,第71章  天然或养殖珍珠、宝石或半宝石、贵金属、包贵金属及其制品；仿首饰；硬币,235,尼日尔,1069.0
202607,71,第71章  天然或养殖珍珠、宝石或半宝石、贵金属、包贵金属及其制品；仿首饰；硬币,239,圣多美和普林西比,306.0
202607,71,第71章  天然或养殖珍珠、宝石或半宝石、贵金属、包贵金属及其制品；仿首饰；硬币,241,塞舌尔,82211.0
202607,71,第71章  天然或养殖珍珠、宝石或半宝石、贵金属、包贵金属及其制品；仿首饰；硬币,244,南非,12490571.0
202607,71,第71章  天然或养殖珍珠、宝石或半宝石、贵金属、包贵金属及其制品；仿首饰；硬币,250,乌干达,885673.0
202607,71,第71章  天然或养殖珍珠、宝石或半宝石、贵金属、包贵金属及其制品；仿首饰；硬币,252,刚果民主共和国,1269912.0
202607,71,第71章  天然或养殖珍珠、宝石或半宝石、贵金属、包贵金属及其制品；仿首饰；硬币,254,津巴布韦,116009.0
202607,71,第71章  天然或养殖珍珠、宝石或半宝石、贵金属、包贵金属及其制品；仿首饰；硬币,255,莱索托,229.0
202607,71,第71章  天然或养殖珍珠、宝石或半宝石、贵金属、包贵金属及其制品；仿首饰；硬币,301,比利时,16916809.0
202607,71,第71章  天然或养殖珍珠、宝石或半宝石、贵金属、包贵金属及其制品；仿首饰；硬币,305,法国,94887958.0
202607,71,第71章  天然或养殖珍珠、宝石或半宝石、贵金属、包贵金属及其制品；仿首饰；硬币,306,爱尔兰,25896230.0
202607,71,第71章  天然或养殖珍珠、宝石或半宝石、贵金属、包贵金属及其制品；仿首饰；硬币,307,意大利,179068403.0
202607,71,第71章  天然或养殖珍珠、宝石或半宝石、贵金属、包贵金属及其制品；仿首饰；硬币,309,荷兰,81337129.0
202607,71,第71章  天然或养殖珍珠、宝石或半宝石、贵金属、包贵金属及其制品；仿首饰；硬币,310,希腊,11271763.0
202607,71,第71章  天然或养殖珍珠、宝石或半宝石、贵金属、包贵金属及其制品；仿首饰；硬币,312,西班牙,63594207.0
202607,71,第71章  天然或养殖珍珠、宝石或半宝石、贵金属、包贵金属及其制品；仿首饰；硬币,313,阿尔巴尼亚,385171.0
202607,71,第71章  天然或养殖珍珠、宝石或半宝石、贵金属、包贵金属及其制品；仿首饰；硬币,314,安道尔,1435.0
202607,71,第71章  天然或养殖珍珠、宝石或半宝石、贵金属、包贵金属及其制品；仿首饰；硬币,315,奥地利,16330719.0
202607,71,第71章  天然或养殖珍珠、宝石或半宝石、贵金属、包贵金属及其制品；仿首饰；硬币,316,保加利亚,11824412.0
202607,71,第71章  天然或养殖珍珠、宝石或半宝石、贵金属、包贵金属及其制品；仿首饰；硬币,318,芬兰,724225.0
202607,71,第71章  天然或养殖珍珠、宝石或半宝石、贵金属、包贵金属及其制品；仿首饰；硬币,321,匈牙利,2622336.0
202607,71,第71章  天然或养殖珍珠、宝石或半宝石、贵金属、包贵金属及其制品；仿首饰；硬币,326,挪威,3690690.0
202607,71,第71章  天然或养殖珍珠、宝石或半宝石、贵金属、包贵金属及其制品；仿首饰；硬币,327,波兰,54719464.0
202607,71,第71章  天然或养殖珍珠、宝石或半宝石、贵金属、包贵金属及其制品；仿首饰；硬币,336,立陶宛,843051.0
202607,71,第71章  天然或养殖珍珠、宝石或半宝石、贵金属、包贵金属及其制品；仿首饰；硬币,340,白俄罗斯,972292.0
202607,71,第71章  天然或养殖珍珠、宝石或半宝石、贵金属、包贵金属及其制品；仿首饰；硬币,350,斯洛文尼亚,1427168.0
202607,71,第71章  天然或养殖珍珠、宝石或半宝石、贵金属、包贵金属及其制品；仿首饰；硬币,359,黑山,633.0
202607,71,第71章  天然或养殖珍珠、宝石或半宝石、贵金属、包贵金属及其制品；仿首饰；硬币,404,巴哈马,404919.0
202607,71,第71章  天然或养殖珍珠、宝石或半宝石、贵金属、包贵金属及其制品；仿首饰；硬币,405,巴巴多斯,47504.0
202607,71,第71章  天然或养殖珍珠、宝石或半宝石、贵金属、包贵金属及其制品；仿首饰；硬币,406,伯利兹,63902.0
202607,71,第71章  天然或养殖珍珠、宝石或半宝石、贵金属、包贵金属及其制品；仿首饰；硬币,408,玻利维亚 ,173130.0
202607,71,第71章  天然或养殖珍珠、宝石或半宝石、贵金属、包贵金属及其制品；仿首饰；硬币,410,巴西,67100563.0
202607,71,第71章  天然或养殖珍珠、宝石或半宝石、贵金属、包贵金属及其制品；仿首饰；硬币,415,哥斯达黎加,1937273.0
202607,71,第71章  天然或养殖珍珠、宝石或半宝石、贵金属、包贵金属及其制品；仿首饰；硬币,422,瓜德罗普,161263.0
202607,71,第71章  天然或养殖珍珠、宝石或半宝石、贵金属、包贵金属及其制品；仿首饰；硬币,427,牙买加,478200.0
202607,71,第71章  天然或养殖珍珠、宝石或半宝石、贵金属、包贵金属及其制品；仿首饰；硬币,429,墨西哥,39255879.0
202607,71,第71章  天然或养殖珍珠、宝石或半宝石、贵金属、包贵金属及其制品；仿首饰；硬币,431,尼加拉瓜,702143.0
202607,71,第71章  天然或养殖珍珠、宝石或半宝石、贵金属、包贵金属及其制品；仿首饰；硬币,435,波多黎各,830181.0
202607,71,第71章  天然或养殖珍珠、宝石或半宝石、贵金属、包贵金属及其制品；仿首饰；硬币,442,特立尼达和多巴哥,769251.0
202607,71,第71章  天然或养殖珍珠、宝石或半宝石、贵金属、包贵金属及其制品；仿首饰；硬币,443,特克斯和凯科斯群岛,2065.0
202607,71,第71章  天然或养殖珍珠、宝石或半宝石、贵金属、包贵金属及其制品；仿首饰；硬币,444,乌拉圭,1914694.0
202607,71,第71章  天然或养殖珍珠、宝石或半宝石、贵金属、包贵金属及其制品；仿首饰；硬币,501,加拿大,49975168.0
202607,71,第71章  天然或养殖珍珠、宝石或半宝石、贵金属、包贵金属及其制品；仿首饰；硬币,614,汤加,2180.0
202607,71,第71章  天然或养殖珍珠、宝石或半宝石、贵金属、包贵金属及其制品；仿首饰；硬币,617,萨摩亚,49246.0
202607,71,第71章  天然或养殖珍珠、宝石或半宝石、贵金属、包贵金属及其制品；仿首饰；硬币,621,马绍尔群岛,8155.0
202607,72,第72章  钢铁,108,塞浦路斯,839246.0
202607,72,第72章  钢铁,118,科威特,11684114.0
202607,72,第72章  钢铁,123,马尔代夫,4061764.0
202607,72,第72章  钢铁,124,蒙古,102416298.0
202607,72,第72章  钢铁,127,巴基斯坦,1072872781.0
202607,72,第72章  钢铁,129,菲律宾,2371738662.0
202607,72,第72章  钢铁,137,土耳其,1621923568.0
202607,72,第72章  钢铁,138,阿联酋,952732517.0
202607,72,第72章  钢铁,147,塔吉克斯坦,54601740.0
202607,72,第72章  钢铁,203,贝宁,146258346.0
202607,72,第72章  钢铁,208,佛得角,1234652.0
202607,72,第72章  钢铁,209,中非,1211909.0
202607,72,第72章  钢铁,211,乍得,6467756.0
202607,72,第72章  钢铁,213,刚果共和国,42322884.0
202607,72,第72章  钢铁,219,冈比亚,8270139.0
202607,72,第72章  钢铁,220,加纳,701823047.0
202607,72,第72章  钢铁,222,几内亚比绍,776712.0
202607,72,第72章  钢铁,224,肯尼亚,412544655.0
202607,72,第72章  钢铁,227,马达加斯加,40005689.0
202607,72,第72章  钢铁,233,莫桑比克,94043764.0
202607,72,第72章  钢铁,235,尼日尔,1151570.0
202607,72,第72章  钢铁,239,圣多美和普林西比,1453182.0
202607,72,第72章  钢铁,241,塞舌尔,379001.0
202607,72,第72章  钢铁,244,南非,452291741.0
202607,72,第72章  钢铁,250,乌干达,14729258.0
202607,72,第72章  钢铁,252,刚果民主共和国,163588027.0
202607,72,第72章  钢铁,254,津巴布韦,66334304.0
202607,72,第72章  钢铁,258,厄立特里亚,1314446.0
202607,72,第72章  钢铁,301,比利时,490302582.0
202607,72,第72章  钢铁,305,法国,19093610.0
202607,72,第72章  钢铁,306,爱尔兰,891228.0
202607,72,第72章  钢铁,307,意大利,690534060.0
202607,72,第72章  钢铁,309,荷兰,60338123.0
202607,72,第72章  钢铁,310,希腊,162602626.0
202607,72,第72章  钢铁,312,西班牙,352721908.0
202607,72,第72章  钢铁,313,阿尔巴尼亚,75903449.0
202607,72,第72章  钢铁,315,奥地利,9995241.0
202607,72,第72章  钢铁,316,保加利亚,5817080.0
202607,72,第72章  钢铁,318,芬兰,11859768.0
202607,72,第72章  钢铁,321,匈牙利,5158258.0
202607,72,第72章  钢铁,326,挪威,8828106.0
202607,72,第72章  钢铁,327,波兰,207347236.0
202607,72,第72章  钢铁,336,立陶宛,2904831.0
202607,72,第72章  钢铁,340,白俄罗斯,24291374.0
202607,72,第72章  钢铁,350,斯洛文尼亚,25710283.0
202607,72,第72章  钢铁,359,黑山,15250251.0
202607,72,第72章  钢铁,404,巴哈马,147976.0
202607,72,第72章  钢铁,405,巴巴多斯,1380774.0
202607,72,第72章  钢铁,406,伯利兹,49877.0
202607,72,第72章  钢铁,408,玻利维亚 ,6052391.0
202607,72,第72章  钢铁,410,巴西,579334619.0
202607,72,第72章  钢铁,415,哥斯达黎加,358461929.0
202607,72,第72章  钢铁,422,瓜德罗普,22199.0
202607,72,第72章  钢铁,427,牙买加,245066612.0
202607,72,第72章  钢铁,429,墨西哥,460127613.0
202607,72,第72章  钢铁,430,蒙特塞拉特,95709.0
202607,72,第72章  钢铁,431,尼加拉瓜,56295365.0
202607,72,第72章  钢铁,435,波多黎各,113329.0
202607,72,第72章  钢铁,442,特立尼达和多巴哥,25207468.0
202607,72,第72章  钢铁,444,乌拉圭,82668196.0
202607,72,第72章  钢铁,501,加拿大,117236661.0
202607,72,第72章  钢铁,614,汤加,764733.0
202607,72,第72章  钢铁,617,萨摩亚,1571904.0
202607,72,第72章  钢铁,621,马绍尔群岛,38200.0
202607,73,第73章  钢铁制品,108,塞浦路斯,39299224.0
202607,73,第73章  钢铁制品,109,朝鲜,21813.0
202607,73,第73章  钢铁制品,118,科威特,97207118.0
202607,73,第73章  钢铁制品,123,马尔代夫,28285534.0
202607,73,第73章  钢铁制品,124,蒙古,242105060.0
202607,73,第73章  钢铁制品,127,巴基斯坦,208505109.0
202607,73,第73章  钢铁制品,129,菲律宾,1336768980.0
202607,73,第73章  钢铁制品,137,土耳其,686268279.0
202607,73,第73章  钢铁制品,138,阿联酋,1049097300.0
202607,73,第73章  钢铁制品,147,塔吉克斯坦,200076320.0
202607,73,第73章  钢铁制品,203,贝宁,57502459.0
202607,73,第73章  钢铁制品,208,佛得角,2886018.0
202607,73,第73章  钢铁制品,209,中非,1267688.0
202607,73,第73章  钢铁制品,211,乍得,20594951.0
202607,73,第73章  钢铁制品,213,刚果共和国,106741786.0
202607,73,第73章  钢铁制品,219,冈比亚,19991941.0
202607,73,第73章  钢铁制品,220,加纳,347395551.0
202607,73,第73章  钢铁制品,222,几内亚比绍,705549.0
202607,73,第73章  钢铁制品,224,肯尼亚,289969797.0
202607,73,第73章  钢铁制品,227,马达加斯加,40264520.0
202607,73,第73章  钢铁制品,233,莫桑比克,239753688.0
202607,73,第73章  钢铁制品,235,尼日尔,4790814.0
202607,73,第73章  钢铁制品,239,圣多美和普林西比,1578889.0
202607,73,第73章  钢铁制品,241,塞舌尔,4139701.0
202607,73,第73章  钢铁制品,244,南非,430272536.0
202607,73,第73章  钢铁制品,250,乌干达,62421318.0
202607,73,第73章  钢铁制品,252,刚果民主共和国,303309595.0
202607,73,第73章  钢铁制品,254,津巴布韦,81279181.0
202607,73,第73章  钢铁制品,255,莱索托,3563382.0
202607,73,第73章  钢铁制品,258,厄立特里亚,15291241.0
202607,73,第73章  钢铁制品,299,非洲其他国家(地区),26558.0
202607,73,第73章  钢铁制品,301,比利时,341934560.0
202607,73,第73章  钢铁制品,305,法国,606004256.0
202607,73,第73章  钢铁制品,306,爱尔兰,116846070.0
202607,73,第73章  钢铁制品,307,意大利,906554282.0
202607,73,第73章  钢铁制品,309,荷兰,902370027.0
202607,73,第73章  钢铁制品,310,希腊,120135752.0
202607,73,第73章  钢铁制品,312,西班牙,681593709.0
202607,73,第73章  钢铁制品,313,阿尔巴尼亚,30874926.0
202607,73,第73章  钢铁制品,314,安道尔,7983.0
202607,73,第73章  钢铁制品,315,奥地利,92365398.0
202607,73,第73章  钢铁制品,316,保加利亚,53106157.0
202607,73,第73章  钢铁制品,318,芬兰,97647043.0
202607,73,第73章  钢铁制品,320,直布罗陀,170.0
202607,73,第73章  钢铁制品,321,匈牙利,126352765.0
202607,73,第73章  钢铁制品,326,挪威,150805663.0
202607,73,第73章  钢铁制品,327,波兰,667188994.0
202607,73,第73章  钢铁制品,336,立陶宛,38831247.0
202607,73,第73章  钢铁制品,340,白俄罗斯,105144483.0
202607,73,第73章  钢铁制品,350,斯洛文尼亚,107600089.0
202607,73,第73章  钢铁制品,357,法罗群岛,20701.0
202607,73,第73章  钢铁制品,359,黑山,4830684.0
202607,73,第73章  钢铁制品,404,巴哈马,17026407.0
202607,73,第73章  钢铁制品,405,巴巴多斯,19973686.0
202607,73,第73章  钢铁制品,406,伯利兹,8438280.0
202607,73,第73章  钢铁制品,408,玻利维亚 ,23457070.0
202607,73,第73章  钢铁制品,410,巴西,1128907121.0
202607,73,第73章  钢铁制品,415,哥斯达黎加,116827665.0
202607,73,第73章  钢铁制品,422,瓜德罗普,1596800.0
202607,73,第73章  钢铁制品,427,牙买加,54950253.0
202607,73,第73章  钢铁制品,429,墨西哥,1002034098.0
202607,73,第73章  钢铁制品,431,尼加拉瓜,75373577.0
202607,73,第73章  钢铁制品,435,波多黎各,12356541.0
202607,73,第73章  钢铁制品,442,特立尼达和多巴哥,27914810.0
202607,73,第73章  钢铁制品,443,特克斯和凯科斯群岛,1119325.0
202607,73,第73章  钢铁制品,444,乌拉圭,55700266.0
202607,73,第73章  钢铁制品,446,英属维尔京群岛,228300.0
202607,73,第73章  钢铁制品,501,加拿大,1428143515.0
202607,73,第73章  钢铁制品,614,汤加,2464249.0
202607,73,第73章  钢铁制品,617,萨摩亚,6035517.0
202607,73,第73章  钢铁制品,621,马绍尔群岛,116814886.0
202607,73,第73章  钢铁制品,625,瓦利斯和富图纳 ,27158.0
202607,74,第74章  铜及其制品,108,塞浦路斯,477175.0
202607,74,第74章  铜及其制品,118,科威特,8457242.0
202607,74,第74章  铜及其制品,123,马尔代夫,1768026.0
202607,74,第74章  铜及其制品,124,蒙古,623267.0
202607,74,第74章  铜及其制品,127,巴基斯坦,64268746.0
202607,74,第74章  铜及其制品,129,菲律宾,319524520.0
202607,74,第74章  铜及其制品,137,土耳其,120959225.0
202607,74,第74章  铜及其制品,138,阿联酋,58549818.0
202607,74,第74章  铜及其制品,147,塔吉克斯坦,75985.0
202607,74,第74章  铜及其制品,203,贝宁,192361.0
202607,74,第74章  铜及其制品,211,乍得,65636.0
202607,74,第74章  铜及其制品,213,刚果共和国,85285.0
202607,74,第74章  铜及其制品,219,冈比亚,766481.0
202607,74,第74章  铜及其制品,220,加纳,5584068.0
202607,74,第74章  铜及其制品,224,肯尼亚,18139557.0
202607,74,第74章  铜及其制品,227,马达加斯加,348152.0
202607,74,第74章  铜及其制品,233,莫桑比克,1945123.0
202607,74,第74章  铜及其制品,239,圣多美和普林西比,13156.0
202607,74,第74章  铜及其制品,241,塞舌尔,280067.0
202607,74,第74章  铜及其制品,244,南非,23648564.0
202607,74,第74章  铜及其制品,250,乌干达,5463569.0
202607,74,第74章  铜及其制品,252,刚果民主共和国,1454085.0
202607,74,第74章  铜及其制品,254,津巴布韦,618793.0
202607,74,第74章  铜及其制品,258,厄立特里亚,440378.0
202607,74,第74章  铜及其制品,301,比利时,40114885.0
202607,74,第74章  铜及其制品,305,法国,103580381.0
202607,74,第74章  铜及其制品,306,爱尔兰,16044952.0
202607,74,第74章  铜及其制品,307,意大利,100471000.0
202607,74,第74章  铜及其制品,309,荷兰,69432256.0
202607,74,第74章  铜及其制品,310,希腊,7882467.0
202607,74,第74章  铜及其制品,312,西班牙,92437094.0
202607,74,第74章  铜及其制品,313,阿尔巴尼亚,1519571.0
202607,74,第74章  铜及其制品,314,安道尔,15084.0
202607,74,第74章  铜及其制品,315,奥地利,3766507.0
202607,74,第74章  铜及其制品,316,保加利亚,8389748.0
202607,74,第74章  铜及其制品,318,芬兰,2870303.0
202607,74,第74章  铜及其制品,321,匈牙利,39019479.0
202607,74,第74章  铜及其制品,326,挪威,3844054.0
202607,74,第74章  铜及其制品,327,波兰,93944702.0
202607,74,第74章  铜及其制品,336,立陶宛,886599.0
202607,74,第74章  铜及其制品,340,白俄罗斯,3912057.0
202607,74,第74章  铜及其制品,350,斯洛文尼亚,2619290.0
202607,74,第74章  铜及其制品,359,黑山,11968.0
202607,74,第74章  铜及其制品,404,巴哈马,69642.0
202607,74,第74章  铜及其制品,405,巴巴多斯,33760.0
202607,74,第74章  铜及其制品,406,伯利兹,16128.0
202607,74,第74章  铜及其制品,408,玻利维亚 ,1265390.0
202607,74,第74章  铜及其制品,410,巴西,110126857.0
202607,74,第74章  铜及其制品,415,哥斯达黎加,2202680.0
202607,74,第74章  铜及其制品,422,瓜德罗普,2314664.0
202607,74,第74章  铜及其制品,427,牙买加,1124707.0
202607,74,第74章  铜及其制品,429,墨西哥,231309409.0
202607,74,第74章  铜及其制品,431,尼加拉瓜,729692.0
202607,74,第74章  铜及其制品,435,波多黎各,512084.0
202607,74,第74章  铜及其制品,442,特立尼达和多巴哥,906515.0
202607,74,第74章  铜及其制品,443,特克斯和凯科斯群岛,23871.0
202607,74,第74章  铜及其制品,444,乌拉圭,3179572.0
202607,74,第74章  铜及其制品,501,加拿大,154524443.0
202607,74,第74章  铜及其制品,617,萨摩亚,4208.0
202607,74,第74章  铜及其制品,621,马绍尔群岛,1495476.0
202607,75,第75章  镍及其制品,118,科威特,278179.0
202607,75,第75章  镍及其制品,127,巴基斯坦,652001.0
202607,75,第75章  镍及其制品,129,菲律宾,1780861.0
202607,75,第75章  镍及其制品,137,土耳其,7517870.0
202607,75,第75章  镍及其制品,138,阿联酋,48093034.0
202607,75,第75章  镍及其制品,220,加纳,141583.0
202607,75,第75章  镍及其制品,244,南非,25159.0
202607,75,第75章  镍及其制品,250,乌干达,10767.0
202607,75,第75章  镍及其制品,301,比利时,8623599.0
202607,75,第75章  镍及其制品,305,法国,10648006.0
202607,75,第75章  镍及其制品,306,爱尔兰,644700.0
202607,75,第75章  镍及其制品,307,意大利,20247634.0
202607,75,第75章  镍及其制品,309,荷兰,10655595.0
202607,75,第75章  镍及其制品,310,希腊,306686.0
202607,75,第75章  镍及其制品,312,西班牙,14261312.0
202607,75,第75章  镍及其制品,315,奥地利,1279051.0
202607,75,第75章  镍及其制品,316,保加利亚,693917.0
202607,75,第75章  镍及其制品,318,芬兰,814.0
202607,75,第75章  镍及其制品,321,匈牙利,159026.0
202607,75,第75章  镍及其制品,326,挪威,27101.0
202607,75,第75章  镍及其制品,327,波兰,2578938.0
202607,75,第75章  镍及其制品,336,立陶宛,12053.0
202607,75,第75章  镍及其制品,340,白俄罗斯,356422.0
202607,75,第75章  镍及其制品,350,斯洛文尼亚,466643.0
202607,75,第75章  镍及其制品,410,巴西,10247669.0
202607,75,第75章  镍及其制品,415,哥斯达黎加,34648.0
202607,75,第75章  镍及其制品,429,墨西哥,5276091.0
202607,75,第75章  镍及其制品,435,波多黎各,39530.0
202607,75,第75章  镍及其制品,442,特立尼达和多巴哥,13120.0
202607,75,第75章  镍及其制品,444,乌拉圭,15308.0
202607,75,第75章  镍及其制品,501,加拿大,10115806.0
202607,75,第75章  镍及其制品,621,马绍尔群岛,10761.0
202607,76,第76章  铝及其制品,108,塞浦路斯,8217372.0
202607,76,第76章  铝及其制品,118,科威特,55447692.0
202607,76,第76章  铝及其制品,123,马尔代夫,18183606.0
202607,76,第76章  铝及其制品,124,蒙古,48571829.0
202607,76,第76章  铝及其制品,127,巴基斯坦,133152985.0
202607,76,第76章  铝及其制品,129,菲律宾,380380384.0
202607,76,第76章  铝及其制品,137,土耳其,467221178.0
202607,76,第76章  铝及其制品,138,阿联酋,480613979.0
202607,76,第76章  铝及其制品,147,塔吉克斯坦,10689962.0
202607,76,第76章  铝及其制品,203,贝宁,24383692.0
202607,76,第76章  铝及其制品,208,佛得角,1974022.0
202607,76,第76章  铝及其制品,209,中非,3532.0
202607,76,第76章  铝及其制品,211,乍得,636470.0
202607,76,第76章  铝及其制品,213,刚果共和国,12572231.0
202607,76,第76章  铝及其制品,219,冈比亚,4332357.0
202607,76,第76章  铝及其制品,220,加纳,91552351.0
202607,76,第76章  铝及其制品,224,肯尼亚,69017676.0
202607,76,第76章  铝及其制品,227,马达加斯加,6524361.0
202607,76,第76章  铝及其制品,233,莫桑比克,21838445.0
202607,76,第76章  铝及其制品,235,尼日尔,13279883.0
202607,76,第76章  铝及其制品,239,圣多美和普林西比,405481.0
202607,76,第76章  铝及其制品,241,塞舌尔,2703891.0
202607,76,第76章  铝及其制品,244,南非,234905190.0
202607,76,第76章  铝及其制品,250,乌干达,7297753.0
202607,76,第76章  铝及其制品,252,刚果民主共和国,25458982.0
202607,76,第76章  铝及其制品,254,津巴布韦,14764321.0
202607,76,第76章  铝及其制品,258,厄立特里亚,65608.0
202607,76,第76章  铝及其制品,301,比利时,134698805.0
202607,76,第76章  铝及其制品,305,法国,336271300.0
202607,76,第76章  铝及其制品,306,爱尔兰,22808700.0
202607,76,第76章  铝及其制品,307,意大利,280137584.0
202607,76,第76章  铝及其制品,309,荷兰,391890132.0
202607,76,第76章  铝及其制品,310,希腊,52030943.0
202607,76,第76章  铝及其制品,312,西班牙,266502934.0
202607,76,第76章  铝及其制品,313,阿尔巴尼亚,20081047.0
202607,76,第76章  铝及其制品,315,奥地利,42629147.0
202607,76,第76章  铝及其制品,316,保加利亚,19067431.0
202607,76,第76章  铝及其制品,318,芬兰,46587129.0
202607,76,第76章  铝及其制品,321,匈牙利,82861905.0
202607,76,第76章  铝及其制品,326,挪威,32010061.0
202607,76,第76章  铝及其制品,327,波兰,376695783.0
202607,76,第76章  铝及其制品,336,立陶宛,19219734.0
202607,76,第76章  铝及其制品,340,白俄罗斯,20753104.0
202607,76,第76章  铝及其制品,350,斯洛文尼亚,28237405.0
202607,76,第76章  铝及其制品,359,黑山,216571632.0
202607,76,第76章  铝及其制品,404,巴哈马,3473026.0
202607,76,第76章  铝及其制品,405,巴巴多斯,15498495.0
202607,76,第76章  铝及其制品,406,伯利兹,3978556.0
202607,76,第76章  铝及其制品,408,玻利维亚 ,17323084.0
202607,76,第76章  铝及其制品,410,巴西,606335278.0
202607,76,第76章  铝及其制品,415,哥斯达黎加,31783295.0
202607,76,第76章  铝及其制品,422,瓜德罗普,3129437.0
202607,76,第76章  铝及其制品,427,牙买加,22715343.0
202607,76,第76章  铝及其制品,429,墨西哥,1736627218.0
202607,76,第76章  铝及其制品,431,尼加拉瓜,5946183.0
202607,76,第76章  铝及其制品,435,波多黎各,6644010.0
202607,76,第76章  铝及其制品,442,特立尼达和多巴哥,7138491.0
202607,76,第76章  铝及其制品,443,特克斯和凯科斯群岛,2351022.0
202607,76,第76章  铝及其制品,444,乌拉圭,23605975.0
202607,76,第76章  铝及其制品,446,英属维尔京群岛,545449.0
202607,76,第76章  铝及其制品,501,加拿大,879940847.0
202607,76,第76章  铝及其制品,614,汤加,368456.0
202607,76,第76章  铝及其制品,617,萨摩亚,2641933.0
202607,76,第76章  铝及其制品,621,马绍尔群岛,4294049.0
202607,78,第78章  铅及其制品,118,科威特,370000.0
202607,78,第78章  铅及其制品,127,巴基斯坦,1058.0
202607,78,第78章  铅及其制品,129,菲律宾,156213.0
202607,78,第78章  铅及其制品,137,土耳其,310266.0
202607,78,第78章  铅及其制品,147,塔吉克斯坦,316.0
202607,78,第78章  铅及其制品,203,贝宁,1892.0
202607,78,第78章  铅及其制品,220,加纳,89708.0
202607,78,第78章  铅及其制品,224,肯尼亚,9995.0
202607,78,第78章  铅及其制品,233,莫桑比克,39809.0
202607,78,第78章  铅及其制品,244,南非,3627.0
202607,78,第78章  铅及其制品,252,刚果民主共和国,379.0
202607,78,第78章  铅及其制品,301,比利时,188201.0
202607,78,第78章  铅及其制品,305,法国,11288.0
202607,78,第78章  铅及其制品,307,意大利,2531.0
202607,78,第78章  铅及其制品,309,荷兰,8610.0
202607,78,第78章  铅及其制品,310,希腊,28829.0
202607,78,第78章  铅及其制品,316,保加利亚,68108.0
202607,78,第78章  铅及其制品,404,巴哈马,643.0
202607,78,第78章  铅及其制品,410,巴西,9124.0
202607,78,第78章  铅及其制品,429,墨西哥,61962.0
202607,78,第78章  铅及其制品,431,尼加拉瓜,65823.0
202607,78,第78章  铅及其制品,444,乌拉圭,20428.0
202607,78,第78章  铅及其制品,501,加拿大,94318.0
202607,78,第78章  铅及其制品,621,马绍尔群岛,465.0
202607,79,第79章  锌及其制品,108,塞浦路斯,7053.0
202607,79,第79章  锌及其制品,118,科威特,22557.0
202607,79,第79章  锌及其制品,123,马尔代夫,6399.0
202607,79,第79章  锌及其制品,127,巴基斯坦,724516.0
202607,79,第79章  锌及其制品,129,菲律宾,541857.0
202607,79,第79章  锌及其制品,137,土耳其,613113.0
202607,79,第79章  锌及其制品,138,阿联酋,509373.0
202607,79,第79章  锌及其制品,203,贝宁,49787.0
202607,79,第79章  锌及其制品,220,加纳,613056.0
202607,79,第79章  锌及其制品,224,肯尼亚,67479.0
202607,79,第79章  锌及其制品,233,莫桑比克,6428.0
202607,79,第79章  锌及其制品,244,南非,347823.0
202607,79,第79章  锌及其制品,250,乌干达,24295.0
202607,79,第79章  锌及其制品,252,刚果民主共和国,28415.0
202607,79,第79章  锌及其制品,254,津巴布韦,4559.0
202607,79,第79章  锌及其制品,301,比利时,706607.0
202607,79,第79章  锌及其制品,305,法国,1668021.0
202607,79,第79章  锌及其制品,306,爱尔兰,21561.0
202607,79,第79章  锌及其制品,307,意大利,1637536.0
202607,79,第79章  锌及其制品,309,荷兰,569743.0
202607,79,第79章  锌及其制品,310,希腊,135358.0
202607,79,第79章  锌及其制品,312,西班牙,519046.0
202607,79,第79章  锌及其制品,315,奥地利,52962.0
202607,79,第79章  锌及其制品,316,保加利亚,296220.0
202607,79,第79章  锌及其制品,318,芬兰,30900.0
202607,79,第79章  锌及其制品,321,匈牙利,384208.0
202607,79,第79章  锌及其制品,326,挪威,36805.0
202607,79,第79章  锌及其制品,327,波兰,517700.0
202607,79,第79章  锌及其制品,336,立陶宛,339879.0
202607,79,第79章  锌及其制品,340,白俄罗斯,16689.0
202607,79,第79章  锌及其制品,350,斯洛文尼亚,161424.0
202607,79,第79章  锌及其制品,408,玻利维亚 ,28483.0
202607,79,第79章  锌及其制品,410,巴西,6829616.0
202607,79,第79章  锌及其制品,415,哥斯达黎加,189691.0
202607,79,第79章  锌及其制品,429,墨西哥,3846064.0
202607,79,第79章  锌及其制品,431,尼加拉瓜,511.0
202607,79,第79章  锌及其制品,435,波多黎各,89229.0
202607,79,第79章  锌及其制品,442,特立尼达和多巴哥,95.0
202607,79,第79章  锌及其制品,443,特克斯和凯科斯群岛,43.0
202607,79,第79章  锌及其制品,444,乌拉圭,14750.0
202607,79,第79章  锌及其制品,501,加拿大,5535392.0
202607,79,第79章  锌及其制品,621,马绍尔群岛,127907.0
202607,80,第80章  锡及其制品,124,蒙古,1020.0
202607,80,第80章  锡及其制品,127,巴基斯坦,15460.0
202607,80,第80章  锡及其制品,129,菲律宾,200072.0
202607,80,第80章  锡及其制品,137,土耳其,1539.0
202607,80,第80章  锡及其制品,138,阿联酋,26727.0
202607,80,第80章  锡及其制品,203,贝宁,12133.0
202607,80,第80章  锡及其制品,220,加纳,818888.0
202607,80,第80章  锡及其制品,224,肯尼亚,215920.0
202607,80,第80章  锡及其制品,233,莫桑比克,14397.0
202607,80,第80章  锡及其制品,244,南非,278064.0
202607,80,第80章  锡及其制品,252,刚果民主共和国,10796.0
202607,80,第80章  锡及其制品,301,比利时,5820.0
202607,80,第80章  锡及其制品,305,法国,308222.0
202607,80,第80章  锡及其制品,306,爱尔兰,28.0
202607,80,第80章  锡及其制品,307,意大利,745.0
202607,80,第80章  锡及其制品,309,荷兰,106921373.0
202607,80,第80章  锡及其制品,310,希腊,82811.0
202607,80,第80章  锡及其制品,312,西班牙,8604146.0
202607,80,第80章  锡及其制品,315,奥地利,127731.0
202607,80,第80章  锡及其制品,316,保加利亚,8930.0
202607,80,第80章  锡及其制品,321,匈牙利,112.0
202607,80,第80章  锡及其制品,327,波兰,9325275.0
202607,80,第80章  锡及其制品,359,黑山,2352.0
202607,80,第80章  锡及其制品,410,巴西,1216486.0
202607,80,第80章  锡及其制品,415,哥斯达黎加,24844.0
202607,80,第80章  锡及其制品,429,墨西哥,1605607.0
202607,80,第80章  锡及其制品,442,特立尼达和多巴哥,11773.0
202607,80,第80章  锡及其制品,501,加拿大,158923.0
202607,81,第81章  其他贱金属、金属陶瓷及其制品,108,塞浦路斯,41.0
202607,81,第81章  其他贱金属、金属陶瓷及其制品,118,科威特,6130.0
202607,81,第81章  其他贱金属、金属陶瓷及其制品,123,马尔代夫,10400.0
202607,81,第81章  其他贱金属、金属陶瓷及其制品,124,蒙古,28979.0
202607,81,第81章  其他贱金属、金属陶瓷及其制品,127,巴基斯坦,3735164.0
202607,81,第81章  其他贱金属、金属陶瓷及其制品,129,菲律宾,17760180.0
202607,81,第81章  其他贱金属、金属陶瓷及其制品,137,土耳其,70769653.0
202607,81,第81章  其他贱金属、金属陶瓷及其制品,138,阿联酋,20051222.0
202607,81,第81章  其他贱金属、金属陶瓷及其制品,147,塔吉克斯坦,345839.0
202607,81,第81章  其他贱金属、金属陶瓷及其制品,207,加那利群岛,9630.0
202607,81,第81章  其他贱金属、金属陶瓷及其制品,220,加纳,353080.0
202607,81,第81章  其他贱金属、金属陶瓷及其制品,224,肯尼亚,32686.0
202607,81,第81章  其他贱金属、金属陶瓷及其制品,227,马达加斯加,56097.0
202607,81,第81章  其他贱金属、金属陶瓷及其制品,244,南非,13292529.0
202607,81,第81章  其他贱金属、金属陶瓷及其制品,250,乌干达,53543.0
202607,81,第81章  其他贱金属、金属陶瓷及其制品,252,刚果民主共和国,35121.0
202607,81,第81章  其他贱金属、金属陶瓷及其制品,301,比利时,12310241.0
202607,81,第81章  其他贱金属、金属陶瓷及其制品,305,法国,63557055.0
202607,81,第81章  其他贱金属、金属陶瓷及其制品,306,爱尔兰,405229.0
202607,81,第81章  其他贱金属、金属陶瓷及其制品,307,意大利,74525766.0
202607,81,第81章  其他贱金属、金属陶瓷及其制品,309,荷兰,481576879.0
202607,81,第81章  其他贱金属、金属陶瓷及其制品,310,希腊,4427307.0
202607,81,第81章  其他贱金属、金属陶瓷及其制品,312,西班牙,16021365.0
202607,81,第81章  其他贱金属、金属陶瓷及其制品,313,阿尔巴尼亚,88485.0
202607,81,第81章  其他贱金属、金属陶瓷及其制品,315,奥地利,29143885.0
202607,81,第81章  其他贱金属、金属陶瓷及其制品,316,保加利亚,1774346.0
202607,81,第81章  其他贱金属、金属陶瓷及其制品,318,芬兰,2076610.0
202607,81,第81章  其他贱金属、金属陶瓷及其制品,321,匈牙利,280042.0
202607,81,第81章  其他贱金属、金属陶瓷及其制品,326,挪威,2814893.0
202607,81,第81章  其他贱金属、金属陶瓷及其制品,327,波兰,17549328.0
202607,81,第81章  其他贱金属、金属陶瓷及其制品,336,立陶宛,184601.0
202607,81,第81章  其他贱金属、金属陶瓷及其制品,340,白俄罗斯,607768.0
202607,81,第81章  其他贱金属、金属陶瓷及其制品,350,斯洛文尼亚,10458821.0
202607,81,第81章  其他贱金属、金属陶瓷及其制品,408,玻利维亚 ,104553.0
202607,81,第81章  其他贱金属、金属陶瓷及其制品,410,巴西,55390477.0
202607,81,第81章  其他贱金属、金属陶瓷及其制品,415,哥斯达黎加,55528.0
202607,81,第81章  其他贱金属、金属陶瓷及其制品,429,墨西哥,48545436.0
202607,81,第81章  其他贱金属、金属陶瓷及其制品,435,波多黎各,338908.0
202607,81,第81章  其他贱金属、金属陶瓷及其制品,501,加拿大,218709135.0
202607,81,第81章  其他贱金属、金属陶瓷及其制品,621,马绍尔群岛,18860.0
202607,82,第82章  贱金属工具、器具、利口器、餐匙、餐叉及其零件,108,塞浦路斯,3322935.0
202607,82,第82章  贱金属工具、器具、利口器、餐匙、餐叉及其零件,109,朝鲜,941.0
202607,82,第82章  贱金属工具、器具、利口器、餐匙、餐叉及其零件,118,科威特,20384321.0
202607,82,第82章  贱金属工具、器具、利口器、餐匙、餐叉及其零件,123,马尔代夫,2090034.0
202607,82,第82章  贱金属工具、器具、利口器、餐匙、餐叉及其零件,124,蒙古,4008866.0
202607,82,第82章  贱金属工具、器具、利口器、餐匙、餐叉及其零件,127,巴基斯坦,33501289.0
202607,82,第82章  贱金属工具、器具、利口器、餐匙、餐叉及其零件,129,菲律宾,158638628.0
202607,82,第82章  贱金属工具、器具、利口器、餐匙、餐叉及其零件,137,土耳其,166427008.0
202607,82,第82章  贱金属工具、器具、利口器、餐匙、餐叉及其零件,138,阿联酋,144912370.0
202607,82,第82章  贱金属工具、器具、利口器、餐匙、餐叉及其零件,147,塔吉克斯坦,21504011.0
202607,82,第82章  贱金属工具、器具、利口器、餐匙、餐叉及其零件,203,贝宁,11500047.0
202607,82,第82章  贱金属工具、器具、利口器、餐匙、餐叉及其零件,208,佛得角,258950.0
202607,82,第82章  贱金属工具、器具、利口器、餐匙、餐叉及其零件,209,中非,93979.0
202607,82,第82章  贱金属工具、器具、利口器、餐匙、餐叉及其零件,211,乍得,1172066.0
202607,82,第82章  贱金属工具、器具、利口器、餐匙、餐叉及其零件,213,刚果共和国,17664204.0
202607,82,第82章  贱金属工具、器具、利口器、餐匙、餐叉及其零件,219,冈比亚,1993185.0
202607,82,第82章  贱金属工具、器具、利口器、餐匙、餐叉及其零件,220,加纳,60782023.0
202607,82,第82章  贱金属工具、器具、利口器、餐匙、餐叉及其零件,222,几内亚比绍,219045.0
202607,82,第82章  贱金属工具、器具、利口器、餐匙、餐叉及其零件,224,肯尼亚,72026795.0
202607,82,第82章  贱金属工具、器具、利口器、餐匙、餐叉及其零件,227,马达加斯加,9800996.0
202607,82,第82章  贱金属工具、器具、利口器、餐匙、餐叉及其零件,233,莫桑比克,51681940.0
202607,82,第82章  贱金属工具、器具、利口器、餐匙、餐叉及其零件,235,尼日尔,88114.0
202607,82,第82章  贱金属工具、器具、利口器、餐匙、餐叉及其零件,239,圣多美和普林西比,380588.0
202607,82,第82章  贱金属工具、器具、利口器、餐匙、餐叉及其零件,241,塞舌尔,301539.0
202607,82,第82章  贱金属工具、器具、利口器、餐匙、餐叉及其零件,244,南非,175564702.0
202607,82,第82章  贱金属工具、器具、利口器、餐匙、餐叉及其零件,250,乌干达,10152259.0
202607,82,第82章  贱金属工具、器具、利口器、餐匙、餐叉及其零件,252,刚果民主共和国,26050954.0
202607,82,第82章  贱金属工具、器具、利口器、餐匙、餐叉及其零件,254,津巴布韦,12577038.0
202607,82,第82章  贱金属工具、器具、利口器、餐匙、餐叉及其零件,255,莱索托,492924.0
202607,82,第82章  贱金属工具、器具、利口器、餐匙、餐叉及其零件,258,厄立特里亚,3721497.0
202607,82,第82章  贱金属工具、器具、利口器、餐匙、餐叉及其零件,301,比利时,203465073.0
202607,82,第82章  贱金属工具、器具、利口器、餐匙、餐叉及其零件,305,法国,252602373.0
202607,82,第82章  贱金属工具、器具、利口器、餐匙、餐叉及其零件,306,爱尔兰,36025685.0
202607,82,第82章  贱金属工具、器具、利口器、餐匙、餐叉及其零件,307,意大利,229177989.0
202607,82,第82章  贱金属工具、器具、利口器、餐匙、餐叉及其零件,309,荷兰,400895925.0
202607,82,第82章  贱金属工具、器具、利口器、餐匙、餐叉及其零件,310,希腊,39166661.0
202607,82,第82章  贱金属工具、器具、利口器、餐匙、餐叉及其零件,312,西班牙,292988363.0
202607,82,第82章  贱金属工具、器具、利口器、餐匙、餐叉及其零件,313,阿尔巴尼亚,13908203.0
202607,82,第82章  贱金属工具、器具、利口器、餐匙、餐叉及其零件,315,奥地利,32220452.0
202607,82,第82章  贱金属工具、器具、利口器、餐匙、餐叉及其零件,316,保加利亚,23140268.0
202607,82,第82章  贱金属工具、器具、利口器、餐匙、餐叉及其零件,318,芬兰,54275999.0
202607,82,第82章  贱金属工具、器具、利口器、餐匙、餐叉及其零件,320,直布罗陀,29158.0
202607,82,第82章  贱金属工具、器具、利口器、餐匙、餐叉及其零件,321,匈牙利,27157173.0
202607,82,第82章  贱金属工具、器具、利口器、餐匙、餐叉及其零件,326,挪威,16051665.0
202607,82,第82章  贱金属工具、器具、利口器、餐匙、餐叉及其零件,327,波兰,318874992.0
202607,82,第82章  贱金属工具、器具、利口器、餐匙、餐叉及其零件,336,立陶宛,10102831.0
202607,82,第82章  贱金属工具、器具、利口器、餐匙、餐叉及其零件,340,白俄罗斯,63854640.0
202607,82,第82章  贱金属工具、器具、利口器、餐匙、餐叉及其零件,350,斯洛文尼亚,57160578.0
202607,82,第82章  贱金属工具、器具、利口器、餐匙、餐叉及其零件,359,黑山,1582989.0
202607,82,第82章  贱金属工具、器具、利口器、餐匙、餐叉及其零件,404,巴哈马,69576.0
202607,82,第82章  贱金属工具、器具、利口器、餐匙、餐叉及其零件,405,巴巴多斯,721481.0
202607,82,第82章  贱金属工具、器具、利口器、餐匙、餐叉及其零件,406,伯利兹,826073.0
202607,82,第82章  贱金属工具、器具、利口器、餐匙、餐叉及其零件,408,玻利维亚 ,4026414.0
202607,82,第82章  贱金属工具、器具、利口器、餐匙、餐叉及其零件,410,巴西,601798486.0
202607,82,第82章  贱金属工具、器具、利口器、餐匙、餐叉及其零件,415,哥斯达黎加,14187850.0
202607,82,第82章  贱金属工具、器具、利口器、餐匙、餐叉及其零件,422,瓜德罗普,317956.0
202607,82,第82章  贱金属工具、器具、利口器、餐匙、餐叉及其零件,427,牙买加,5461012.0
202607,82,第82章  贱金属工具、器具、利口器、餐匙、餐叉及其零件,429,墨西哥,357648701.0
202607,82,第82章  贱金属工具、器具、利口器、餐匙、餐叉及其零件,431,尼加拉瓜,6651160.0
202607,82,第82章  贱金属工具、器具、利口器、餐匙、餐叉及其零件,435,波多黎各,2005931.0
202607,82,第82章  贱金属工具、器具、利口器、餐匙、餐叉及其零件,442,特立尼达和多巴哥,3266108.0
202607,82,第82章  贱金属工具、器具、利口器、餐匙、餐叉及其零件,443,特克斯和凯科斯群岛,76573.0
202607,82,第82章  贱金属工具、器具、利口器、餐匙、餐叉及其零件,444,乌拉圭,15088972.0
202607,82,第82章  贱金属工具、器具、利口器、餐匙、餐叉及其零件,446,英属维尔京群岛,441.0
202607,82,第82章  贱金属工具、器具、利口器、餐匙、餐叉及其零件,501,加拿大,373988692.0
202607,82,第82章  贱金属工具、器具、利口器、餐匙、餐叉及其零件,503,格陵兰,6132.0
202607,82,第82章  贱金属工具、器具、利口器、餐匙、餐叉及其零件,614,汤加,483991.0
202607,82,第82章  贱金属工具、器具、利口器、餐匙、餐叉及其零件,617,萨摩亚,160151.0
202607,82,第82章  贱金属工具、器具、利口器、餐匙、餐叉及其零件,621,马绍尔群岛,561558.0
202607,83,第83章  贱金属杂项制品,108,塞浦路斯,4137166.0
202607,83,第83章  贱金属杂项制品,109,朝鲜,1863.0
202607,83,第83章  贱金属杂项制品,118,科威特,25988452.0
202607,83,第83章  贱金属杂项制品,123,马尔代夫,15982064.0
202607,83,第83章  贱金属杂项制品,124,蒙古,7741497.0
202607,83,第83章  贱金属杂项制品,127,巴基斯坦,78187990.0
202607,83,第83章  贱金属杂项制品,129,菲律宾,282796389.0
202607,83,第83章  贱金属杂项制品,137,土耳其,146694819.0
202607,83,第83章  贱金属杂项制品,138,阿联酋,266284355.0
202607,83,第83章  贱金属杂项制品,147,塔吉克斯坦,72786556.0
202607,83,第83章  贱金属杂项制品,203,贝宁,26097478.0
202607,83,第83章  贱金属杂项制品,207,加那利群岛,5802.0
202607,83,第83章  贱金属杂项制品,208,佛得角,530704.0
202607,83,第83章  贱金属杂项制品,209,中非,13881.0
202607,83,第83章  贱金属杂项制品,211,乍得,2239263.0
202607,83,第83章  贱金属杂项制品,213,刚果共和国,7039157.0
202607,83,第83章  贱金属杂项制品,219,冈比亚,2672293.0
202607,83,第83章  贱金属杂项制品,220,加纳,111302439.0
202607,83,第83章  贱金属杂项制品,222,几内亚比绍,529334.0
202607,83,第83章  贱金属杂项制品,224,肯尼亚,135315176.0
202607,83,第83章  贱金属杂项制品,227,马达加斯加,15174410.0
202607,83,第83章  贱金属杂项制品,233,莫桑比克,47194564.0
202607,83,第83章  贱金属杂项制品,235,尼日尔,1963067.0
202607,83,第83章  贱金属杂项制品,239,圣多美和普林西比,409678.0
202607,83,第83章  贱金属杂项制品,241,塞舌尔,705088.0
202607,83,第83章  贱金属杂项制品,244,南非,136179870.0
202607,83,第83章  贱金属杂项制品,250,乌干达,6816944.0
202607,83,第83章  贱金属杂项制品,252,刚果民主共和国,21871803.0
202607,83,第83章  贱金属杂项制品,254,津巴布韦,11372936.0
202607,83,第83章  贱金属杂项制品,255,莱索托,171594.0
202607,83,第83章  贱金属杂项制品,258,厄立特里亚,241307.0
202607,83,第83章  贱金属杂项制品,299,非洲其他国家(地区),144187.0
202607,83,第83章  贱金属杂项制品,301,比利时,89574608.0
202607,83,第83章  贱金属杂项制品,305,法国,253329394.0
202607,83,第83章  贱金属杂项制品,306,爱尔兰,19354313.0
202607,83,第83章  贱金属杂项制品,307,意大利,274321086.0
202607,83,第83章  贱金属杂项制品,309,荷兰,212968202.0
202607,83,第83章  贱金属杂项制品,310,希腊,44195976.0
202607,83,第83章  贱金属杂项制品,312,西班牙,258528311.0
202607,83,第83章  贱金属杂项制品,313,阿尔巴尼亚,15576641.0
202607,83,第83章  贱金属杂项制品,314,安道尔,10839.0
202607,83,第83章  贱金属杂项制品,315,奥地利,18114193.0
202607,83,第83章  贱金属杂项制品,316,保加利亚,18901221.0
202607,83,第83章  贱金属杂项制品,318,芬兰,18243298.0
202607,83,第83章  贱金属杂项制品,320,直布罗陀,13728.0
202607,83,第83章  贱金属杂项制品,321,匈牙利,29860262.0
202607,83,第83章  贱金属杂项制品,326,挪威,11456662.0
202607,83,第83章  贱金属杂项制品,327,波兰,238655901.0
202607,83,第83章  贱金属杂项制品,336,立陶宛,25798341.0
202607,83,第83章  贱金属杂项制品,340,白俄罗斯,44286670.0
202607,83,第83章  贱金属杂项制品,350,斯洛文尼亚,14302364.0
202607,83,第83章  贱金属杂项制品,359,黑山,363053.0
202607,83,第83章  贱金属杂项制品,404,巴哈马,701241.0
202607,83,第83章  贱金属杂项制品,405,巴巴多斯,633274.0
202607,83,第83章  贱金属杂项制品,406,伯利兹,828310.0
202607,83,第83章  贱金属杂项制品,408,玻利维亚 ,5539783.0
202607,83,第83章  贱金属杂项制品,410,巴西,297343871.0
202607,83,第83章  贱金属杂项制品,415,哥斯达黎加,14992191.0
202607,83,第83章  贱金属杂项制品,422,瓜德罗普,280686.0
202607,83,第83章  贱金属杂项制品,427,牙买加,8811181.0
202607,83,第83章  贱金属杂项制品,429,墨西哥,369073979.0
202607,83,第83章  贱金属杂项制品,431,尼加拉瓜,6819843.0
202607,83,第83章  贱金属杂项制品,435,波多黎各,9634541.0
202607,83,第83章  贱金属杂项制品,442,特立尼达和多巴哥,2308475.0
202607,83,第83章  贱金属杂项制品,443,特克斯和凯科斯群岛,27755.0
202607,83,第83章  贱金属杂项制品,444,乌拉圭,11578484.0
202607,83,第83章  贱金属杂项制品,446,英属维尔京群岛,3881.0
202607,83,第83章  贱金属杂项制品,501,加拿大,343957623.0
202607,83,第83章  贱金属杂项制品,614,汤加,288928.0
202607,83,第83章  贱金属杂项制品,617,萨摩亚,1190166.0
202607,83,第83章  贱金属杂项制品,621,马绍尔群岛,1668169.0
202607,83,第83章  贱金属杂项制品,625,瓦利斯和富图纳 ,3122.0
202607,84,第84章  核反应堆、锅炉、机器、机械器具及零件,108,塞浦路斯,110817841.0
202607,84,第84章  核反应堆、锅炉、机器、机械器具及零件,109,朝鲜,236956.0
202607,84,第84章  核反应堆、锅炉、机器、机械器具及零件,118,科威特,266583962.0
202607,84,第84章  核反应堆、锅炉、机器、机械器具及零件,123,马尔代夫,59927667.0
202607,84,第84章  核反应堆、锅炉、机器、机械器具及零件,124,蒙古,539985967.0
202607,84,第84章  核反应堆、锅炉、机器、机械器具及零件,127,巴基斯坦,1343673670.0
202607,84,第84章  核反应堆、锅炉、机器、机械器具及零件,129,菲律宾,3291916726.0
202607,84,第84章  核反应堆、锅炉、机器、机械器具及零件,137,土耳其,5214463508.0
202607,84,第84章  核反应堆、锅炉、机器、机械器具及零件,138,阿联酋,5774918044.0
202607,84,第84章  核反应堆、锅炉、机器、机械器具及零件,147,塔吉克斯坦,628955805.0
202607,84,第84章  核反应堆、锅炉、机器、机械器具及零件,203,贝宁,123098577.0
202607,84,第84章  核反应堆、锅炉、机器、机械器具及零件,207,加那利群岛,241754.0
202607,84,第84章  核反应堆、锅炉、机器、机械器具及零件,208,佛得角,4949474.0
202607,84,第84章  核反应堆、锅炉、机器、机械器具及零件,209,中非,16225406.0
202607,84,第84章  核反应堆、锅炉、机器、机械器具及零件,211,乍得,58616648.0
202607,84,第84章  核反应堆、锅炉、机器、机械器具及零件,213,刚果共和国,294202297.0
202607,84,第84章  核反应堆、锅炉、机器、机械器具及零件,219,冈比亚,13867825.0
202607,84,第84章  核反应堆、锅炉、机器、机械器具及零件,220,加纳,1372725296.0
202607,84,第84章  核反应堆、锅炉、机器、机械器具及零件,222,几内亚比绍,4288041.0
202607,84,第84章  核反应堆、锅炉、机器、机械器具及零件,224,肯尼亚,836480267.0
202607,84,第84章  核反应堆、锅炉、机器、机械器具及零件,227,马达加斯加,65504241.0
202607,84,第84章  核反应堆、锅炉、机器、机械器具及零件,233,莫桑比克,315001139.0
202607,84,第84章  核反应堆、锅炉、机器、机械器具及零件,235,尼日尔,28951868.0
202607,84,第84章  核反应堆、锅炉、机器、机械器具及零件,239,圣多美和普林西比,34594950.0
202607,84,第84章  核反应堆、锅炉、机器、机械器具及零件,241,塞舌尔,7413086.0
202607,84,第84章  核反应堆、锅炉、机器、机械器具及零件,244,南非,2831244650.0
202607,84,第84章  核反应堆、锅炉、机器、机械器具及零件,250,乌干达,293438302.0
202607,84,第84章  核反应堆、锅炉、机器、机械器具及零件,252,刚果民主共和国,744120185.0
202607,84,第84章  核反应堆、锅炉、机器、机械器具及零件,254,津巴布韦,454771571.0
202607,84,第84章  核反应堆、锅炉、机器、机械器具及零件,255,莱索托,4044113.0
202607,84,第84章  核反应堆、锅炉、机器、机械器具及零件,258,厄立特里亚,50210277.0
202607,84,第84章  核反应堆、锅炉、机器、机械器具及零件,301,比利时,2077314052.0
202607,84,第84章  核反应堆、锅炉、机器、机械器具及零件,305,法国,5432853757.0
202607,84,第84章  核反应堆、锅炉、机器、机械器具及零件,306,爱尔兰,1858989785.0
202607,84,第84章  核反应堆、锅炉、机器、机械器具及零件,307,意大利,5870501268.0
202607,84,第84章  核反应堆、锅炉、机器、机械器具及零件,309,荷兰,12640187398.0
202607,84,第84章  核反应堆、锅炉、机器、机械器具及零件,310,希腊,968809506.0
202607,84,第84章  核反应堆、锅炉、机器、机械器具及零件,312,西班牙,3931428166.0
202607,84,第84章  核反应堆、锅炉、机器、机械器具及零件,313,阿尔巴尼亚,125907341.0
202607,84,第84章  核反应堆、锅炉、机器、机械器具及零件,314,安道尔,37449.0
202607,84,第84章  核反应堆、锅炉、机器、机械器具及零件,315,奥地利,773680109.0
202607,84,第84章  核反应堆、锅炉、机器、机械器具及零件,316,保加利亚,401891588.0
202607,84,第84章  核反应堆、锅炉、机器、机械器具及零件,318,芬兰,539349509.0
202607,84,第84章  核反应堆、锅炉、机器、机械器具及零件,320,直布罗陀,106578.0
202607,84,第84章  核反应堆、锅炉、机器、机械器具及零件,321,匈牙利,2399138852.0
202607,84,第84章  核反应堆、锅炉、机器、机械器具及零件,326,挪威,261228686.0
202607,84,第84章  核反应堆、锅炉、机器、机械器具及零件,327,波兰,6444973322.0
202607,84,第84章  核反应堆、锅炉、机器、机械器具及零件,336,立陶宛,202306731.0
202607,84,第84章  核反应堆、锅炉、机器、机械器具及零件,340,白俄罗斯,1040291920.0
202607,84,第84章  核反应堆、锅炉、机器、机械器具及零件,350,斯洛文尼亚,405846892.0
202607,84,第84章  核反应堆、锅炉、机器、机械器具及零件,357,法罗群岛,66460.0
202607,84,第84章  核反应堆、锅炉、机器、机械器具及零件,359,黑山,17489019.0
202607,84,第84章  核反应堆、锅炉、机器、机械器具及零件,404,巴哈马,102910966.0
202607,84,第84章  核反应堆、锅炉、机器、机械器具及零件,405,巴巴多斯,37298539.0
202607,84,第84章  核反应堆、锅炉、机器、机械器具及零件,406,伯利兹,10824550.0
202607,84,第84章  核反应堆、锅炉、机器、机械器具及零件,408,玻利维亚 ,176798629.0
202607,84,第84章  核反应堆、锅炉、机器、机械器具及零件,410,巴西,9054308681.0
202607,84,第84章  核反应堆、锅炉、机器、机械器具及零件,415,哥斯达黎加,227993867.0
202607,84,第84章  核反应堆、锅炉、机器、机械器具及零件,422,瓜德罗普,16539399.0
202607,84,第84章  核反应堆、锅炉、机器、机械器具及零件,427,牙买加,174779557.0
202607,84,第84章  核反应堆、锅炉、机器、机械器具及零件,429,墨西哥,13266647527.0
202607,84,第84章  核反应堆、锅炉、机器、机械器具及零件,430,蒙特塞拉特,822802.0
202607,84,第84章  核反应堆、锅炉、机器、机械器具及零件,431,尼加拉瓜,102771202.0
202607,84,第84章  核反应堆、锅炉、机器、机械器具及零件,435,波多黎各,88106784.0
202607,84,第84章  核反应堆、锅炉、机器、机械器具及零件,442,特立尼达和多巴哥,105709090.0
202607,84,第84章  核反应堆、锅炉、机器、机械器具及零件,443,特克斯和凯科斯群岛,2293576.0
202607,84,第84章  核反应堆、锅炉、机器、机械器具及零件,444,乌拉圭,423854048.0
202607,84,第84章  核反应堆、锅炉、机器、机械器具及零件,446,英属维尔京群岛,726371.0
202607,84,第84章  核反应堆、锅炉、机器、机械器具及零件,501,加拿大,4977662954.0
202607,84,第84章  核反应堆、锅炉、机器、机械器具及零件,614,汤加,3387748.0
202607,84,第84章  核反应堆、锅炉、机器、机械器具及零件,617,萨摩亚,6062479.0
202607,84,第84章  核反应堆、锅炉、机器、机械器具及零件,621,马绍尔群岛,309845702.0
202607,84,第84章  核反应堆、锅炉、机器、机械器具及零件,625,瓦利斯和富图纳 ,525224.0
202607,85,第85章  电机、电气设备及其零件；录音机及放声机、电视图像、声音的录制和重放设备及其零件、附件,108,塞浦路斯,56645866.0
202607,85,第85章  电机、电气设备及其零件；录音机及放声机、电视图像、声音的录制和重放设备及其零件、附件,109,朝鲜,91867.0
202607,85,第85章  电机、电气设备及其零件；录音机及放声机、电视图像、声音的录制和重放设备及其零件、附件,118,科威特,190678119.0
202607,85,第85章  电机、电气设备及其零件；录音机及放声机、电视图像、声音的录制和重放设备及其零件、附件,123,马尔代夫,56547836.0
202607,85,第85章  电机、电气设备及其零件；录音机及放声机、电视图像、声音的录制和重放设备及其零件、附件,124,蒙古,249134615.0
202607,85,第85章  电机、电气设备及其零件；录音机及放声机、电视图像、声音的录制和重放设备及其零件、附件,127,巴基斯坦,3299260516.0
202607,85,第85章  电机、电气设备及其零件；录音机及放声机、电视图像、声音的录制和重放设备及其零件、附件,129,菲律宾,15911405938.0
202607,85,第85章  电机、电气设备及其零件；录音机及放声机、电视图像、声音的录制和重放设备及其零件、附件,137,土耳其,6112882828.0
202607,85,第85章  电机、电气设备及其零件；录音机及放声机、电视图像、声音的录制和重放设备及其零件、附件,138,阿联酋,7075168118.0
202607,85,第85章  电机、电气设备及其零件；录音机及放声机、电视图像、声音的录制和重放设备及其零件、附件,147,塔吉克斯坦,300024678.0
202607,85,第85章  电机、电气设备及其零件；录音机及放声机、电视图像、声音的录制和重放设备及其零件、附件,203,贝宁,202090282.0
202607,85,第85章  电机、电气设备及其零件；录音机及放声机、电视图像、声音的录制和重放设备及其零件、附件,207,加那利群岛,242401.0
202607,85,第85章  电机、电气设备及其零件；录音机及放声机、电视图像、声音的录制和重放设备及其零件、附件,208,佛得角,4253731.0
202607,85,第85章  电机、电气设备及其零件；录音机及放声机、电视图像、声音的录制和重放设备及其零件、附件,209,中非,14277425.0
202607,85,第85章  电机、电气设备及其零件；录音机及放声机、电视图像、声音的录制和重放设备及其零件、附件,211,乍得,88459070.0
202607,85,第85章  电机、电气设备及其零件；录音机及放声机、电视图像、声音的录制和重放设备及其零件、附件,213,刚果共和国,123330114.0
202607,85,第85章  电机、电气设备及其零件；录音机及放声机、电视图像、声音的录制和重放设备及其零件、附件,219,冈比亚,20125618.0
202607,85,第85章  电机、电气设备及其零件；录音机及放声机、电视图像、声音的录制和重放设备及其零件、附件,220,加纳,845706431.0
202607,85,第85章  电机、电气设备及其零件；录音机及放声机、电视图像、声音的录制和重放设备及其零件、附件,222,几内亚比绍,6312734.0
202607,85,第85章  电机、电气设备及其零件；录音机及放声机、电视图像、声音的录制和重放设备及其零件、附件,224,肯尼亚,1376871909.0
202607,85,第85章  电机、电气设备及其零件；录音机及放声机、电视图像、声音的录制和重放设备及其零件、附件,227,马达加斯加,123313650.0
202607,85,第85章  电机、电气设备及其零件；录音机及放声机、电视图像、声音的录制和重放设备及其零件、附件,233,莫桑比克,334073199.0
202607,85,第85章  电机、电气设备及其零件；录音机及放声机、电视图像、声音的录制和重放设备及其零件、附件,235,尼日尔,64027166.0
202607,85,第85章  电机、电气设备及其零件；录音机及放声机、电视图像、声音的录制和重放设备及其零件、附件,239,圣多美和普林西比,1477161.0
202607,85,第85章  电机、电气设备及其零件；录音机及放声机、电视图像、声音的录制和重放设备及其零件、附件,241,塞舌尔,12689514.0
202607,85,第85章  电机、电气设备及其零件；录音机及放声机、电视图像、声音的录制和重放设备及其零件、附件,244,南非,3539814366.0
202607,85,第85章  电机、电气设备及其零件；录音机及放声机、电视图像、声音的录制和重放设备及其零件、附件,250,乌干达,275745404.0
202607,85,第85章  电机、电气设备及其零件；录音机及放声机、电视图像、声音的录制和重放设备及其零件、附件,252,刚果民主共和国,1020549327.0
202607,85,第85章  电机、电气设备及其零件；录音机及放声机、电视图像、声音的录制和重放设备及其零件、附件,254,津巴布韦,296798446.0
202607,85,第85章  电机、电气设备及其零件；录音机及放声机、电视图像、声音的录制和重放设备及其零件、附件,255,莱索托,2079809.0
202607,85,第85章  电机、电气设备及其零件；录音机及放声机、电视图像、声音的录制和重放设备及其零件、附件,258,厄立特里亚,11300608.0
202607,85,第85章  电机、电气设备及其零件；录音机及放声机、电视图像、声音的录制和重放设备及其零件、附件,301,比利时,2847869468.0
202607,85,第85章  电机、电气设备及其零件；录音机及放声机、电视图像、声音的录制和重放设备及其零件、附件,305,法国,6482338399.0
202607,85,第85章  电机、电气设备及其零件；录音机及放声机、电视图像、声音的录制和重放设备及其零件、附件,306,爱尔兰,713451433.0
202607,85,第85章  电机、电气设备及其零件；录音机及放声机、电视图像、声音的录制和重放设备及其零件、附件,307,意大利,6653118313.0
202607,85,第85章  电机、电气设备及其零件；录音机及放声机、电视图像、声音的录制和重放设备及其零件、附件,309,荷兰,20417213495.0
202607,85,第85章  电机、电气设备及其零件；录音机及放声机、电视图像、声音的录制和重放设备及其零件、附件,310,希腊,1218883929.0
202607,85,第85章  电机、电气设备及其零件；录音机及放声机、电视图像、声音的录制和重放设备及其零件、附件,312,西班牙,5365658873.0
202607,85,第85章  电机、电气设备及其零件；录音机及放声机、电视图像、声音的录制和重放设备及其零件、附件,313,阿尔巴尼亚,95075531.0
202607,85,第85章  电机、电气设备及其零件；录音机及放声机、电视图像、声音的录制和重放设备及其零件、附件,314,安道尔,293534.0
202607,85,第85章  电机、电气设备及其零件；录音机及放声机、电视图像、声音的录制和重放设备及其零件、附件,315,奥地利,1316868457.0
202607,85,第85章  电机、电气设备及其零件；录音机及放声机、电视图像、声音的录制和重放设备及其零件、附件,316,保加利亚,1415223316.0
202607,85,第85章  电机、电气设备及其零件；录音机及放声机、电视图像、声音的录制和重放设备及其零件、附件,318,芬兰,1090373469.0
202607,85,第85章  电机、电气设备及其零件；录音机及放声机、电视图像、声音的录制和重放设备及其零件、附件,320,直布罗陀,30194.0
202607,85,第85章  电机、电气设备及其零件；录音机及放声机、电视图像、声音的录制和重放设备及其零件、附件,321,匈牙利,5013493343.0
202607,85,第85章  电机、电气设备及其零件；录音机及放声机、电视图像、声音的录制和重放设备及其零件、附件,326,挪威,538557826.0
202607,85,第85章  电机、电气设备及其零件；录音机及放声机、电视图像、声音的录制和重放设备及其零件、附件,327,波兰,9094322291.0
202607,85,第85章  电机、电气设备及其零件；录音机及放声机、电视图像、声音的录制和重放设备及其零件、附件,336,立陶宛,266542912.0
202607,85,第85章  电机、电气设备及其零件；录音机及放声机、电视图像、声音的录制和重放设备及其零件、附件,340,白俄罗斯,864714081.0
202607,85,第85章  电机、电气设备及其零件；录音机及放声机、电视图像、声音的录制和重放设备及其零件、附件,350,斯洛文尼亚,1845334424.0
202607,85,第85章  电机、电气设备及其零件；录音机及放声机、电视图像、声音的录制和重放设备及其零件、附件,356,梵蒂冈,11985.0
202607,85,第85章  电机、电气设备及其零件；录音机及放声机、电视图像、声音的录制和重放设备及其零件、附件,357,法罗群岛,39149.0
202607,85,第85章  电机、电气设备及其零件；录音机及放声机、电视图像、声音的录制和重放设备及其零件、附件,359,黑山,9554662.0
202607,85,第85章  电机、电气设备及其零件；录音机及放声机、电视图像、声音的录制和重放设备及其零件、附件,404,巴哈马,36482070.0
202607,85,第85章  电机、电气设备及其零件；录音机及放声机、电视图像、声音的录制和重放设备及其零件、附件,405,巴巴多斯,10268386.0
202607,85,第85章  电机、电气设备及其零件；录音机及放声机、电视图像、声音的录制和重放设备及其零件、附件,406,伯利兹,24123248.0
202607,85,第85章  电机、电气设备及其零件；录音机及放声机、电视图像、声音的录制和重放设备及其零件、附件,408,玻利维亚 ,71737482.0
202607,85,第85章  电机、电气设备及其零件；录音机及放声机、电视图像、声音的录制和重放设备及其零件、附件,410,巴西,10223944704.0
202607,85,第85章  电机、电气设备及其零件；录音机及放声机、电视图像、声音的录制和重放设备及其零件、附件,415,哥斯达黎加,321559512.0
202607,85,第85章  电机、电气设备及其零件；录音机及放声机、电视图像、声音的录制和重放设备及其零件、附件,422,瓜德罗普,7602779.0
202607,85,第85章  电机、电气设备及其零件；录音机及放声机、电视图像、声音的录制和重放设备及其零件、附件,427,牙买加,121893278.0
202607,85,第85章  电机、电气设备及其零件；录音机及放声机、电视图像、声音的录制和重放设备及其零件、附件,429,墨西哥,17756856896.0
202607,85,第85章  电机、电气设备及其零件；录音机及放声机、电视图像、声音的录制和重放设备及其零件、附件,431,尼加拉瓜,183187673.0
202607,85,第85章  电机、电气设备及其零件；录音机及放声机、电视图像、声音的录制和重放设备及其零件、附件,435,波多黎各,93659247.0
202607,85,第85章  电机、电气设备及其零件；录音机及放声机、电视图像、声音的录制和重放设备及其零件、附件,442,特立尼达和多巴哥,46914867.0
202607,85,第85章  电机、电气设备及其零件；录音机及放声机、电视图像、声音的录制和重放设备及其零件、附件,443,特克斯和凯科斯群岛,2644024.0
202607,85,第85章  电机、电气设备及其零件；录音机及放声机、电视图像、声音的录制和重放设备及其零件、附件,444,乌拉圭,355005211.0
202607,85,第85章  电机、电气设备及其零件；录音机及放声机、电视图像、声音的录制和重放设备及其零件、附件,446,英属维尔京群岛,61390.0
202607,85,第85章  电机、电气设备及其零件；录音机及放声机、电视图像、声音的录制和重放设备及其零件、附件,501,加拿大,5809145928.0
202607,85,第85章  电机、电气设备及其零件；录音机及放声机、电视图像、声音的录制和重放设备及其零件、附件,503,格陵兰,10378.0
202607,85,第85章  电机、电气设备及其零件；录音机及放声机、电视图像、声音的录制和重放设备及其零件、附件,614,汤加,1752075.0
202607,85,第85章  电机、电气设备及其零件；录音机及放声机、电视图像、声音的录制和重放设备及其零件、附件,617,萨摩亚,8529104.0
202607,85,第85章  电机、电气设备及其零件；录音机及放声机、电视图像、声音的录制和重放设备及其零件、附件,621,马绍尔群岛,19093551.0
202607,85,第85章  电机、电气设备及其零件；录音机及放声机、电视图像、声音的录制和重放设备及其零件、附件,625,瓦利斯和富图纳 ,41078.0
202607,86,第86章  铁道及电车道机车、车辆及其零件；铁道及电车道轨道固定装置及其零件；附件；各种机械（包括电动机械）交通信号设备,108,塞浦路斯,2691494.0
202607,86,第86章  铁道及电车道机车、车辆及其零件；铁道及电车道轨道固定装置及其零件；附件；各种机械（包括电动机械）交通信号设备,118,科威特,272.0
202607,86,第86章  铁道及电车道机车、车辆及其零件；铁道及电车道轨道固定装置及其零件；附件；各种机械（包括电动机械）交通信号设备,124,蒙古,12232940.0
202607,86,第86章  铁道及电车道机车、车辆及其零件；铁道及电车道轨道固定装置及其零件；附件；各种机械（包括电动机械）交通信号设备,127,巴基斯坦,113579497.0
202607,86,第86章  铁道及电车道机车、车辆及其零件；铁道及电车道轨道固定装置及其零件；附件；各种机械（包括电动机械）交通信号设备,129,菲律宾,8302754.0
202607,86,第86章  铁道及电车道机车、车辆及其零件；铁道及电车道轨道固定装置及其零件；附件；各种机械（包括电动机械）交通信号设备,137,土耳其,17566530.0
202607,86,第86章  铁道及电车道机车、车辆及其零件；铁道及电车道轨道固定装置及其零件；附件；各种机械（包括电动机械）交通信号设备,138,阿联酋,71323093.0
202607,86,第86章  铁道及电车道机车、车辆及其零件；铁道及电车道轨道固定装置及其零件；附件；各种机械（包括电动机械）交通信号设备,147,塔吉克斯坦,197959.0
202607,86,第86章  铁道及电车道机车、车辆及其零件；铁道及电车道轨道固定装置及其零件；附件；各种机械（包括电动机械）交通信号设备,213,刚果共和国,32831.0
202607,86,第86章  铁道及电车道机车、车辆及其零件；铁道及电车道轨道固定装置及其零件；附件；各种机械（包括电动机械）交通信号设备,220,加纳,247390.0
202607,86,第86章  铁道及电车道机车、车辆及其零件；铁道及电车道轨道固定装置及其零件；附件；各种机械（包括电动机械）交通信号设备,224,肯尼亚,28711097.0
202607,86,第86章  铁道及电车道机车、车辆及其零件；铁道及电车道轨道固定装置及其零件；附件；各种机械（包括电动机械）交通信号设备,227,马达加斯加,12700.0
202607,86,第86章  铁道及电车道机车、车辆及其零件；铁道及电车道轨道固定装置及其零件；附件；各种机械（包括电动机械）交通信号设备,233,莫桑比克,80096750.0
202607,86,第86章  铁道及电车道机车、车辆及其零件；铁道及电车道轨道固定装置及其零件；附件；各种机械（包括电动机械）交通信号设备,241,塞舌尔,271840.0
202607,86,第86章  铁道及电车道机车、车辆及其零件；铁道及电车道轨道固定装置及其零件；附件；各种机械（包括电动机械）交通信号设备,244,南非,11529214.0
202607,86,第86章  铁道及电车道机车、车辆及其零件；铁道及电车道轨道固定装置及其零件；附件；各种机械（包括电动机械）交通信号设备,252,刚果民主共和国,3365762.0
202607,86,第86章  铁道及电车道机车、车辆及其零件；铁道及电车道轨道固定装置及其零件；附件；各种机械（包括电动机械）交通信号设备,254,津巴布韦,708109.0
202607,86,第86章  铁道及电车道机车、车辆及其零件；铁道及电车道轨道固定装置及其零件；附件；各种机械（包括电动机械）交通信号设备,301,比利时,17853490.0
202607,86,第86章  铁道及电车道机车、车辆及其零件；铁道及电车道轨道固定装置及其零件；附件；各种机械（包括电动机械）交通信号设备,305,法国,770884478.0
202607,86,第86章  铁道及电车道机车、车辆及其零件；铁道及电车道轨道固定装置及其零件；附件；各种机械（包括电动机械）交通信号设备,306,爱尔兰,4458985.0
202607,86,第86章  铁道及电车道机车、车辆及其零件；铁道及电车道轨道固定装置及其零件；附件；各种机械（包括电动机械）交通信号设备,307,意大利,45258918.0
202607,86,第86章  铁道及电车道机车、车辆及其零件；铁道及电车道轨道固定装置及其零件；附件；各种机械（包括电动机械）交通信号设备,309,荷兰,176589520.0
202607,86,第86章  铁道及电车道机车、车辆及其零件；铁道及电车道轨道固定装置及其零件；附件；各种机械（包括电动机械）交通信号设备,310,希腊,860965.0
202607,86,第86章  铁道及电车道机车、车辆及其零件；铁道及电车道轨道固定装置及其零件；附件；各种机械（包括电动机械）交通信号设备,312,西班牙,86391094.0
202607,86,第86章  铁道及电车道机车、车辆及其零件；铁道及电车道轨道固定装置及其零件；附件；各种机械（包括电动机械）交通信号设备,313,阿尔巴尼亚,21070.0
202607,86,第86章  铁道及电车道机车、车辆及其零件；铁道及电车道轨道固定装置及其零件；附件；各种机械（包括电动机械）交通信号设备,315,奥地利,6923714.0
202607,86,第86章  铁道及电车道机车、车辆及其零件；铁道及电车道轨道固定装置及其零件；附件；各种机械（包括电动机械）交通信号设备,316,保加利亚,3318971.0
202607,86,第86章  铁道及电车道机车、车辆及其零件；铁道及电车道轨道固定装置及其零件；附件；各种机械（包括电动机械）交通信号设备,318,芬兰,5057009.0
202607,86,第86章  铁道及电车道机车、车辆及其零件；铁道及电车道轨道固定装置及其零件；附件；各种机械（包括电动机械）交通信号设备,321,匈牙利,2358002.0
202607,86,第86章  铁道及电车道机车、车辆及其零件；铁道及电车道轨道固定装置及其零件；附件；各种机械（包括电动机械）交通信号设备,326,挪威,8920255.0
202607,86,第86章  铁道及电车道机车、车辆及其零件；铁道及电车道轨道固定装置及其零件；附件；各种机械（包括电动机械）交通信号设备,327,波兰,71903110.0
202607,86,第86章  铁道及电车道机车、车辆及其零件；铁道及电车道轨道固定装置及其零件；附件；各种机械（包括电动机械）交通信号设备,336,立陶宛,507347.0
202607,86,第86章  铁道及电车道机车、车辆及其零件；铁道及电车道轨道固定装置及其零件；附件；各种机械（包括电动机械）交通信号设备,340,白俄罗斯,14494206.0
202607,86,第86章  铁道及电车道机车、车辆及其零件；铁道及电车道轨道固定装置及其零件；附件；各种机械（包括电动机械）交通信号设备,350,斯洛文尼亚,464846.0
202607,86,第86章  铁道及电车道机车、车辆及其零件；铁道及电车道轨道固定装置及其零件；附件；各种机械（包括电动机械）交通信号设备,405,巴巴多斯,2188704.0
202607,86,第86章  铁道及电车道机车、车辆及其零件；铁道及电车道轨道固定装置及其零件；附件；各种机械（包括电动机械）交通信号设备,408,玻利维亚 ,404110.0
202607,86,第86章  铁道及电车道机车、车辆及其零件；铁道及电车道轨道固定装置及其零件；附件；各种机械（包括电动机械）交通信号设备,410,巴西,116936159.0
202607,86,第86章  铁道及电车道机车、车辆及其零件；铁道及电车道轨道固定装置及其零件；附件；各种机械（包括电动机械）交通信号设备,415,哥斯达黎加,577637.0
202607,86,第86章  铁道及电车道机车、车辆及其零件；铁道及电车道轨道固定装置及其零件；附件；各种机械（包括电动机械）交通信号设备,427,牙买加,168109.0
202607,86,第86章  铁道及电车道机车、车辆及其零件；铁道及电车道轨道固定装置及其零件；附件；各种机械（包括电动机械）交通信号设备,429,墨西哥,85600509.0
202607,86,第86章  铁道及电车道机车、车辆及其零件；铁道及电车道轨道固定装置及其零件；附件；各种机械（包括电动机械）交通信号设备,435,波多黎各,114427.0
202607,86,第86章  铁道及电车道机车、车辆及其零件；铁道及电车道轨道固定装置及其零件；附件；各种机械（包括电动机械）交通信号设备,442,特立尼达和多巴哥,2197859.0
202607,86,第86章  铁道及电车道机车、车辆及其零件；铁道及电车道轨道固定装置及其零件；附件；各种机械（包括电动机械）交通信号设备,446,英属维尔京群岛,74443212.0
202607,86,第86章  铁道及电车道机车、车辆及其零件；铁道及电车道轨道固定装置及其零件；附件；各种机械（包括电动机械）交通信号设备,501,加拿大,29424279.0
202607,86,第86章  铁道及电车道机车、车辆及其零件；铁道及电车道轨道固定装置及其零件；附件；各种机械（包括电动机械）交通信号设备,617,萨摩亚,6611421.0
202607,86,第86章  铁道及电车道机车、车辆及其零件；铁道及电车道轨道固定装置及其零件；附件；各种机械（包括电动机械）交通信号设备,621,马绍尔群岛,23732763.0
202607,87,第87章  车辆及其零件、附件，但铁道及电车道车辆除外,108,塞浦路斯,9879269.0
202607,87,第87章  车辆及其零件、附件，但铁道及电车道车辆除外,118,科威特,793877044.0
202607,87,第87章  车辆及其零件、附件，但铁道及电车道车辆除外,123,马尔代夫,7747027.0
202607,87,第87章  车辆及其零件、附件，但铁道及电车道车辆除外,124,蒙古,291408795.0
202607,87,第87章  车辆及其零件、附件，但铁道及电车道车辆除外,127,巴基斯坦,1044143391.0
202607,87,第87章  车辆及其零件、附件，但铁道及电车道车辆除外,129,菲律宾,3374220999.0
202607,87,第87章  车辆及其零件、附件，但铁道及电车道车辆除外,137,土耳其,1609169768.0
202607,87,第87章  车辆及其零件、附件，但铁道及电车道车辆除外,138,阿联酋,3676414646.0
202607,87,第87章  车辆及其零件、附件，但铁道及电车道车辆除外,147,塔吉克斯坦,633522879.0
202607,87,第87章  车辆及其零件、附件，但铁道及电车道车辆除外,203,贝宁,171346388.0
202607,87,第87章  车辆及其零件、附件，但铁道及电车道车辆除外,207,加那利群岛,50267.0
202607,87,第87章  车辆及其零件、附件，但铁道及电车道车辆除外,208,佛得角,16918266.0
202607,87,第87章  车辆及其零件、附件，但铁道及电车道车辆除外,209,中非,22434469.0
202607,87,第87章  车辆及其零件、附件，但铁道及电车道车辆除外,211,乍得,108980375.0
202607,87,第87章  车辆及其零件、附件，但铁道及电车道车辆除外,213,刚果共和国,78120298.0
202607,87,第87章  车辆及其零件、附件，但铁道及电车道车辆除外,219,冈比亚,21527518.0
202607,87,第87章  车辆及其零件、附件，但铁道及电车道车辆除外,220,加纳,1195850308.0
202607,87,第87章  车辆及其零件、附件，但铁道及电车道车辆除外,222,几内亚比绍,1806686.0
202607,87,第87章  车辆及其零件、附件，但铁道及电车道车辆除外,224,肯尼亚,856763737.0
202607,87,第87章  车辆及其零件、附件，但铁道及电车道车辆除外,227,马达加斯加,93279713.0
202607,87,第87章  车辆及其零件、附件，但铁道及电车道车辆除外,233,莫桑比克,302129327.0
202607,87,第87章  车辆及其零件、附件，但铁道及电车道车辆除外,235,尼日尔,15811588.0
202607,87,第87章  车辆及其零件、附件，但铁道及电车道车辆除外,239,圣多美和普林西比,143402.0
202607,87,第87章  车辆及其零件、附件，但铁道及电车道车辆除外,241,塞舌尔,9620050.0
202607,87,第87章  车辆及其零件、附件，但铁道及电车道车辆除外,244,南非,2585020698.0
202607,87,第87章  车辆及其零件、附件，但铁道及电车道车辆除外,250,乌干达,223711994.0
202607,87,第87章  车辆及其零件、附件，但铁道及电车道车辆除外,252,刚果民主共和国,442225039.0
202607,87,第87章  车辆及其零件、附件，但铁道及电车道车辆除外,254,津巴布韦,292881991.0
202607,87,第87章  车辆及其零件、附件，但铁道及电车道车辆除外,255,莱索托,2546486.0
202607,87,第87章  车辆及其零件、附件，但铁道及电车道车辆除外,258,厄立特里亚,16779206.0
202607,87,第87章  车辆及其零件、附件，但铁道及电车道车辆除外,301,比利时,9111425967.0
202607,87,第87章  车辆及其零件、附件，但铁道及电车道车辆除外,305,法国,2723561329.0
202607,87,第87章  车辆及其零件、附件，但铁道及电车道车辆除外,306,爱尔兰,45151151.0
202607,87,第87章  车辆及其零件、附件，但铁道及电车道车辆除外,307,意大利,3804543866.0
202607,87,第87章  车辆及其零件、附件，但铁道及电车道车辆除外,309,荷兰,2328472922.0
202607,87,第87章  车辆及其零件、附件，但铁道及电车道车辆除外,310,希腊,407460631.0
202607,87,第87章  车辆及其零件、附件，但铁道及电车道车辆除外,312,西班牙,4395461414.0
202607,87,第87章  车辆及其零件、附件，但铁道及电车道车辆除外,313,阿尔巴尼亚,138086401.0
202607,87,第87章  车辆及其零件、附件，但铁道及电车道车辆除外,314,安道尔,49085.0
202607,87,第87章  车辆及其零件、附件，但铁道及电车道车辆除外,315,奥地利,813763364.0
202607,87,第87章  车辆及其零件、附件，但铁道及电车道车辆除外,316,保加利亚,79161900.0
202607,87,第87章  车辆及其零件、附件，但铁道及电车道车辆除外,318,芬兰,37480429.0
202607,87,第87章  车辆及其零件、附件，但铁道及电车道车辆除外,321,匈牙利,664887623.0
202607,87,第87章  车辆及其零件、附件，但铁道及电车道车辆除外,326,挪威,962301056.0
202607,87,第87章  车辆及其零件、附件，但铁道及电车道车辆除外,327,波兰,2596337002.0
202607,87,第87章  车辆及其零件、附件，但铁道及电车道车辆除外,336,立陶宛,109614991.0
202607,87,第87章  车辆及其零件、附件，但铁道及电车道车辆除外,340,白俄罗斯,2015962779.0
202607,87,第87章  车辆及其零件、附件，但铁道及电车道车辆除外,350,斯洛文尼亚,2032204816.0
202607,87,第87章  车辆及其零件、附件，但铁道及电车道车辆除外,359,黑山,1947033.0
202607,87,第87章  车辆及其零件、附件，但铁道及电车道车辆除外,404,巴哈马,36916301.0
202607,87,第87章  车辆及其零件、附件，但铁道及电车道车辆除外,405,巴巴多斯,23007417.0
202607,87,第87章  车辆及其零件、附件，但铁道及电车道车辆除外,406,伯利兹,6707802.0
202607,87,第87章  车辆及其零件、附件，但铁道及电车道车辆除外,408,玻利维亚 ,301783952.0
202607,87,第87章  车辆及其零件、附件，但铁道及电车道车辆除外,410,巴西,4964782076.0
202607,87,第87章  车辆及其零件、附件，但铁道及电车道车辆除外,415,哥斯达黎加,418050339.0
202607,87,第87章  车辆及其零件、附件，但铁道及电车道车辆除外,422,瓜德罗普,1321434.0
202607,87,第87章  车辆及其零件、附件，但铁道及电车道车辆除外,427,牙买加,144077386.0
202607,87,第87章  车辆及其零件、附件，但铁道及电车道车辆除外,429,墨西哥,8729104816.0
202607,87,第87章  车辆及其零件、附件，但铁道及电车道车辆除外,431,尼加拉瓜,223727514.0
202607,87,第87章  车辆及其零件、附件，但铁道及电车道车辆除外,435,波多黎各,16792569.0
202607,87,第87章  车辆及其零件、附件，但铁道及电车道车辆除外,442,特立尼达和多巴哥,52620069.0
202607,87,第87章  车辆及其零件、附件，但铁道及电车道车辆除外,443,特克斯和凯科斯群岛,4625850.0
202607,87,第87章  车辆及其零件、附件，但铁道及电车道车辆除外,444,乌拉圭,368888584.0
202607,87,第87章  车辆及其零件、附件，但铁道及电车道车辆除外,446,英属维尔京群岛,6633510.0
202607,87,第87章  车辆及其零件、附件，但铁道及电车道车辆除外,501,加拿大,2303187834.0
202607,87,第87章  车辆及其零件、附件，但铁道及电车道车辆除外,614,汤加,3010530.0
202607,87,第87章  车辆及其零件、附件，但铁道及电车道车辆除外,617,萨摩亚,4058075.0
202607,87,第87章  车辆及其零件、附件，但铁道及电车道车辆除外,621,马绍尔群岛,2208141.0
202607,87,第87章  车辆及其零件、附件，但铁道及电车道车辆除外,625,瓦利斯和富图纳 ,327716.0
202607,88,第88章  航空器、航天器及其零件,108,塞浦路斯,40109.0
202607,88,第88章  航空器、航天器及其零件,118,科威特,310.0
202607,88,第88章  航空器、航天器及其零件,124,蒙古,332506.0
202607,88,第88章  航空器、航天器及其零件,127,巴基斯坦,88756724.0
202607,88,第88章  航空器、航天器及其零件,129,菲律宾,43833743.0
202607,88,第88章  航空器、航天器及其零件,137,土耳其,4301283.0
202607,88,第88章  航空器、航天器及其零件,138,阿联酋,228902763.0
202607,88,第88章  航空器、航天器及其零件,207,加那利群岛,12622.0
202607,88,第88章  航空器、航天器及其零件,220,加纳,334796.0
202607,88,第88章  航空器、航天器及其零件,224,肯尼亚,17568.0
202607,88,第88章  航空器、航天器及其零件,235,尼日尔,1577519.0
202607,88,第88章  航空器、航天器及其零件,244,南非,29371408.0
202607,88,第88章  航空器、航天器及其零件,254,津巴布韦,58479.0
202607,88,第88章  航空器、航天器及其零件,301,比利时,1529224.0
202607,88,第88章  航空器、航天器及其零件,305,法国,1027924814.0
202607,88,第88章  航空器、航天器及其零件,306,爱尔兰,874083.0
202607,88,第88章  航空器、航天器及其零件,307,意大利,10995323.0
202607,88,第88章  航空器、航天器及其零件,309,荷兰,87883448.0
202607,88,第88章  航空器、航天器及其零件,310,希腊,9030096.0
202607,88,第88章  航空器、航天器及其零件,312,西班牙,34567592.0
202607,88,第88章  航空器、航天器及其零件,315,奥地利,17419562.0
202607,88,第88章  航空器、航天器及其零件,316,保加利亚,815929.0
202607,88,第88章  航空器、航天器及其零件,318,芬兰,575727.0
202607,88,第88章  航空器、航天器及其零件,321,匈牙利,14667792.0
202607,88,第88章  航空器、航天器及其零件,326,挪威,400797.0
202607,88,第88章  航空器、航天器及其零件,327,波兰,40248960.0
202607,88,第88章  航空器、航天器及其零件,336,立陶宛,27427.0
202607,88,第88章  航空器、航天器及其零件,340,白俄罗斯,523155.0
202607,88,第88章  航空器、航天器及其零件,350,斯洛文尼亚,5780405.0
202607,88,第88章  航空器、航天器及其零件,408,玻利维亚 ,642761.0
202607,88,第88章  航空器、航天器及其零件,410,巴西,47301427.0
202607,88,第88章  航空器、航天器及其零件,415,哥斯达黎加,1617180.0
202607,88,第88章  航空器、航天器及其零件,427,牙买加,36159.0
202607,88,第88章  航空器、航天器及其零件,429,墨西哥,67886064.0
202607,88,第88章  航空器、航天器及其零件,431,尼加拉瓜,1086132.0
202607,88,第88章  航空器、航天器及其零件,435,波多黎各,267961.0
202607,88,第88章  航空器、航天器及其零件,444,乌拉圭,7610546.0
202607,88,第88章  航空器、航天器及其零件,501,加拿大,339284644.0
202607,89,第89章  船舶及浮动结构体,108,塞浦路斯,864589776.0
202607,89,第89章  船舶及浮动结构体,118,科威特,49729939.0
202607,89,第89章  船舶及浮动结构体,123,马尔代夫,714300.0
202607,89,第89章  船舶及浮动结构体,124,蒙古,13148655.0
202607,89,第89章  船舶及浮动结构体,127,巴基斯坦,643869.0
202607,89,第89章  船舶及浮动结构体,129,菲律宾,152866262.0
202607,89,第89章  船舶及浮动结构体,137,土耳其,153957117.0
202607,89,第89章  船舶及浮动结构体,138,阿联酋,1579685.0
202607,89,第89章  船舶及浮动结构体,147,塔吉克斯坦,199543.0
202607,89,第89章  船舶及浮动结构体,203,贝宁,464902.0
202607,89,第89章  船舶及浮动结构体,208,佛得角,44771.0
202607,89,第89章  船舶及浮动结构体,213,刚果共和国,25364.0
202607,89,第89章  船舶及浮动结构体,220,加纳,267311.0
202607,89,第89章  船舶及浮动结构体,222,几内亚比绍,89722880.0
202607,89,第89章  船舶及浮动结构体,224,肯尼亚,131977.0
202607,89,第89章  船舶及浮动结构体,227,马达加斯加,35138.0
202607,89,第89章  船舶及浮动结构体,233,莫桑比克,173163.0
202607,89,第89章  船舶及浮动结构体,241,塞舌尔,168388.0
202607,89,第89章  船舶及浮动结构体,244,南非,5063211.0
202607,89,第89章  船舶及浮动结构体,250,乌干达,1603739.0
202607,89,第89章  船舶及浮动结构体,252,刚果民主共和国,1187730.0
202607,89,第89章  船舶及浮动结构体,301,比利时,53565588.0
202607,89,第89章  船舶及浮动结构体,305,法国,1659063583.0
202607,89,第89章  船舶及浮动结构体,306,爱尔兰,226042.0
202607,89,第89章  船舶及浮动结构体,307,意大利,783269884.0
202607,89,第89章  船舶及浮动结构体,309,荷兰,176501451.0
202607,89,第89章  船舶及浮动结构体,310,希腊,618953885.0
202607,89,第89章  船舶及浮动结构体,312,西班牙,6235728.0
202607,89,第89章  船舶及浮动结构体,313,阿尔巴尼亚,6115.0
202607,89,第89章  船舶及浮动结构体,315,奥地利,303937.0
202607,89,第89章  船舶及浮动结构体,316,保加利亚,773171.0
202607,89,第89章  船舶及浮动结构体,318,芬兰,236222.0
202607,89,第89章  船舶及浮动结构体,321,匈牙利,58483.0
202607,89,第89章  船舶及浮动结构体,326,挪威,3624413.0
202607,89,第89章  船舶及浮动结构体,327,波兰,4751165.0
202607,89,第89章  船舶及浮动结构体,336,立陶宛,259626.0
202607,89,第89章  船舶及浮动结构体,340,白俄罗斯,134079.0
202607,89,第89章  船舶及浮动结构体,350,斯洛文尼亚,861207.0
202607,89,第89章  船舶及浮动结构体,404,巴哈马,129547622.0
202607,89,第89章  船舶及浮动结构体,410,巴西,822650615.0
202607,89,第89章  船舶及浮动结构体,415,哥斯达黎加,147192.0
202607,89,第89章  船舶及浮动结构体,422,瓜德罗普,562398.0
202607,89,第89章  船舶及浮动结构体,427,牙买加,73677.0
202607,89,第89章  船舶及浮动结构体,429,墨西哥,1700471.0
202607,89,第89章  船舶及浮动结构体,431,尼加拉瓜,72180168.0
202607,89,第89章  船舶及浮动结构体,435,波多黎各,371130.0
202607,89,第89章  船舶及浮动结构体,442,特立尼达和多巴哥,183618.0
202607,89,第89章  船舶及浮动结构体,443,特克斯和凯科斯群岛,227715.0
202607,89,第89章  船舶及浮动结构体,444,乌拉圭,473079.0
202607,89,第89章  船舶及浮动结构体,501,加拿大,12027033.0
202607,89,第89章  船舶及浮动结构体,621,马绍尔群岛,5729645766.0
202607,90,第90章  光学、照相、电影、计量、检验、医疗或外科用仪器及设备、精密仪器及设备；上述物品的零件、附件,108,塞浦路斯,13684820.0
202607,90,第90章  光学、照相、电影、计量、检验、医疗或外科用仪器及设备、精密仪器及设备；上述物品的零件、附件,109,朝鲜,9803980.0
202607,90,第90章  光学、照相、电影、计量、检验、医疗或外科用仪器及设备、精密仪器及设备；上述物品的零件、附件,118,科威特,59773706.0
202607,90,第90章  光学、照相、电影、计量、检验、医疗或外科用仪器及设备、精密仪器及设备；上述物品的零件、附件,123,马尔代夫,4029308.0
202607,90,第90章  光学、照相、电影、计量、检验、医疗或外科用仪器及设备、精密仪器及设备；上述物品的零件、附件,124,蒙古,66222405.0
202607,90,第90章  光学、照相、电影、计量、检验、医疗或外科用仪器及设备、精密仪器及设备；上述物品的零件、附件,127,巴基斯坦,225369028.0
202607,90,第90章  光学、照相、电影、计量、检验、医疗或外科用仪器及设备、精密仪器及设备；上述物品的零件、附件,129,菲律宾,606130310.0
202607,90,第90章  光学、照相、电影、计量、检验、医疗或外科用仪器及设备、精密仪器及设备；上述物品的零件、附件,137,土耳其,716526053.0
202607,90,第90章  光学、照相、电影、计量、检验、医疗或外科用仪器及设备、精密仪器及设备；上述物品的零件、附件,138,阿联酋,333390458.0
202607,90,第90章  光学、照相、电影、计量、检验、医疗或外科用仪器及设备、精密仪器及设备；上述物品的零件、附件,147,塔吉克斯坦,23983393.0
202607,90,第90章  光学、照相、电影、计量、检验、医疗或外科用仪器及设备、精密仪器及设备；上述物品的零件、附件,203,贝宁,4424026.0
202607,90,第90章  光学、照相、电影、计量、检验、医疗或外科用仪器及设备、精密仪器及设备；上述物品的零件、附件,207,加那利群岛,556430.0
202607,90,第90章  光学、照相、电影、计量、检验、医疗或外科用仪器及设备、精密仪器及设备；上述物品的零件、附件,208,佛得角,114986.0
202607,90,第90章  光学、照相、电影、计量、检验、医疗或外科用仪器及设备、精密仪器及设备；上述物品的零件、附件,209,中非,142867.0
202607,90,第90章  光学、照相、电影、计量、检验、医疗或外科用仪器及设备、精密仪器及设备；上述物品的零件、附件,211,乍得,3556553.0
202607,90,第90章  光学、照相、电影、计量、检验、医疗或外科用仪器及设备、精密仪器及设备；上述物品的零件、附件,213,刚果共和国,9873344.0
202607,90,第90章  光学、照相、电影、计量、检验、医疗或外科用仪器及设备、精密仪器及设备；上述物品的零件、附件,219,冈比亚,2934958.0
202607,90,第90章  光学、照相、电影、计量、检验、医疗或外科用仪器及设备、精密仪器及设备；上述物品的零件、附件,220,加纳,37614021.0
202607,90,第90章  光学、照相、电影、计量、检验、医疗或外科用仪器及设备、精密仪器及设备；上述物品的零件、附件,222,几内亚比绍,3473.0
202607,90,第90章  光学、照相、电影、计量、检验、医疗或外科用仪器及设备、精密仪器及设备；上述物品的零件、附件,224,肯尼亚,103575118.0
202607,90,第90章  光学、照相、电影、计量、检验、医疗或外科用仪器及设备、精密仪器及设备；上述物品的零件、附件,227,马达加斯加,7120590.0
202607,90,第90章  光学、照相、电影、计量、检验、医疗或外科用仪器及设备、精密仪器及设备；上述物品的零件、附件,233,莫桑比克,44464710.0
202607,90,第90章  光学、照相、电影、计量、检验、医疗或外科用仪器及设备、精密仪器及设备；上述物品的零件、附件,235,尼日尔,11212847.0
202607,90,第90章  光学、照相、电影、计量、检验、医疗或外科用仪器及设备、精密仪器及设备；上述物品的零件、附件,239,圣多美和普林西比,2604.0
202607,90,第90章  光学、照相、电影、计量、检验、医疗或外科用仪器及设备、精密仪器及设备；上述物品的零件、附件,241,塞舌尔,506317.0
202607,90,第90章  光学、照相、电影、计量、检验、医疗或外科用仪器及设备、精密仪器及设备；上述物品的零件、附件,244,南非,233940458.0
202607,90,第90章  光学、照相、电影、计量、检验、医疗或外科用仪器及设备、精密仪器及设备；上述物品的零件、附件,250,乌干达,45324688.0
202607,90,第90章  光学、照相、电影、计量、检验、医疗或外科用仪器及设备、精密仪器及设备；上述物品的零件、附件,252,刚果民主共和国,45055589.0
202607,90,第90章  光学、照相、电影、计量、检验、医疗或外科用仪器及设备、精密仪器及设备；上述物品的零件、附件,254,津巴布韦,24400237.0
202607,90,第90章  光学、照相、电影、计量、检验、医疗或外科用仪器及设备、精密仪器及设备；上述物品的零件、附件,255,莱索托,467196.0
202607,90,第90章  光学、照相、电影、计量、检验、医疗或外科用仪器及设备、精密仪器及设备；上述物品的零件、附件,258,厄立特里亚,2248090.0
202607,90,第90章  光学、照相、电影、计量、检验、医疗或外科用仪器及设备、精密仪器及设备；上述物品的零件、附件,301,比利时,291077835.0
202607,90,第90章  光学、照相、电影、计量、检验、医疗或外科用仪器及设备、精密仪器及设备；上述物品的零件、附件,305,法国,1022860670.0
202607,90,第90章  光学、照相、电影、计量、检验、医疗或外科用仪器及设备、精密仪器及设备；上述物品的零件、附件,306,爱尔兰,125284984.0
202607,90,第90章  光学、照相、电影、计量、检验、医疗或外科用仪器及设备、精密仪器及设备；上述物品的零件、附件,307,意大利,985448952.0
202607,90,第90章  光学、照相、电影、计量、检验、医疗或外科用仪器及设备、精密仪器及设备；上述物品的零件、附件,309,荷兰,1432355705.0
202607,90,第90章  光学、照相、电影、计量、检验、医疗或外科用仪器及设备、精密仪器及设备；上述物品的零件、附件,310,希腊,106294978.0
202607,90,第90章  光学、照相、电影、计量、检验、医疗或外科用仪器及设备、精密仪器及设备；上述物品的零件、附件,312,西班牙,530087314.0
202607,90,第90章  光学、照相、电影、计量、检验、医疗或外科用仪器及设备、精密仪器及设备；上述物品的零件、附件,313,阿尔巴尼亚,13839017.0
202607,90,第90章  光学、照相、电影、计量、检验、医疗或外科用仪器及设备、精密仪器及设备；上述物品的零件、附件,315,奥地利,173425088.0
202607,90,第90章  光学、照相、电影、计量、检验、医疗或外科用仪器及设备、精密仪器及设备；上述物品的零件、附件,316,保加利亚,102568027.0
202607,90,第90章  光学、照相、电影、计量、检验、医疗或外科用仪器及设备、精密仪器及设备；上述物品的零件、附件,318,芬兰,73267254.0
202607,90,第90章  光学、照相、电影、计量、检验、医疗或外科用仪器及设备、精密仪器及设备；上述物品的零件、附件,320,直布罗陀,207483.0
202607,90,第90章  光学、照相、电影、计量、检验、医疗或外科用仪器及设备、精密仪器及设备；上述物品的零件、附件,321,匈牙利,369440774.0
202607,90,第90章  光学、照相、电影、计量、检验、医疗或外科用仪器及设备、精密仪器及设备；上述物品的零件、附件,326,挪威,47150285.0
202607,90,第90章  光学、照相、电影、计量、检验、医疗或外科用仪器及设备、精密仪器及设备；上述物品的零件、附件,327,波兰,1689642263.0
202607,90,第90章  光学、照相、电影、计量、检验、医疗或外科用仪器及设备、精密仪器及设备；上述物品的零件、附件,336,立陶宛,83046154.0
202607,90,第90章  光学、照相、电影、计量、检验、医疗或外科用仪器及设备、精密仪器及设备；上述物品的零件、附件,340,白俄罗斯,124254735.0
202607,90,第90章  光学、照相、电影、计量、检验、医疗或外科用仪器及设备、精密仪器及设备；上述物品的零件、附件,350,斯洛文尼亚,50088113.0
202607,90,第90章  光学、照相、电影、计量、检验、医疗或外科用仪器及设备、精密仪器及设备；上述物品的零件、附件,357,法罗群岛,97.0
202607,90,第90章  光学、照相、电影、计量、检验、医疗或外科用仪器及设备、精密仪器及设备；上述物品的零件、附件,359,黑山,3113089.0
202607,90,第90章  光学、照相、电影、计量、检验、医疗或外科用仪器及设备、精密仪器及设备；上述物品的零件、附件,404,巴哈马,1804316.0
202607,90,第90章  光学、照相、电影、计量、检验、医疗或外科用仪器及设备、精密仪器及设备；上述物品的零件、附件,405,巴巴多斯,1730464.0
202607,90,第90章  光学、照相、电影、计量、检验、医疗或外科用仪器及设备、精密仪器及设备；上述物品的零件、附件,406,伯利兹,796702.0
202607,90,第90章  光学、照相、电影、计量、检验、医疗或外科用仪器及设备、精密仪器及设备；上述物品的零件、附件,408,玻利维亚 ,23445651.0
202607,90,第90章  光学、照相、电影、计量、检验、医疗或外科用仪器及设备、精密仪器及设备；上述物品的零件、附件,410,巴西,1213838000.0
202607,90,第90章  光学、照相、电影、计量、检验、医疗或外科用仪器及设备、精密仪器及设备；上述物品的零件、附件,415,哥斯达黎加,73822473.0
202607,90,第90章  光学、照相、电影、计量、检验、医疗或外科用仪器及设备、精密仪器及设备；上述物品的零件、附件,422,瓜德罗普,494674.0
202607,90,第90章  光学、照相、电影、计量、检验、医疗或外科用仪器及设备、精密仪器及设备；上述物品的零件、附件,427,牙买加,8501575.0
202607,90,第90章  光学、照相、电影、计量、检验、医疗或外科用仪器及设备、精密仪器及设备；上述物品的零件、附件,429,墨西哥,989297036.0
202607,90,第90章  光学、照相、电影、计量、检验、医疗或外科用仪器及设备、精密仪器及设备；上述物品的零件、附件,431,尼加拉瓜,37447378.0
202607,90,第90章  光学、照相、电影、计量、检验、医疗或外科用仪器及设备、精密仪器及设备；上述物品的零件、附件,435,波多黎各,36897495.0
202607,90,第90章  光学、照相、电影、计量、检验、医疗或外科用仪器及设备、精密仪器及设备；上述物品的零件、附件,442,特立尼达和多巴哥,10802715.0
202607,90,第90章  光学、照相、电影、计量、检验、医疗或外科用仪器及设备、精密仪器及设备；上述物品的零件、附件,443,特克斯和凯科斯群岛,17174.0
202607,90,第90章  光学、照相、电影、计量、检验、医疗或外科用仪器及设备、精密仪器及设备；上述物品的零件、附件,444,乌拉圭,44031128.0
202607,90,第90章  光学、照相、电影、计量、检验、医疗或外科用仪器及设备、精密仪器及设备；上述物品的零件、附件,446,英属维尔京群岛,190267.0
202607,90,第90章  光学、照相、电影、计量、检验、医疗或外科用仪器及设备、精密仪器及设备；上述物品的零件、附件,501,加拿大,480385560.0
202607,90,第90章  光学、照相、电影、计量、检验、医疗或外科用仪器及设备、精密仪器及设备；上述物品的零件、附件,614,汤加,44411.0
202607,90,第90章  光学、照相、电影、计量、检验、医疗或外科用仪器及设备、精密仪器及设备；上述物品的零件、附件,617,萨摩亚,104511.0
202607,90,第90章  光学、照相、电影、计量、检验、医疗或外科用仪器及设备、精密仪器及设备；上述物品的零件、附件,621,马绍尔群岛,6624803.0
202607,91,第91章  钟表及其零件,108,塞浦路斯,117466.0
202607,91,第91章  钟表及其零件,109,朝鲜,21202182.0
202607,91,第91章  钟表及其零件,118,科威特,1669734.0
202607,91,第91章  钟表及其零件,123,马尔代夫,770402.0
202607,91,第91章  钟表及其零件,124,蒙古,7211.0
202607,91,第91章  钟表及其零件,127,巴基斯坦,15568882.0
202607,91,第91章  钟表及其零件,129,菲律宾,52189457.0
202607,91,第91章  钟表及其零件,137,土耳其,16592635.0
202607,91,第91章  钟表及其零件,138,阿联酋,49587995.0
202607,91,第91章  钟表及其零件,147,塔吉克斯坦,729390.0
202607,91,第91章  钟表及其零件,203,贝宁,411515.0
202607,91,第91章  钟表及其零件,208,佛得角,18772.0
202607,91,第91章  钟表及其零件,211,乍得,168527.0
202607,91,第91章  钟表及其零件,213,刚果共和国,2458959.0
202607,91,第91章  钟表及其零件,219,冈比亚,103995.0
202607,91,第91章  钟表及其零件,220,加纳,3357025.0
202607,91,第91章  钟表及其零件,222,几内亚比绍,4710.0
202607,91,第91章  钟表及其零件,224,肯尼亚,5320256.0
202607,91,第91章  钟表及其零件,227,马达加斯加,967340.0
202607,91,第91章  钟表及其零件,233,莫桑比克,1455904.0
202607,91,第91章  钟表及其零件,239,圣多美和普林西比,3131.0
202607,91,第91章  钟表及其零件,241,塞舌尔,210389.0
202607,91,第91章  钟表及其零件,244,南非,9146040.0
202607,91,第91章  钟表及其零件,250,乌干达,98179.0
202607,91,第91章  钟表及其零件,252,刚果民主共和国,828896.0
202607,91,第91章  钟表及其零件,254,津巴布韦,45128.0
202607,91,第91章  钟表及其零件,255,莱索托,1343.0
202607,91,第91章  钟表及其零件,258,厄立特里亚,5635.0
202607,91,第91章  钟表及其零件,301,比利时,5392215.0
202607,91,第91章  钟表及其零件,305,法国,25359095.0
202607,91,第91章  钟表及其零件,306,爱尔兰,3522867.0
202607,91,第91章  钟表及其零件,307,意大利,17975289.0
202607,91,第91章  钟表及其零件,309,荷兰,73443064.0
202607,91,第91章  钟表及其零件,310,希腊,4926262.0
202607,91,第91章  钟表及其零件,312,西班牙,24492866.0
202607,91,第91章  钟表及其零件,313,阿尔巴尼亚,995439.0
202607,91,第91章  钟表及其零件,315,奥地利,7491964.0
202607,91,第91章  钟表及其零件,316,保加利亚,1193181.0
202607,91,第91章  钟表及其零件,318,芬兰,15201565.0
202607,91,第91章  钟表及其零件,321,匈牙利,3670793.0
202607,91,第91章  钟表及其零件,326,挪威,528261.0
202607,91,第91章  钟表及其零件,327,波兰,20735909.0
202607,91,第91章  钟表及其零件,336,立陶宛,866478.0
202607,91,第91章  钟表及其零件,340,白俄罗斯,4171871.0
202607,91,第91章  钟表及其零件,350,斯洛文尼亚,1345214.0
202607,91,第91章  钟表及其零件,359,黑山,174561.0
202607,91,第91章  钟表及其零件,404,巴哈马,21927.0
202607,91,第91章  钟表及其零件,405,巴巴多斯,9248.0
202607,91,第91章  钟表及其零件,406,伯利兹,12479.0
202607,91,第91章  钟表及其零件,408,玻利维亚 ,266543.0
202607,91,第91章  钟表及其零件,410,巴西,47408693.0
202607,91,第91章  钟表及其零件,415,哥斯达黎加,843918.0
202607,91,第91章  钟表及其零件,422,瓜德罗普,1112.0
202607,91,第91章  钟表及其零件,427,牙买加,1032651.0
202607,91,第91章  钟表及其零件,429,墨西哥,16901225.0
202607,91,第91章  钟表及其零件,431,尼加拉瓜,244418.0
202607,91,第91章  钟表及其零件,435,波多黎各,748940.0
202607,91,第91章  钟表及其零件,442,特立尼达和多巴哥,117405.0
202607,91,第91章  钟表及其零件,443,特克斯和凯科斯群岛,99.0
202607,91,第91章  钟表及其零件,444,乌拉圭,7546034.0
202607,91,第91章  钟表及其零件,501,加拿大,24533196.0
202607,91,第91章  钟表及其零件,614,汤加,19295.0
202607,91,第91章  钟表及其零件,617,萨摩亚,14381.0
202607,91,第91章  钟表及其零件,621,马绍尔群岛,29785.0
202607,92,第92章  乐器及其零件、附件,108,塞浦路斯,5744.0
202607,92,第92章  乐器及其零件、附件,109,朝鲜,12699972.0
202607,92,第92章  乐器及其零件、附件,118,科威特,45781.0
202607,92,第92章  乐器及其零件、附件,123,马尔代夫,23608.0
202607,92,第92章  乐器及其零件、附件,124,蒙古,46600.0
202607,92,第92章  乐器及其零件、附件,127,巴基斯坦,127567.0
202607,92,第92章  乐器及其零件、附件,129,菲律宾,14636645.0
202607,92,第92章  乐器及其零件、附件,137,土耳其,16088809.0
202607,92,第92章  乐器及其零件、附件,138,阿联酋,11829979.0
202607,92,第92章  乐器及其零件、附件,147,塔吉克斯坦,26456.0
202607,92,第92章  乐器及其零件、附件,203,贝宁,520563.0
202607,92,第92章  乐器及其零件、附件,213,刚果共和国,419822.0
202607,92,第92章  乐器及其零件、附件,220,加纳,1347522.0
202607,92,第92章  乐器及其零件、附件,222,几内亚比绍,3524.0
202607,92,第92章  乐器及其零件、附件,224,肯尼亚,1870478.0
202607,92,第92章  乐器及其零件、附件,227,马达加斯加,485619.0
202607,92,第92章  乐器及其零件、附件,233,莫桑比克,760830.0
202607,92,第92章  乐器及其零件、附件,241,塞舌尔,346.0
202607,92,第92章  乐器及其零件、附件,244,南非,4371909.0
202607,92,第92章  乐器及其零件、附件,250,乌干达,227441.0
202607,92,第92章  乐器及其零件、附件,252,刚果民主共和国,1422249.0
202607,92,第92章  乐器及其零件、附件,254,津巴布韦,90989.0
202607,92,第92章  乐器及其零件、附件,301,比利时,14598225.0
202607,92,第92章  乐器及其零件、附件,305,法国,38480458.0
202607,92,第92章  乐器及其零件、附件,306,爱尔兰,3899123.0
202607,92,第92章  乐器及其零件、附件,307,意大利,18938510.0
202607,92,第92章  乐器及其零件、附件,309,荷兰,41176277.0
202607,92,第92章  乐器及其零件、附件,310,希腊,1560586.0
202607,92,第92章  乐器及其零件、附件,312,西班牙,11584576.0
202607,92,第92章  乐器及其零件、附件,313,阿尔巴尼亚,44374.0
202607,92,第92章  乐器及其零件、附件,315,奥地利,3479547.0
202607,92,第92章  乐器及其零件、附件,316,保加利亚,1026386.0
202607,92,第92章  乐器及其零件、附件,318,芬兰,551323.0
202607,92,第92章  乐器及其零件、附件,321,匈牙利,231457.0
202607,92,第92章  乐器及其零件、附件,326,挪威,1101788.0
202607,92,第92章  乐器及其零件、附件,327,波兰,8863435.0
202607,92,第92章  乐器及其零件、附件,336,立陶宛,222136.0
202607,92,第92章  乐器及其零件、附件,340,白俄罗斯,1327325.0
202607,92,第92章  乐器及其零件、附件,350,斯洛文尼亚,2969737.0
202607,92,第92章  乐器及其零件、附件,404,巴哈马,335979.0
202607,92,第92章  乐器及其零件、附件,405,巴巴多斯,10024.0
202607,92,第92章  乐器及其零件、附件,406,伯利兹,1335.0
202607,92,第92章  乐器及其零件、附件,408,玻利维亚 ,361689.0
202607,92,第92章  乐器及其零件、附件,410,巴西,55776601.0
202607,92,第92章  乐器及其零件、附件,415,哥斯达黎加,911434.0
202607,92,第92章  乐器及其零件、附件,427,牙买加,461795.0
202607,92,第92章  乐器及其零件、附件,429,墨西哥,23619946.0
202607,92,第92章  乐器及其零件、附件,431,尼加拉瓜,81441.0
202607,92,第92章  乐器及其零件、附件,435,波多黎各,1388474.0
202607,92,第92章  乐器及其零件、附件,442,特立尼达和多巴哥,227398.0
202607,92,第92章  乐器及其零件、附件,443,特克斯和凯科斯群岛,4.0
202607,92,第92章  乐器及其零件、附件,444,乌拉圭,2173930.0
202607,92,第92章  乐器及其零件、附件,501,加拿大,28924607.0
202607,92,第92章  乐器及其零件、附件,614,汤加,4739.0
202607,92,第92章  乐器及其零件、附件,617,萨摩亚,7009.0
202607,93,第93章  武器、弹药及其零件、附件,129,菲律宾,14790.0
202607,93,第93章  武器、弹药及其零件、附件,137,土耳其,663026.0
202607,93,第93章  武器、弹药及其零件、附件,233,莫桑比克,863.0
202607,93,第93章  武器、弹药及其零件、附件,244,南非,27861.0
202607,93,第93章  武器、弹药及其零件、附件,301,比利时,2216287.0
202607,93,第93章  武器、弹药及其零件、附件,305,法国,4737724.0
202607,93,第93章  武器、弹药及其零件、附件,307,意大利,4280553.0
202607,93,第93章  武器、弹药及其零件、附件,309,荷兰,1472548.0
202607,93,第93章  武器、弹药及其零件、附件,312,西班牙,4180646.0
202607,93,第93章  武器、弹药及其零件、附件,316,保加利亚,174428.0
202607,93,第93章  武器、弹药及其零件、附件,321,匈牙利,175064.0
202607,93,第93章  武器、弹药及其零件、附件,327,波兰,2861235.0
202607,93,第93章  武器、弹药及其零件、附件,350,斯洛文尼亚,3029601.0
202607,93,第93章  武器、弹药及其零件、附件,410,巴西,9231522.0
202607,93,第93章  武器、弹药及其零件、附件,429,墨西哥,1961792.0
202607,93,第93章  武器、弹药及其零件、附件,444,乌拉圭,728936.0
202607,93,第93章  武器、弹药及其零件、附件,501,加拿大,645117.0
202607,94,第94章  家具；寝具、褥垫、弹簧床垫、软坐垫及类似的填充制品；未列名灯具及照明装置；发光标志、发光铭牌及类似品；活动房屋,108,塞浦路斯,34040637.0
202607,94,第94章  家具；寝具、褥垫、弹簧床垫、软坐垫及类似的填充制品；未列名灯具及照明装置；发光标志、发光铭牌及类似品；活动房屋,109,朝鲜,52573614.0
202607,94,第94章  家具；寝具、褥垫、弹簧床垫、软坐垫及类似的填充制品；未列名灯具及照明装置；发光标志、发光铭牌及类似品；活动房屋,118,科威特,150358631.0
202607,94,第94章  家具；寝具、褥垫、弹簧床垫、软坐垫及类似的填充制品；未列名灯具及照明装置；发光标志、发光铭牌及类似品；活动房屋,123,马尔代夫,93824673.0
202607,94,第94章  家具；寝具、褥垫、弹簧床垫、软坐垫及类似的填充制品；未列名灯具及照明装置；发光标志、发光铭牌及类似品；活动房屋,124,蒙古,66992434.0
202607,94,第94章  家具；寝具、褥垫、弹簧床垫、软坐垫及类似的填充制品；未列名灯具及照明装置；发光标志、发光铭牌及类似品；活动房屋,127,巴基斯坦,127883055.0
202607,94,第94章  家具；寝具、褥垫、弹簧床垫、软坐垫及类似的填充制品；未列名灯具及照明装置；发光标志、发光铭牌及类似品；活动房屋,129,菲律宾,1122089803.0
202607,94,第94章  家具；寝具、褥垫、弹簧床垫、软坐垫及类似的填充制品；未列名灯具及照明装置；发光标志、发光铭牌及类似品；活动房屋,137,土耳其,323305877.0
202607,94,第94章  家具；寝具、褥垫、弹簧床垫、软坐垫及类似的填充制品；未列名灯具及照明装置；发光标志、发光铭牌及类似品；活动房屋,138,阿联酋,831774063.0
202607,94,第94章  家具；寝具、褥垫、弹簧床垫、软坐垫及类似的填充制品；未列名灯具及照明装置；发光标志、发光铭牌及类似品；活动房屋,147,塔吉克斯坦,110278028.0
202607,94,第94章  家具；寝具、褥垫、弹簧床垫、软坐垫及类似的填充制品；未列名灯具及照明装置；发光标志、发光铭牌及类似品；活动房屋,203,贝宁,59465903.0
202607,94,第94章  家具；寝具、褥垫、弹簧床垫、软坐垫及类似的填充制品；未列名灯具及照明装置；发光标志、发光铭牌及类似品；活动房屋,207,加那利群岛,206108.0
202607,94,第94章  家具；寝具、褥垫、弹簧床垫、软坐垫及类似的填充制品；未列名灯具及照明装置；发光标志、发光铭牌及类似品；活动房屋,208,佛得角,4274065.0
202607,94,第94章  家具；寝具、褥垫、弹簧床垫、软坐垫及类似的填充制品；未列名灯具及照明装置；发光标志、发光铭牌及类似品；活动房屋,209,中非,629794.0
202607,94,第94章  家具；寝具、褥垫、弹簧床垫、软坐垫及类似的填充制品；未列名灯具及照明装置；发光标志、发光铭牌及类似品；活动房屋,211,乍得,4933944.0
202607,94,第94章  家具；寝具、褥垫、弹簧床垫、软坐垫及类似的填充制品；未列名灯具及照明装置；发光标志、发光铭牌及类似品；活动房屋,213,刚果共和国,57408551.0
202607,94,第94章  家具；寝具、褥垫、弹簧床垫、软坐垫及类似的填充制品；未列名灯具及照明装置；发光标志、发光铭牌及类似品；活动房屋,219,冈比亚,11176438.0
202607,94,第94章  家具；寝具、褥垫、弹簧床垫、软坐垫及类似的填充制品；未列名灯具及照明装置；发光标志、发光铭牌及类似品；活动房屋,220,加纳,339504145.0
202607,94,第94章  家具；寝具、褥垫、弹簧床垫、软坐垫及类似的填充制品；未列名灯具及照明装置；发光标志、发光铭牌及类似品；活动房屋,222,几内亚比绍,1461434.0
202607,94,第94章  家具；寝具、褥垫、弹簧床垫、软坐垫及类似的填充制品；未列名灯具及照明装置；发光标志、发光铭牌及类似品；活动房屋,224,肯尼亚,406263229.0
202607,94,第94章  家具；寝具、褥垫、弹簧床垫、软坐垫及类似的填充制品；未列名灯具及照明装置；发光标志、发光铭牌及类似品；活动房屋,227,马达加斯加,52651718.0
202607,94,第94章  家具；寝具、褥垫、弹簧床垫、软坐垫及类似的填充制品；未列名灯具及照明装置；发光标志、发光铭牌及类似品；活动房屋,233,莫桑比克,147953414.0
202607,94,第94章  家具；寝具、褥垫、弹簧床垫、软坐垫及类似的填充制品；未列名灯具及照明装置；发光标志、发光铭牌及类似品；活动房屋,235,尼日尔,1271478.0
202607,94,第94章  家具；寝具、褥垫、弹簧床垫、软坐垫及类似的填充制品；未列名灯具及照明装置；发光标志、发光铭牌及类似品；活动房屋,239,圣多美和普林西比,335024.0
202607,94,第94章  家具；寝具、褥垫、弹簧床垫、软坐垫及类似的填充制品；未列名灯具及照明装置；发光标志、发光铭牌及类似品；活动房屋,241,塞舌尔,10313304.0
202607,94,第94章  家具；寝具、褥垫、弹簧床垫、软坐垫及类似的填充制品；未列名灯具及照明装置；发光标志、发光铭牌及类似品；活动房屋,244,南非,502690098.0
202607,94,第94章  家具；寝具、褥垫、弹簧床垫、软坐垫及类似的填充制品；未列名灯具及照明装置；发光标志、发光铭牌及类似品；活动房屋,250,乌干达,33837538.0
202607,94,第94章  家具；寝具、褥垫、弹簧床垫、软坐垫及类似的填充制品；未列名灯具及照明装置；发光标志、发光铭牌及类似品；活动房屋,252,刚果民主共和国,126503726.0
202607,94,第94章  家具；寝具、褥垫、弹簧床垫、软坐垫及类似的填充制品；未列名灯具及照明装置；发光标志、发光铭牌及类似品；活动房屋,254,津巴布韦,15552354.0
202607,94,第94章  家具；寝具、褥垫、弹簧床垫、软坐垫及类似的填充制品；未列名灯具及照明装置；发光标志、发光铭牌及类似品；活动房屋,255,莱索托,1114179.0
202607,94,第94章  家具；寝具、褥垫、弹簧床垫、软坐垫及类似的填充制品；未列名灯具及照明装置；发光标志、发光铭牌及类似品；活动房屋,258,厄立特里亚,1788960.0
202607,94,第94章  家具；寝具、褥垫、弹簧床垫、软坐垫及类似的填充制品；未列名灯具及照明装置；发光标志、发光铭牌及类似品；活动房屋,301,比利时,514707539.0
202607,94,第94章  家具；寝具、褥垫、弹簧床垫、软坐垫及类似的填充制品；未列名灯具及照明装置；发光标志、发光铭牌及类似品；活动房屋,305,法国,1477729435.0
202607,94,第94章  家具；寝具、褥垫、弹簧床垫、软坐垫及类似的填充制品；未列名灯具及照明装置；发光标志、发光铭牌及类似品；活动房屋,306,爱尔兰,174933786.0
202607,94,第94章  家具；寝具、褥垫、弹簧床垫、软坐垫及类似的填充制品；未列名灯具及照明装置；发光标志、发光铭牌及类似品；活动房屋,307,意大利,967382205.0
202607,94,第94章  家具；寝具、褥垫、弹簧床垫、软坐垫及类似的填充制品；未列名灯具及照明装置；发光标志、发光铭牌及类似品；活动房屋,309,荷兰,2192911091.0
202607,94,第94章  家具；寝具、褥垫、弹簧床垫、软坐垫及类似的填充制品；未列名灯具及照明装置；发光标志、发光铭牌及类似品；活动房屋,310,希腊,263512559.0
202607,94,第94章  家具；寝具、褥垫、弹簧床垫、软坐垫及类似的填充制品；未列名灯具及照明装置；发光标志、发光铭牌及类似品；活动房屋,312,西班牙,1227024938.0
202607,94,第94章  家具；寝具、褥垫、弹簧床垫、软坐垫及类似的填充制品；未列名灯具及照明装置；发光标志、发光铭牌及类似品；活动房屋,313,阿尔巴尼亚,54341115.0
202607,94,第94章  家具；寝具、褥垫、弹簧床垫、软坐垫及类似的填充制品；未列名灯具及照明装置；发光标志、发光铭牌及类似品；活动房屋,314,安道尔,24034.0
202607,94,第94章  家具；寝具、褥垫、弹簧床垫、软坐垫及类似的填充制品；未列名灯具及照明装置；发光标志、发光铭牌及类似品；活动房屋,315,奥地利,122996415.0
202607,94,第94章  家具；寝具、褥垫、弹簧床垫、软坐垫及类似的填充制品；未列名灯具及照明装置；发光标志、发光铭牌及类似品；活动房屋,316,保加利亚,163847084.0
202607,94,第94章  家具；寝具、褥垫、弹簧床垫、软坐垫及类似的填充制品；未列名灯具及照明装置；发光标志、发光铭牌及类似品；活动房屋,318,芬兰,72746914.0
202607,94,第94章  家具；寝具、褥垫、弹簧床垫、软坐垫及类似的填充制品；未列名灯具及照明装置；发光标志、发光铭牌及类似品；活动房屋,320,直布罗陀,10511.0
202607,94,第94章  家具；寝具、褥垫、弹簧床垫、软坐垫及类似的填充制品；未列名灯具及照明装置；发光标志、发光铭牌及类似品；活动房屋,321,匈牙利,173181216.0
202607,94,第94章  家具；寝具、褥垫、弹簧床垫、软坐垫及类似的填充制品；未列名灯具及照明装置；发光标志、发光铭牌及类似品；活动房屋,326,挪威,175296523.0
202607,94,第94章  家具；寝具、褥垫、弹簧床垫、软坐垫及类似的填充制品；未列名灯具及照明装置；发光标志、发光铭牌及类似品；活动房屋,327,波兰,1377770050.0
202607,94,第94章  家具；寝具、褥垫、弹簧床垫、软坐垫及类似的填充制品；未列名灯具及照明装置；发光标志、发光铭牌及类似品；活动房屋,336,立陶宛,90140498.0
202607,94,第94章  家具；寝具、褥垫、弹簧床垫、软坐垫及类似的填充制品；未列名灯具及照明装置；发光标志、发光铭牌及类似品；活动房屋,340,白俄罗斯,74090878.0
202607,94,第94章  家具；寝具、褥垫、弹簧床垫、软坐垫及类似的填充制品；未列名灯具及照明装置；发光标志、发光铭牌及类似品；活动房屋,350,斯洛文尼亚,170550402.0
202607,94,第94章  家具；寝具、褥垫、弹簧床垫、软坐垫及类似的填充制品；未列名灯具及照明装置；发光标志、发光铭牌及类似品；活动房屋,357,法罗群岛,25025.0
202607,94,第94章  家具；寝具、褥垫、弹簧床垫、软坐垫及类似的填充制品；未列名灯具及照明装置；发光标志、发光铭牌及类似品；活动房屋,359,黑山,6397948.0
202607,94,第94章  家具；寝具、褥垫、弹簧床垫、软坐垫及类似的填充制品；未列名灯具及照明装置；发光标志、发光铭牌及类似品；活动房屋,404,巴哈马,7285418.0
202607,94,第94章  家具；寝具、褥垫、弹簧床垫、软坐垫及类似的填充制品；未列名灯具及照明装置；发光标志、发光铭牌及类似品；活动房屋,405,巴巴多斯,7682646.0
202607,94,第94章  家具；寝具、褥垫、弹簧床垫、软坐垫及类似的填充制品；未列名灯具及照明装置；发光标志、发光铭牌及类似品；活动房屋,406,伯利兹,7954036.0
202607,94,第94章  家具；寝具、褥垫、弹簧床垫、软坐垫及类似的填充制品；未列名灯具及照明装置；发光标志、发光铭牌及类似品；活动房屋,408,玻利维亚 ,7712963.0
202607,94,第94章  家具；寝具、褥垫、弹簧床垫、软坐垫及类似的填充制品；未列名灯具及照明装置；发光标志、发光铭牌及类似品；活动房屋,410,巴西,982136816.0
202607,94,第94章  家具；寝具、褥垫、弹簧床垫、软坐垫及类似的填充制品；未列名灯具及照明装置；发光标志、发光铭牌及类似品；活动房屋,415,哥斯达黎加,123326975.0
202607,94,第94章  家具；寝具、褥垫、弹簧床垫、软坐垫及类似的填充制品；未列名灯具及照明装置；发光标志、发光铭牌及类似品；活动房屋,422,瓜德罗普,7824878.0
202607,94,第94章  家具；寝具、褥垫、弹簧床垫、软坐垫及类似的填充制品；未列名灯具及照明装置；发光标志、发光铭牌及类似品；活动房屋,427,牙买加,84819053.0
202607,94,第94章  家具；寝具、褥垫、弹簧床垫、软坐垫及类似的填充制品；未列名灯具及照明装置；发光标志、发光铭牌及类似品；活动房屋,429,墨西哥,1357977114.0
202607,94,第94章  家具；寝具、褥垫、弹簧床垫、软坐垫及类似的填充制品；未列名灯具及照明装置；发光标志、发光铭牌及类似品；活动房屋,431,尼加拉瓜,25941660.0
202607,94,第94章  家具；寝具、褥垫、弹簧床垫、软坐垫及类似的填充制品；未列名灯具及照明装置；发光标志、发光铭牌及类似品；活动房屋,435,波多黎各,43335388.0
202607,94,第94章  家具；寝具、褥垫、弹簧床垫、软坐垫及类似的填充制品；未列名灯具及照明装置；发光标志、发光铭牌及类似品；活动房屋,442,特立尼达和多巴哥,25498179.0
202607,94,第94章  家具；寝具、褥垫、弹簧床垫、软坐垫及类似的填充制品；未列名灯具及照明装置；发光标志、发光铭牌及类似品；活动房屋,443,特克斯和凯科斯群岛,2883587.0
202607,94,第94章  家具；寝具、褥垫、弹簧床垫、软坐垫及类似的填充制品；未列名灯具及照明装置；发光标志、发光铭牌及类似品；活动房屋,444,乌拉圭,79724929.0
202607,94,第94章  家具；寝具、褥垫、弹簧床垫、软坐垫及类似的填充制品；未列名灯具及照明装置；发光标志、发光铭牌及类似品；活动房屋,446,英属维尔京群岛,288186.0
202607,94,第94章  家具；寝具、褥垫、弹簧床垫、软坐垫及类似的填充制品；未列名灯具及照明装置；发光标志、发光铭牌及类似品；活动房屋,501,加拿大,1921498718.0
202607,94,第94章  家具；寝具、褥垫、弹簧床垫、软坐垫及类似的填充制品；未列名灯具及照明装置；发光标志、发光铭牌及类似品；活动房屋,614,汤加,2805093.0
202607,94,第94章  家具；寝具、褥垫、弹簧床垫、软坐垫及类似的填充制品；未列名灯具及照明装置；发光标志、发光铭牌及类似品；活动房屋,617,萨摩亚,5396278.0
202607,94,第94章  家具；寝具、褥垫、弹簧床垫、软坐垫及类似的填充制品；未列名灯具及照明装置；发光标志、发光铭牌及类似品；活动房屋,621,马绍尔群岛,251004.0
202607,94,第94章  家具；寝具、褥垫、弹簧床垫、软坐垫及类似的填充制品；未列名灯具及照明装置；发光标志、发光铭牌及类似品；活动房屋,625,瓦利斯和富图纳 ,29895.0
202607,95,第95章  玩具、游戏品、运动用品及其零件、附件,108,塞浦路斯,9310493.0
202607,95,第95章  玩具、游戏品、运动用品及其零件、附件,109,朝鲜,18145990.0
202607,95,第95章  玩具、游戏品、运动用品及其零件、附件,118,科威特,32910776.0
202607,95,第95章  玩具、游戏品、运动用品及其零件、附件,123,马尔代夫,12179914.0
202607,95,第95章  玩具、游戏品、运动用品及其零件、附件,124,蒙古,6362921.0
202607,95,第95章  玩具、游戏品、运动用品及其零件、附件,127,巴基斯坦,51163365.0
202607,95,第95章  玩具、游戏品、运动用品及其零件、附件,129,菲律宾,407676110.0
202607,95,第95章  玩具、游戏品、运动用品及其零件、附件,137,土耳其,252467279.0
202607,95,第95章  玩具、游戏品、运动用品及其零件、附件,138,阿联酋,468614208.0
202607,95,第95章  玩具、游戏品、运动用品及其零件、附件,147,塔吉克斯坦,17966977.0
202607,95,第95章  玩具、游戏品、运动用品及其零件、附件,203,贝宁,11950194.0
202607,95,第95章  玩具、游戏品、运动用品及其零件、附件,207,加那利群岛,35290.0
202607,95,第95章  玩具、游戏品、运动用品及其零件、附件,208,佛得角,1631911.0
202607,95,第95章  玩具、游戏品、运动用品及其零件、附件,211,乍得,849697.0
202607,95,第95章  玩具、游戏品、运动用品及其零件、附件,213,刚果共和国,3267965.0
202607,95,第95章  玩具、游戏品、运动用品及其零件、附件,219,冈比亚,630188.0
202607,95,第95章  玩具、游戏品、运动用品及其零件、附件,220,加纳,38737726.0
202607,95,第95章  玩具、游戏品、运动用品及其零件、附件,222,几内亚比绍,9483.0
202607,95,第95章  玩具、游戏品、运动用品及其零件、附件,224,肯尼亚,51941810.0
202607,95,第95章  玩具、游戏品、运动用品及其零件、附件,227,马达加斯加,9790891.0
202607,95,第95章  玩具、游戏品、运动用品及其零件、附件,233,莫桑比克,36531939.0
202607,95,第95章  玩具、游戏品、运动用品及其零件、附件,235,尼日尔,34350.0
202607,95,第95章  玩具、游戏品、运动用品及其零件、附件,239,圣多美和普林西比,56191.0
202607,95,第95章  玩具、游戏品、运动用品及其零件、附件,241,塞舌尔,1495011.0
202607,95,第95章  玩具、游戏品、运动用品及其零件、附件,244,南非,203284377.0
202607,95,第95章  玩具、游戏品、运动用品及其零件、附件,250,乌干达,4315095.0
202607,95,第95章  玩具、游戏品、运动用品及其零件、附件,252,刚果民主共和国,19860601.0
202607,95,第95章  玩具、游戏品、运动用品及其零件、附件,254,津巴布韦,3502248.0
202607,95,第95章  玩具、游戏品、运动用品及其零件、附件,255,莱索托,61427.0
202607,95,第95章  玩具、游戏品、运动用品及其零件、附件,258,厄立特里亚,159356.0
202607,95,第95章  玩具、游戏品、运动用品及其零件、附件,301,比利时,459931623.0
202607,95,第95章  玩具、游戏品、运动用品及其零件、附件,305,法国,1082301168.0
202607,95,第95章  玩具、游戏品、运动用品及其零件、附件,306,爱尔兰,118746873.0
202607,95,第95章  玩具、游戏品、运动用品及其零件、附件,307,意大利,808577497.0
202607,95,第95章  玩具、游戏品、运动用品及其零件、附件,309,荷兰,2804049666.0
202607,95,第95章  玩具、游戏品、运动用品及其零件、附件,310,希腊,212756649.0
202607,95,第95章  玩具、游戏品、运动用品及其零件、附件,312,西班牙,1761788460.0
202607,95,第95章  玩具、游戏品、运动用品及其零件、附件,313,阿尔巴尼亚,25964763.0
202607,95,第95章  玩具、游戏品、运动用品及其零件、附件,314,安道尔,15902.0
202607,95,第95章  玩具、游戏品、运动用品及其零件、附件,315,奥地利,79523809.0
202607,95,第95章  玩具、游戏品、运动用品及其零件、附件,316,保加利亚,48353466.0
202607,95,第95章  玩具、游戏品、运动用品及其零件、附件,318,芬兰,73856468.0
202607,95,第95章  玩具、游戏品、运动用品及其零件、附件,321,匈牙利,108555577.0
202607,95,第95章  玩具、游戏品、运动用品及其零件、附件,326,挪威,99333553.0
202607,95,第95章  玩具、游戏品、运动用品及其零件、附件,327,波兰,1307494721.0
202607,95,第95章  玩具、游戏品、运动用品及其零件、附件,336,立陶宛,38389211.0
202607,95,第95章  玩具、游戏品、运动用品及其零件、附件,340,白俄罗斯,38004488.0
202607,95,第95章  玩具、游戏品、运动用品及其零件、附件,350,斯洛文尼亚,143046551.0
202607,95,第95章  玩具、游戏品、运动用品及其零件、附件,357,法罗群岛,3337.0
202607,95,第95章  玩具、游戏品、运动用品及其零件、附件,359,黑山,3754093.0
202607,95,第95章  玩具、游戏品、运动用品及其零件、附件,404,巴哈马,4496763.0
202607,95,第95章  玩具、游戏品、运动用品及其零件、附件,405,巴巴多斯,987504.0
202607,95,第95章  玩具、游戏品、运动用品及其零件、附件,406,伯利兹,2054979.0
202607,95,第95章  玩具、游戏品、运动用品及其零件、附件,408,玻利维亚 ,9351597.0
202607,95,第95章  玩具、游戏品、运动用品及其零件、附件,410,巴西,1360395802.0
202607,95,第95章  玩具、游戏品、运动用品及其零件、附件,415,哥斯达黎加,85632690.0
202607,95,第95章  玩具、游戏品、运动用品及其零件、附件,422,瓜德罗普,379199.0
202607,95,第95章  玩具、游戏品、运动用品及其零件、附件,427,牙买加,26207054.0
202607,95,第95章  玩具、游戏品、运动用品及其零件、附件,429,墨西哥,1620703684.0
202607,95,第95章  玩具、游戏品、运动用品及其零件、附件,431,尼加拉瓜,17161112.0
202607,95,第95章  玩具、游戏品、运动用品及其零件、附件,435,波多黎各,33827918.0
202607,95,第95章  玩具、游戏品、运动用品及其零件、附件,442,特立尼达和多巴哥,12698752.0
202607,95,第95章  玩具、游戏品、运动用品及其零件、附件,443,特克斯和凯科斯群岛,644695.0
202607,95,第95章  玩具、游戏品、运动用品及其零件、附件,444,乌拉圭,95814497.0
202607,95,第95章  玩具、游戏品、运动用品及其零件、附件,446,英属维尔京群岛,34.0
202607,95,第95章  玩具、游戏品、运动用品及其零件、附件,501,加拿大,1600294622.0
202607,95,第95章  玩具、游戏品、运动用品及其零件、附件,503,格陵兰,1640842.0
202607,95,第95章  玩具、游戏品、运动用品及其零件、附件,614,汤加,881815.0
202607,95,第95章  玩具、游戏品、运动用品及其零件、附件,617,萨摩亚,700629.0
202607,95,第95章  玩具、游戏品、运动用品及其零件、附件,621,马绍尔群岛,73217.0
202607,95,第95章  玩具、游戏品、运动用品及其零件、附件,625,瓦利斯和富图纳 ,78200.0
202607,96,第96章  杂项制品,108,塞浦路斯,1631841.0
202607,96,第96章  杂项制品,109,朝鲜,12696165.0
202607,96,第96章  杂项制品,118,科威特,25699804.0
202607,96,第96章  杂项制品,123,马尔代夫,3940689.0
202607,96,第96章  杂项制品,124,蒙古,12546274.0
202607,96,第96章  杂项制品,127,巴基斯坦,76590970.0
202607,96,第96章  杂项制品,129,菲律宾,513050147.0
202607,96,第96章  杂项制品,137,土耳其,203468882.0
202607,96,第96章  杂项制品,138,阿联酋,158298740.0
202607,96,第96章  杂项制品,147,塔吉克斯坦,23116443.0
202607,96,第96章  杂项制品,203,贝宁,13093533.0
202607,96,第96章  杂项制品,207,加那利群岛,18622.0
202607,96,第96章  杂项制品,208,佛得角,394281.0
202607,96,第96章  杂项制品,209,中非,34793.0
202607,96,第96章  杂项制品,211,乍得,1844341.0
202607,96,第96章  杂项制品,213,刚果共和国,8103107.0
202607,96,第96章  杂项制品,219,冈比亚,4754258.0
202607,96,第96章  杂项制品,220,加纳,79695644.0
202607,96,第96章  杂项制品,222,几内亚比绍,726649.0
202607,96,第96章  杂项制品,224,肯尼亚,70850131.0
202607,96,第96章  杂项制品,227,马达加斯加,13169874.0
202607,96,第96章  杂项制品,233,莫桑比克,43041422.0
202607,96,第96章  杂项制品,235,尼日尔,72074.0
202607,96,第96章  杂项制品,239,圣多美和普林西比,379868.0
202607,96,第96章  杂项制品,241,塞舌尔,210018.0
202607,96,第96章  杂项制品,244,南非,127319342.0
202607,96,第96章  杂项制品,250,乌干达,3182244.0
202607,96,第96章  杂项制品,252,刚果民主共和国,21160063.0
202607,96,第96章  杂项制品,254,津巴布韦,2816528.0
202607,96,第96章  杂项制品,255,莱索托,460545.0
202607,96,第96章  杂项制品,258,厄立特里亚,1552203.0
202607,96,第96章  杂项制品,301,比利时,69649329.0
202607,96,第96章  杂项制品,305,法国,232457126.0
202607,96,第96章  杂项制品,306,爱尔兰,15346514.0
202607,96,第96章  杂项制品,307,意大利,230748980.0
202607,96,第96章  杂项制品,309,荷兰,351083733.0
202607,96,第96章  杂项制品,310,希腊,49625256.0
202607,96,第96章  杂项制品,312,西班牙,196181306.0
202607,96,第96章  杂项制品,313,阿尔巴尼亚,7504110.0
202607,96,第96章  杂项制品,314,安道尔,5448.0
202607,96,第96章  杂项制品,315,奥地利,16657643.0
202607,96,第96章  杂项制品,316,保加利亚,14566909.0
202607,96,第96章  杂项制品,318,芬兰,10069372.0
202607,96,第96章  杂项制品,321,匈牙利,14679583.0
202607,96,第96章  杂项制品,326,挪威,10742630.0
202607,96,第96章  杂项制品,327,波兰,216874582.0
202607,96,第96章  杂项制品,336,立陶宛,8975327.0
202607,96,第96章  杂项制品,340,白俄罗斯,26190071.0
202607,96,第96章  杂项制品,350,斯洛文尼亚,27043322.0
202607,96,第96章  杂项制品,359,黑山,512237.0
202607,96,第96章  杂项制品,404,巴哈马,448393.0
202607,96,第96章  杂项制品,405,巴巴多斯,751284.0
202607,96,第96章  杂项制品,406,伯利兹,562734.0
202607,96,第96章  杂项制品,408,玻利维亚 ,17257054.0
202607,96,第96章  杂项制品,410,巴西,464019609.0
202607,96,第96章  杂项制品,415,哥斯达黎加,25960126.0
202607,96,第96章  杂项制品,422,瓜德罗普,182909.0
202607,96,第96章  杂项制品,427,牙买加,12547262.0
202607,96,第96章  杂项制品,429,墨西哥,337550710.0
202607,96,第96章  杂项制品,431,尼加拉瓜,8155764.0
202607,96,第96章  杂项制品,435,波多黎各,3823616.0
202607,96,第96章  杂项制品,442,特立尼达和多巴哥,5553687.0
202607,96,第96章  杂项制品,443,特克斯和凯科斯群岛,169489.0
202607,96,第96章  杂项制品,444,乌拉圭,34375421.0
202607,96,第96章  杂项制品,446,英属维尔京群岛,340.0
202607,96,第96章  杂项制品,501,加拿大,290274041.0
202607,96,第96章  杂项制品,614,汤加,376413.0
202607,96,第96章  杂项制品,617,萨摩亚,1238738.0
202607,96,第96章  杂项制品,621,马绍尔群岛,693259.0
202607,97,第97章  艺术品、收藏品及古物,118,科威特,337413.0
202607,97,第97章  艺术品、收藏品及古物,127,巴基斯坦,9025.0
202607,97,第97章  艺术品、收藏品及古物,129,菲律宾,25183.0
202607,97,第97章  艺术品、收藏品及古物,138,阿联酋,2010657.0
202607,97,第97章  艺术品、收藏品及古物,213,刚果共和国,73713.0
202607,97,第97章  艺术品、收藏品及古物,220,加纳,4188.0
202607,97,第97章  艺术品、收藏品及古物,244,南非,35351.0
202607,97,第97章  艺术品、收藏品及古物,252,刚果民主共和国,101504.0
202607,97,第97章  艺术品、收藏品及古物,301,比利时,353516.0
202607,97,第97章  艺术品、收藏品及古物,305,法国,843046.0
202607,97,第97章  艺术品、收藏品及古物,306,爱尔兰,9070.0
202607,97,第97章  艺术品、收藏品及古物,307,意大利,617030.0
202607,97,第97章  艺术品、收藏品及古物,309,荷兰,3686779.0
202607,97,第97章  艺术品、收藏品及古物,310,希腊,90259.0
202607,97,第97章  艺术品、收藏品及古物,312,西班牙,901620.0
202607,97,第97章  艺术品、收藏品及古物,315,奥地利,374990.0
202607,97,第97章  艺术品、收藏品及古物,318,芬兰,72253.0
202607,97,第97章  艺术品、收藏品及古物,327,波兰,173295.0
202607,97,第97章  艺术品、收藏品及古物,410,巴西,174489.0
202607,97,第97章  艺术品、收藏品及古物,415,哥斯达黎加,10.0
202607,97,第97章  艺术品、收藏品及古物,427,牙买加,58110.0
202607,97,第97章  艺术品、收藏品及古物,429,墨西哥,470277.0
202607,97,第97章  艺术品、收藏品及古物,435,波多黎各,86133.0
202607,97,第97章  艺术品、收藏品及古物,501,加拿大,830530.0
202607,98,第98章  特殊交易品及未分类商品,108,塞浦路斯,19303200.0
202607,98,第98章  特殊交易品及未分类商品,109,朝鲜,10824164.0
202607,98,第98章  特殊交易品及未分类商品,118,科威特,157238396.0
202607,98,第98章  特殊交易品及未分类商品,123,马尔代夫,10179925.0
202607,98,第98章  特殊交易品及未分类商品,124,蒙古,6479520.0
202607,98,第98章  特殊交易品及未分类商品,127,巴基斯坦,25634906.0
202607,98,第98章  特殊交易品及未分类商品,129,菲律宾,916492181.0
202607,98,第98章  特殊交易品及未分类商品,137,土耳其,6349316.0
202607,98,第98章  特殊交易品及未分类商品,138,阿联酋,503901303.0
202607,98,第98章  特殊交易品及未分类商品,147,塔吉克斯坦,4634.0
202607,98,第98章  特殊交易品及未分类商品,203,贝宁,99304.0
202607,98,第98章  特殊交易品及未分类商品,207,加那利群岛,183596.0
202607,98,第98章  特殊交易品及未分类商品,208,佛得角,383016.0
202607,98,第98章  特殊交易品及未分类商品,209,中非,11318.0
202607,98,第98章  特殊交易品及未分类商品,211,乍得,51695.0
202607,98,第98章  特殊交易品及未分类商品,213,刚果共和国,70875.0
202607,98,第98章  特殊交易品及未分类商品,219,冈比亚,64454.0
202607,98,第98章  特殊交易品及未分类商品,220,加纳,28743373.0
202607,98,第98章  特殊交易品及未分类商品,222,几内亚比绍,358792.0
202607,98,第98章  特殊交易品及未分类商品,224,肯尼亚,5405094.0
202607,98,第98章  特殊交易品及未分类商品,227,马达加斯加,627925.0
202607,98,第98章  特殊交易品及未分类商品,233,莫桑比克,325151.0
202607,98,第98章  特殊交易品及未分类商品,235,尼日尔,25737.0
202607,98,第98章  特殊交易品及未分类商品,239,圣多美和普林西比,6452.0
202607,98,第98章  特殊交易品及未分类商品,241,塞舌尔,6729967.0
202607,98,第98章  特殊交易品及未分类商品,244,南非,367703311.0
202607,98,第98章  特殊交易品及未分类商品,250,乌干达,1639293.0
202607,98,第98章  特殊交易品及未分类商品,252,刚果民主共和国,233599.0
202607,98,第98章  特殊交易品及未分类商品,254,津巴布韦,569207.0
202607,98,第98章  特殊交易品及未分类商品,255,莱索托,58278.0
202607,98,第98章  特殊交易品及未分类商品,258,厄立特里亚,86077.0
202607,98,第98章  特殊交易品及未分类商品,301,比利时,2291246815.0
202607,98,第98章  特殊交易品及未分类商品,305,法国,591016552.0
202607,98,第98章  特殊交易品及未分类商品,306,爱尔兰,71673320.0
202607,98,第98章  特殊交易品及未分类商品,307,意大利,636090129.0
202607,98,第98章  特殊交易品及未分类商品,309,荷兰,731624538.0
202607,98,第98章  特殊交易品及未分类商品,310,希腊,95605907.0
202607,98,第98章  特殊交易品及未分类商品,312,西班牙,808863238.0
202607,98,第98章  特殊交易品及未分类商品,313,阿尔巴尼亚,2202718.0
202607,98,第98章  特殊交易品及未分类商品,314,安道尔,105725.0
202607,98,第98章  特殊交易品及未分类商品,315,奥地利,45777767.0
202607,98,第98章  特殊交易品及未分类商品,316,保加利亚,24827597.0
202607,98,第98章  特殊交易品及未分类商品,318,芬兰,62279276.0
202607,98,第98章  特殊交易品及未分类商品,320,直布罗陀,566593.0
202607,98,第98章  特殊交易品及未分类商品,321,匈牙利,996559430.0
202607,98,第98章  特殊交易品及未分类商品,326,挪威,131131255.0
202607,98,第98章  特殊交易品及未分类商品,327,波兰,612464961.0
202607,98,第98章  特殊交易品及未分类商品,336,立陶宛,17787260.0
202607,98,第98章  特殊交易品及未分类商品,340,白俄罗斯,7072587.0
202607,98,第98章  特殊交易品及未分类商品,350,斯洛文尼亚,8471376.0
202607,98,第98章  特殊交易品及未分类商品,356,梵蒂冈,63.0
202607,98,第98章  特殊交易品及未分类商品,357,法罗群岛,40024.0
202607,98,第98章  特殊交易品及未分类商品,359,黑山,1899619.0
202607,98,第98章  特殊交易品及未分类商品,404,巴哈马,249899.0
202607,98,第98章  特殊交易品及未分类商品,405,巴巴多斯,565247.0
202607,98,第98章  特殊交易品及未分类商品,406,伯利兹,115859.0
202607,98,第98章  特殊交易品及未分类商品,408,玻利维亚 ,1297719.0
202607,98,第98章  特殊交易品及未分类商品,410,巴西,1161517142.0
202607,98,第98章  特殊交易品及未分类商品,415,哥斯达黎加,20288902.0
202607,98,第98章  特殊交易品及未分类商品,422,瓜德罗普,1326420.0
202607,98,第98章  特殊交易品及未分类商品,427,牙买加,250316.0
202607,98,第98章  特殊交易品及未分类商品,429,墨西哥,1053279626.0
202607,98,第98章  特殊交易品及未分类商品,430,蒙特塞拉特,8810.0
202607,98,第98章  特殊交易品及未分类商品,431,尼加拉瓜,728956.0
202607,98,第98章  特殊交易品及未分类商品,435,波多黎各,1343678.0
202607,98,第98章  特殊交易品及未分类商品,442,特立尼达和多巴哥,2207460.0
202607,98,第98章  特殊交易品及未分类商品,443,特克斯和凯科斯群岛,776712.0
202607,98,第98章  特殊交易品及未分类商品,444,乌拉圭,2069417.0
202607,98,第98章  特殊交易品及未分类商品,446,英属维尔京群岛,81469.0
202607,98,第98章  特殊交易品及未分类商品,501,加拿大,745435739.0
202607,98,第98章  特殊交易品及未分类商品,503,格陵兰,967233.0
202607,98,第98章  特殊交易品及未分类商品,614,汤加,20285.0
202607,98,第98章  特殊交易品及未分类商品,617,萨摩亚,50698.0
202607,98,第98章  特殊交易品及未分类商品,621,马绍尔群岛,22014.0
202607,98,第98章  特殊交易品及未分类商品,625,瓦利斯和富图纳 ,5094.0
202607,98,第98章  特殊交易品及未分类商品,699,大洋洲其他国家(地区) ,74.0
202607,99,跨境电商B2B简化申报商品,118,科威特,14385.0
202607,99,跨境电商B2B简化申报商品,127,巴基斯坦,64850.0
202607,99,跨境电商B2B简化申报商品,129,菲律宾,16647103.0
202607,99,跨境电商B2B简化申报商品,137,土耳其,25016.0
202607,99,跨境电商B2B简化申报商品,138,阿联酋,2790749.0
202607,99,跨境电商B2B简化申报商品,244,南非,336553.0
202607,99,跨境电商B2B简化申报商品,301,比利时,47500120.0
202607,99,跨境电商B2B简化申报商品,305,法国,706692.0
202607,99,跨境电商B2B简化申报商品,306,爱尔兰,2742.0
202607,99,跨境电商B2B简化申报商品,307,意大利,332651.0
202607,99,跨境电商B2B简化申报商品,309,荷兰,6959938.0
202607,99,跨境电商B2B简化申报商品,310,希腊,8102.0
202607,99,跨境电商B2B简化申报商品,312,西班牙,142131.0
202607,99,跨境电商B2B简化申报商品,315,奥地利,5451.0
202607,99,跨境电商B2B简化申报商品,316,保加利亚,3994.0
202607,99,跨境电商B2B简化申报商品,318,芬兰,5159.0
202607,99,跨境电商B2B简化申报商品,321,匈牙利,443489.0
202607,99,跨境电商B2B简化申报商品,327,波兰,15315554.0
202607,99,跨境电商B2B简化申报商品,336,立陶宛,6655.0
202607,99,跨境电商B2B简化申报商品,340,白俄罗斯,1177.0
202607,99,跨境电商B2B简化申报商品,429,墨西哥,518440.0
202607,99,跨境电商B2B简化申报商品,501,加拿大,24475767.0
