数据年月,商品编码,商品名称,贸易伙伴编码,贸易伙伴名称,人民币
202607,1,第1章   活动物,301,比利时,5978647.0
202607,1,第1章   活动物,305,法国,78484056.0
202607,1,第1章   活动物,312,西班牙,777.0
202607,2,第2章   肉及食用杂碎,127,巴基斯坦,462531.0
202607,2,第2章   肉及食用杂碎,227,马达加斯加,1194618.0
202607,2,第2章   肉及食用杂碎,301,比利时,25408515.0
202607,2,第2章   肉及食用杂碎,305,法国,132437535.0
202607,2,第2章   肉及食用杂碎,306,爱尔兰,46704378.0
202607,2,第2章   肉及食用杂碎,309,荷兰,112872797.0
202607,2,第2章   肉及食用杂碎,312,西班牙,523413857.0
202607,2,第2章   肉及食用杂碎,315,奥地利,5892459.0
202607,2,第2章   肉及食用杂碎,318,芬兰,11666135.0
202607,2,第2章   肉及食用杂碎,340,白俄罗斯,44658784.0
202607,2,第2章   肉及食用杂碎,408,玻利维亚 ,94869758.0
202607,2,第2章   肉及食用杂碎,410,巴西,7633231016.0
202607,2,第2章   肉及食用杂碎,415,哥斯达黎加,18401041.0
202607,2,第2章   肉及食用杂碎,431,尼加拉瓜,6573154.0
202607,2,第2章   肉及食用杂碎,444,乌拉圭,410536667.0
202607,2,第2章   肉及食用杂碎,501,加拿大,487860054.0
202607,3,第3章   鱼、甲壳动物、软体动物及其他水生无脊椎动物,127,巴基斯坦,101131088.0
202607,3,第3章   鱼、甲壳动物、软体动物及其他水生无脊椎动物,129,菲律宾,64656606.0
202607,3,第3章   鱼、甲壳动物、软体动物及其他水生无脊椎动物,137,土耳其,5133787.0
202607,3,第3章   鱼、甲壳动物、软体动物及其他水生无脊椎动物,220,加纳,786611.0
202607,3,第3章   鱼、甲壳动物、软体动物及其他水生无脊椎动物,224,肯尼亚,26410905.0
202607,3,第3章   鱼、甲壳动物、软体动物及其他水生无脊椎动物,227,马达加斯加,3996166.0
202607,3,第3章   鱼、甲壳动物、软体动物及其他水生无脊椎动物,233,莫桑比克,6212963.0
202607,3,第3章   鱼、甲壳动物、软体动物及其他水生无脊椎动物,244,南非,12640245.0
202607,3,第3章   鱼、甲壳动物、软体动物及其他水生无脊椎动物,250,乌干达,4722500.0
202607,3,第3章   鱼、甲壳动物、软体动物及其他水生无脊椎动物,305,法国,80609298.0
202607,3,第3章   鱼、甲壳动物、软体动物及其他水生无脊椎动物,306,爱尔兰,38320338.0
202607,3,第3章   鱼、甲壳动物、软体动物及其他水生无脊椎动物,309,荷兰,24995341.0
202607,3,第3章   鱼、甲壳动物、软体动物及其他水生无脊椎动物,310,希腊,602597.0
202607,3,第3章   鱼、甲壳动物、软体动物及其他水生无脊椎动物,312,西班牙,132454301.0
202607,3,第3章   鱼、甲壳动物、软体动物及其他水生无脊椎动物,326,挪威,1030443664.0
202607,3,第3章   鱼、甲壳动物、软体动物及其他水生无脊椎动物,327,波兰,819604.0
202607,3,第3章   鱼、甲壳动物、软体动物及其他水生无脊椎动物,357,法罗群岛,165914804.0
202607,3,第3章   鱼、甲壳动物、软体动物及其他水生无脊椎动物,410,巴西,22161879.0
202607,3,第3章   鱼、甲壳动物、软体动物及其他水生无脊椎动物,429,墨西哥,48801437.0
202607,3,第3章   鱼、甲壳动物、软体动物及其他水生无脊椎动物,444,乌拉圭,12074711.0
202607,3,第3章   鱼、甲壳动物、软体动物及其他水生无脊椎动物,501,加拿大,433753156.0
202607,3,第3章   鱼、甲壳动物、软体动物及其他水生无脊椎动物,503,格陵兰,256341899.0
202607,3,第3章   鱼、甲壳动物、软体动物及其他水生无脊椎动物,621,马绍尔群岛,4376136.0
202607,4,第4章   乳品；蛋品；天然蜂蜜；其他食用动物产品,127,巴基斯坦,1603028.0
202607,4,第4章   乳品；蛋品；天然蜂蜜；其他食用动物产品,137,土耳其,12007709.0
202607,4,第4章   乳品；蛋品；天然蜂蜜；其他食用动物产品,138,阿联酋,2272023.0
202607,4,第4章   乳品；蛋品；天然蜂蜜；其他食用动物产品,301,比利时,39345041.0
202607,4,第4章   乳品；蛋品；天然蜂蜜；其他食用动物产品,305,法国,231727340.0
202607,4,第4章   乳品；蛋品；天然蜂蜜；其他食用动物产品,306,爱尔兰,67593811.0
202607,4,第4章   乳品；蛋品；天然蜂蜜；其他食用动物产品,307,意大利,51610334.0
202607,4,第4章   乳品；蛋品；天然蜂蜜；其他食用动物产品,309,荷兰,166870986.0
202607,4,第4章   乳品；蛋品；天然蜂蜜；其他食用动物产品,310,希腊,17242656.0
202607,4,第4章   乳品；蛋品；天然蜂蜜；其他食用动物产品,312,西班牙,34796769.0
202607,4,第4章   乳品；蛋品；天然蜂蜜；其他食用动物产品,315,奥地利,7619479.0
202607,4,第4章   乳品；蛋品；天然蜂蜜；其他食用动物产品,318,芬兰,22986800.0
202607,4,第4章   乳品；蛋品；天然蜂蜜；其他食用动物产品,327,波兰,25836884.0
202607,4,第4章   乳品；蛋品；天然蜂蜜；其他食用动物产品,340,白俄罗斯,46333041.0
202607,4,第4章   乳品；蛋品；天然蜂蜜；其他食用动物产品,350,斯洛文尼亚,229544.0
202607,4,第4章   乳品；蛋品；天然蜂蜜；其他食用动物产品,410,巴西,4401069.0
202607,4,第4章   乳品；蛋品；天然蜂蜜；其他食用动物产品,444,乌拉圭,1761477.0
202607,4,第4章   乳品；蛋品；天然蜂蜜；其他食用动物产品,501,加拿大,176364.0
202607,5,第5章   其他动物产品,109,朝鲜,571636.0
202607,5,第5章   其他动物产品,124,蒙古,3151026.0
202607,5,第5章   其他动物产品,127,巴基斯坦,18548942.0
202607,5,第5章   其他动物产品,129,菲律宾,652389.0
202607,5,第5章   其他动物产品,137,土耳其,1530.0
202607,5,第5章   其他动物产品,227,马达加斯加,70358.0
202607,5,第5章   其他动物产品,233,莫桑比克,38248.0
202607,5,第5章   其他动物产品,244,南非,2320373.0
202607,5,第5章   其他动物产品,250,乌干达,549826.0
202607,5,第5章   其他动物产品,305,法国,12356254.0
202607,5,第5章   其他动物产品,306,爱尔兰,1450777.0
202607,5,第5章   其他动物产品,307,意大利,8140377.0
202607,5,第5章   其他动物产品,309,荷兰,29041911.0
202607,5,第5章   其他动物产品,310,希腊,110958.0
202607,5,第5章   其他动物产品,312,西班牙,55566138.0
202607,5,第5章   其他动物产品,315,奥地利,58001.0
202607,5,第5章   其他动物产品,321,匈牙利,9800033.0
202607,5,第5章   其他动物产品,327,波兰,24863040.0
202607,5,第5章   其他动物产品,340,白俄罗斯,2047854.0
202607,5,第5章   其他动物产品,410,巴西,110442.0
202607,5,第5章   其他动物产品,444,乌拉圭,23417465.0
202607,5,第5章   其他动物产品,501,加拿大,17768441.0
202607,6,第6章   活树及其他活植物；鳞茎、根及类似品；插花及装饰用簇叶,224,肯尼亚,927126.0
202607,6,第6章   活树及其他活植物；鳞茎、根及类似品；插花及装饰用簇叶,244,南非,3483039.0
202607,6,第6章   活树及其他活植物；鳞茎、根及类似品；插花及装饰用簇叶,250,乌干达,146635.0
202607,6,第6章   活树及其他活植物；鳞茎、根及类似品；插花及装饰用簇叶,254,津巴布韦,38655.0
202607,6,第6章   活树及其他活植物；鳞茎、根及类似品；插花及装饰用簇叶,301,比利时,54823.0
202607,6,第6章   活树及其他活植物；鳞茎、根及类似品；插花及装饰用簇叶,305,法国,3361213.0
202607,6,第6章   活树及其他活植物；鳞茎、根及类似品；插花及装饰用簇叶,307,意大利,872645.0
202607,6,第6章   活树及其他活植物；鳞茎、根及类似品；插花及装饰用簇叶,309,荷兰,91122019.0
202607,6,第6章   活树及其他活植物；鳞茎、根及类似品；插花及装饰用簇叶,312,西班牙,6540092.0
202607,6,第6章   活树及其他活植物；鳞茎、根及类似品；插花及装饰用簇叶,410,巴西,40222.0
202607,6,第6章   活树及其他活植物；鳞茎、根及类似品；插花及装饰用簇叶,415,哥斯达黎加,322474.0
202607,7,第7章   食用蔬菜、根及块茎,127,巴基斯坦,4484638.0
202607,7,第7章   食用蔬菜、根及块茎,137,土耳其,2820165.0
202607,7,第7章   食用蔬菜、根及块茎,301,比利时,1347652.0
202607,7,第7章   食用蔬菜、根及块茎,305,法国,1303865.0
202607,7,第7章   食用蔬菜、根及块茎,312,西班牙,1891529.0
202607,7,第7章   食用蔬菜、根及块茎,327,波兰,350790.0
202607,7,第7章   食用蔬菜、根及块茎,410,巴西,2233.0
202607,7,第7章   食用蔬菜、根及块茎,501,加拿大,341429848.0
202607,8,第8章   食用水果及坚果；甜瓜或柑橘属水果的果皮,127,巴基斯坦,109485.0
202607,8,第8章   食用水果及坚果；甜瓜或柑橘属水果的果皮,129,菲律宾,319167535.0
202607,8,第8章   食用水果及坚果；甜瓜或柑橘属水果的果皮,137,土耳其,89152111.0
202607,8,第8章   食用水果及坚果；甜瓜或柑橘属水果的果皮,220,加纳,10858114.0
202607,8,第8章   食用水果及坚果；甜瓜或柑橘属水果的果皮,224,肯尼亚,6979445.0
202607,8,第8章   食用水果及坚果；甜瓜或柑橘属水果的果皮,233,莫桑比克,2815166.0
202607,8,第8章   食用水果及坚果；甜瓜或柑橘属水果的果皮,244,南非,254017412.0
202607,8,第8章   食用水果及坚果；甜瓜或柑橘属水果的果皮,250,乌干达,249385.0
202607,8,第8章   食用水果及坚果；甜瓜或柑橘属水果的果皮,254,津巴布韦,9228100.0
202607,8,第8章   食用水果及坚果；甜瓜或柑橘属水果的果皮,312,西班牙,1375121.0
202607,8,第8章   食用水果及坚果；甜瓜或柑橘属水果的果皮,327,波兰,1321528.0
202607,8,第8章   食用水果及坚果；甜瓜或柑橘属水果的果皮,410,巴西,11923994.0
202607,8,第8章   食用水果及坚果；甜瓜或柑橘属水果的果皮,429,墨西哥,16046267.0
202607,8,第8章   食用水果及坚果；甜瓜或柑橘属水果的果皮,501,加拿大,30498417.0
202607,9,第9章   咖啡、茶、马黛茶及调味香料,127,巴基斯坦,212552.0
202607,9,第9章   咖啡、茶、马黛茶及调味香料,137,土耳其,93356.0
202607,9,第9章   咖啡、茶、马黛茶及调味香料,138,阿联酋,753904.0
202607,9,第9章   咖啡、茶、马黛茶及调味香料,224,肯尼亚,31335285.0
202607,9,第9章   咖啡、茶、马黛茶及调味香料,227,马达加斯加,5703819.0
202607,9,第9章   咖啡、茶、马黛茶及调味香料,244,南非,422.0
202607,9,第9章   咖啡、茶、马黛茶及调味香料,250,乌干达,48102384.0
202607,9,第9章   咖啡、茶、马黛茶及调味香料,252,刚果民主共和国,2338.0
202607,9,第9章   咖啡、茶、马黛茶及调味香料,305,法国,3993472.0
202607,9,第9章   咖啡、茶、马黛茶及调味香料,306,爱尔兰,9626.0
202607,9,第9章   咖啡、茶、马黛茶及调味香料,307,意大利,13166439.0
202607,9,第9章   咖啡、茶、马黛茶及调味香料,309,荷兰,36678.0
202607,9,第9章   咖啡、茶、马黛茶及调味香料,310,希腊,80755.0
202607,9,第9章   咖啡、茶、马黛茶及调味香料,312,西班牙,932726.0
202607,9,第9章   咖啡、茶、马黛茶及调味香料,315,奥地利,71253.0
202607,9,第9章   咖啡、茶、马黛茶及调味香料,316,保加利亚,788.0
202607,9,第9章   咖啡、茶、马黛茶及调味香料,318,芬兰,379.0
202607,9,第9章   咖啡、茶、马黛茶及调味香料,326,挪威,37011.0
202607,9,第9章   咖啡、茶、马黛茶及调味香料,327,波兰,1491706.0
202607,9,第9章   咖啡、茶、马黛茶及调味香料,408,玻利维亚 ,14437.0
202607,9,第9章   咖啡、茶、马黛茶及调味香料,410,巴西,51189182.0
202607,9,第9章   咖啡、茶、马黛茶及调味香料,415,哥斯达黎加,28219928.0
202607,9,第9章   咖啡、茶、马黛茶及调味香料,427,牙买加,1515831.0
202607,9,第9章   咖啡、茶、马黛茶及调味香料,429,墨西哥,15063794.0
202607,9,第9章   咖啡、茶、马黛茶及调味香料,431,尼加拉瓜,814781.0
202607,9,第9章   咖啡、茶、马黛茶及调味香料,501,加拿大,60268.0
202607,10,第10章  谷物,127,巴基斯坦,108705780.0
202607,10,第10章  谷物,129,菲律宾,262.0
202607,10,第10章  谷物,305,法国,812246.0
202607,10,第10章  谷物,408,玻利维亚 ,2889920.0
202607,10,第10章  谷物,444,乌拉圭,613.0
202607,10,第10章  谷物,501,加拿大,670496639.0
202607,11,第11章  制粉工业产品；麦芽；淀粉；菊粉；面筋,129,菲律宾,1393.0
202607,11,第11章  制粉工业产品；麦芽；淀粉；菊粉；面筋,233,莫桑比克,19800.0
202607,11,第11章  制粉工业产品；麦芽；淀粉；菊粉；面筋,301,比利时,1204271.0
202607,11,第11章  制粉工业产品；麦芽；淀粉；菊粉；面筋,305,法国,13263055.0
202607,11,第11章  制粉工业产品；麦芽；淀粉；菊粉；面筋,309,荷兰,16212724.0
202607,11,第11章  制粉工业产品；麦芽；淀粉；菊粉；面筋,315,奥地利,548601.0
202607,11,第11章  制粉工业产品；麦芽；淀粉；菊粉；面筋,318,芬兰,11344.0
202607,11,第11章  制粉工业产品；麦芽；淀粉；菊粉；面筋,327,波兰,248210.0
202607,11,第11章  制粉工业产品；麦芽；淀粉；菊粉；面筋,410,巴西,4393492.0
202607,11,第11章  制粉工业产品；麦芽；淀粉；菊粉；面筋,429,墨西哥,388126.0
202607,11,第11章  制粉工业产品；麦芽；淀粉；菊粉；面筋,501,加拿大,1433761.0
202607,12,第12章  含油子仁及果实；杂项子仁及果仁；工业用或药用植物；稻草、秸秆及饲料,124,蒙古,6844355.0
202607,12,第12章  含油子仁及果实；杂项子仁及果仁；工业用或药用植物；稻草、秸秆及饲料,127,巴基斯坦,51512224.0
202607,12,第12章  含油子仁及果实；杂项子仁及果仁；工业用或药用植物；稻草、秸秆及饲料,129,菲律宾,11066650.0
202607,12,第12章  含油子仁及果实；杂项子仁及果仁；工业用或药用植物；稻草、秸秆及饲料,137,土耳其,6352367.0
202607,12,第12章  含油子仁及果实；杂项子仁及果仁；工业用或药用植物；稻草、秸秆及饲料,203,贝宁,17482361.0
202607,12,第12章  含油子仁及果实；杂项子仁及果仁；工业用或药用植物；稻草、秸秆及饲料,211,乍得,66549152.0
202607,12,第12章  含油子仁及果实；杂项子仁及果仁；工业用或药用植物；稻草、秸秆及饲料,219,冈比亚,108721735.0
202607,12,第12章  含油子仁及果实；杂项子仁及果仁；工业用或药用植物；稻草、秸秆及饲料,220,加纳,102781.0
202607,12,第12章  含油子仁及果实；杂项子仁及果仁；工业用或药用植物；稻草、秸秆及饲料,224,肯尼亚,266544.0
202607,12,第12章  含油子仁及果实；杂项子仁及果仁；工业用或药用植物；稻草、秸秆及饲料,227,马达加斯加,2640315.0
202607,12,第12章  含油子仁及果实；杂项子仁及果仁；工业用或药用植物；稻草、秸秆及饲料,233,莫桑比克,7493661.0
202607,12,第12章  含油子仁及果实；杂项子仁及果仁；工业用或药用植物；稻草、秸秆及饲料,235,尼日尔,243128019.0
202607,12,第12章  含油子仁及果实；杂项子仁及果仁；工业用或药用植物；稻草、秸秆及饲料,244,南非,37695186.0
202607,12,第12章  含油子仁及果实；杂项子仁及果仁；工业用或药用植物；稻草、秸秆及饲料,250,乌干达,1941912.0
202607,12,第12章  含油子仁及果实；杂项子仁及果仁；工业用或药用植物；稻草、秸秆及饲料,305,法国,23900736.0
202607,12,第12章  含油子仁及果实；杂项子仁及果仁；工业用或药用植物；稻草、秸秆及饲料,306,爱尔兰,1278118.0
202607,12,第12章  含油子仁及果实；杂项子仁及果仁；工业用或药用植物；稻草、秸秆及饲料,307,意大利,4623063.0
202607,12,第12章  含油子仁及果实；杂项子仁及果仁；工业用或药用植物；稻草、秸秆及饲料,309,荷兰,846853.0
202607,12,第12章  含油子仁及果实；杂项子仁及果仁；工业用或药用植物；稻草、秸秆及饲料,312,西班牙,6364557.0
202607,12,第12章  含油子仁及果实；杂项子仁及果仁；工业用或药用植物；稻草、秸秆及饲料,316,保加利亚,652394.0
202607,12,第12章  含油子仁及果实；杂项子仁及果仁；工业用或药用植物；稻草、秸秆及饲料,327,波兰,6171.0
202607,12,第12章  含油子仁及果实；杂项子仁及果仁；工业用或药用植物；稻草、秸秆及饲料,340,白俄罗斯,1736757.0
202607,12,第12章  含油子仁及果实；杂项子仁及果仁；工业用或药用植物；稻草、秸秆及饲料,350,斯洛文尼亚,532.0
202607,12,第12章  含油子仁及果实；杂项子仁及果仁；工业用或药用植物；稻草、秸秆及饲料,408,玻利维亚 ,21587127.0
202607,12,第12章  含油子仁及果实；杂项子仁及果仁；工业用或药用植物；稻草、秸秆及饲料,410,巴西,31920912683.0
202607,12,第12章  含油子仁及果实；杂项子仁及果仁；工业用或药用植物；稻草、秸秆及饲料,415,哥斯达黎加,735584.0
202607,12,第12章  含油子仁及果实；杂项子仁及果仁；工业用或药用植物；稻草、秸秆及饲料,429,墨西哥,3810878.0
202607,12,第12章  含油子仁及果实；杂项子仁及果仁；工业用或药用植物；稻草、秸秆及饲料,435,波多黎各,5322.0
202607,12,第12章  含油子仁及果实；杂项子仁及果仁；工业用或药用植物；稻草、秸秆及饲料,444,乌拉圭,634309488.0
202607,12,第12章  含油子仁及果实；杂项子仁及果仁；工业用或药用植物；稻草、秸秆及饲料,501,加拿大,2212860964.0
202607,13,第13章  虫胶；树胶、树脂及其他植物液、汁,109,朝鲜,3759.0
202607,13,第13章  虫胶；树胶、树脂及其他植物液、汁,127,巴基斯坦,6952608.0
202607,13,第13章  虫胶；树胶、树脂及其他植物液、汁,129,菲律宾,104847.0
202607,13,第13章  虫胶；树胶、树脂及其他植物液、汁,137,土耳其,297071.0
202607,13,第13章  虫胶；树胶、树脂及其他植物液、汁,220,加纳,17024.0
202607,13,第13章  虫胶；树胶、树脂及其他植物液、汁,224,肯尼亚,8067131.0
202607,13,第13章  虫胶；树胶、树脂及其他植物液、汁,227,马达加斯加,1930346.0
202607,13,第13章  虫胶；树胶、树脂及其他植物液、汁,244,南非,162520.0
202607,13,第13章  虫胶；树胶、树脂及其他植物液、汁,301,比利时,144013.0
202607,13,第13章  虫胶；树胶、树脂及其他植物液、汁,305,法国,23891717.0
202607,13,第13章  虫胶；树胶、树脂及其他植物液、汁,306,爱尔兰,2861.0
202607,13,第13章  虫胶；树胶、树脂及其他植物液、汁,307,意大利,8261386.0
202607,13,第13章  虫胶；树胶、树脂及其他植物液、汁,309,荷兰,26474.0
202607,13,第13章  虫胶；树胶、树脂及其他植物液、汁,312,西班牙,4264386.0
202607,13,第13章  虫胶；树胶、树脂及其他植物液、汁,318,芬兰,93929.0
202607,13,第13章  虫胶；树胶、树脂及其他植物液、汁,336,立陶宛,394.0
202607,13,第13章  虫胶；树胶、树脂及其他植物液、汁,410,巴西,21579024.0
202607,13,第13章  虫胶；树胶、树脂及其他植物液、汁,429,墨西哥,1519450.0
202607,13,第13章  虫胶；树胶、树脂及其他植物液、汁,501,加拿大,460398.0
202607,14,第14章  编结用植物材料；其他植物产品,127,巴基斯坦,1429724.0
202607,14,第14章  编结用植物材料；其他植物产品,129,菲律宾,6068110.0
202607,14,第14章  编结用植物材料；其他植物产品,137,土耳其,485312.0
202607,14,第14章  编结用植物材料；其他植物产品,227,马达加斯加,580111.0
202607,14,第14章  编结用植物材料；其他植物产品,244,南非,16629.0
202607,14,第14章  编结用植物材料；其他植物产品,305,法国,1257443.0
202607,14,第14章  编结用植物材料；其他植物产品,307,意大利,1836.0
202607,14,第14章  编结用植物材料；其他植物产品,315,奥地利,8737.0
202607,14,第14章  编结用植物材料；其他植物产品,410,巴西,3669871.0
202607,14,第14章  编结用植物材料；其他植物产品,429,墨西哥,1980759.0
202607,14,第14章  编结用植物材料；其他植物产品,501,加拿大,380175.0
202607,15,动、植物或微生物油、脂及其分解产品；精制的食用油脂；动、植物蜡,129,菲律宾,41794882.0
202607,15,动、植物或微生物油、脂及其分解产品；精制的食用油脂；动、植物蜡,137,土耳其,2994502.0
202607,15,动、植物或微生物油、脂及其分解产品；精制的食用油脂；动、植物蜡,138,阿联酋,37793697.0
202607,15,动、植物或微生物油、脂及其分解产品；精制的食用油脂；动、植物蜡,224,肯尼亚,19736215.0
202607,15,动、植物或微生物油、脂及其分解产品；精制的食用油脂；动、植物蜡,227,马达加斯加,16504.0
202607,15,动、植物或微生物油、脂及其分解产品；精制的食用油脂；动、植物蜡,244,南非,215684.0
202607,15,动、植物或微生物油、脂及其分解产品；精制的食用油脂；动、植物蜡,254,津巴布韦,19734.0
202607,15,动、植物或微生物油、脂及其分解产品；精制的食用油脂；动、植物蜡,301,比利时,5341452.0
202607,15,动、植物或微生物油、脂及其分解产品；精制的食用油脂；动、植物蜡,305,法国,14963530.0
202607,15,动、植物或微生物油、脂及其分解产品；精制的食用油脂；动、植物蜡,307,意大利,71556954.0
202607,15,动、植物或微生物油、脂及其分解产品；精制的食用油脂；动、植物蜡,309,荷兰,2155894.0
202607,15,动、植物或微生物油、脂及其分解产品；精制的食用油脂；动、植物蜡,310,希腊,2393017.0
202607,15,动、植物或微生物油、脂及其分解产品；精制的食用油脂；动、植物蜡,312,西班牙,151867142.0
202607,15,动、植物或微生物油、脂及其分解产品；精制的食用油脂；动、植物蜡,315,奥地利,1301537.0
202607,15,动、植物或微生物油、脂及其分解产品；精制的食用油脂；动、植物蜡,316,保加利亚,15087226.0
202607,15,动、植物或微生物油、脂及其分解产品；精制的食用油脂；动、植物蜡,318,芬兰,163540.0
202607,15,动、植物或微生物油、脂及其分解产品；精制的食用油脂；动、植物蜡,326,挪威,10319460.0
202607,15,动、植物或微生物油、脂及其分解产品；精制的食用油脂；动、植物蜡,327,波兰,1813420.0
202607,15,动、植物或微生物油、脂及其分解产品；精制的食用油脂；动、植物蜡,340,白俄罗斯,70472309.0
202607,15,动、植物或微生物油、脂及其分解产品；精制的食用油脂；动、植物蜡,408,玻利维亚 ,225755.0
202607,15,动、植物或微生物油、脂及其分解产品；精制的食用油脂；动、植物蜡,410,巴西,484607050.0
202607,15,动、植物或微生物油、脂及其分解产品；精制的食用油脂；动、植物蜡,415,哥斯达黎加,84816.0
202607,15,动、植物或微生物油、脂及其分解产品；精制的食用油脂；动、植物蜡,429,墨西哥,5891638.0
202607,15,动、植物或微生物油、脂及其分解产品；精制的食用油脂；动、植物蜡,431,尼加拉瓜,4605409.0
202607,15,动、植物或微生物油、脂及其分解产品；精制的食用油脂；动、植物蜡,444,乌拉圭,9927313.0
202607,15,动、植物或微生物油、脂及其分解产品；精制的食用油脂；动、植物蜡,501,加拿大,13180409.0
202607,16,第16章  肉、鱼、甲壳动物、软体动物及其他水生无脊椎动物、昆虫的制品,124,蒙古,16420000.0
202607,16,第16章  肉、鱼、甲壳动物、软体动物及其他水生无脊椎动物、昆虫的制品,127,巴基斯坦,1802667.0
202607,16,第16章  肉、鱼、甲壳动物、软体动物及其他水生无脊椎动物、昆虫的制品,129,菲律宾,3110731.0
202607,16,第16章  肉、鱼、甲壳动物、软体动物及其他水生无脊椎动物、昆虫的制品,137,土耳其,993759.0
202607,16,第16章  肉、鱼、甲壳动物、软体动物及其他水生无脊椎动物、昆虫的制品,241,塞舌尔,326861.0
202607,16,第16章  肉、鱼、甲壳动物、软体动物及其他水生无脊椎动物、昆虫的制品,305,法国,253639.0
202607,16,第16章  肉、鱼、甲壳动物、软体动物及其他水生无脊椎动物、昆虫的制品,307,意大利,851009.0
202607,16,第16章  肉、鱼、甲壳动物、软体动物及其他水生无脊椎动物、昆虫的制品,309,荷兰,1541092.0
202607,16,第16章  肉、鱼、甲壳动物、软体动物及其他水生无脊椎动物、昆虫的制品,312,西班牙,3312492.0
202607,16,第16章  肉、鱼、甲壳动物、软体动物及其他水生无脊椎动物、昆虫的制品,429,墨西哥,898405.0
202607,16,第16章  肉、鱼、甲壳动物、软体动物及其他水生无脊椎动物、昆虫的制品,431,尼加拉瓜,991391.0
202607,16,第16章  肉、鱼、甲壳动物、软体动物及其他水生无脊椎动物、昆虫的制品,501,加拿大,2793383.0
202607,16,第16章  肉、鱼、甲壳动物、软体动物及其他水生无脊椎动物、昆虫的制品,503,格陵兰,75472.0
202607,17,第17章  糖及糖食,109,朝鲜,76852.0
202607,17,第17章  糖及糖食,129,菲律宾,435764.0
202607,17,第17章  糖及糖食,137,土耳其,4212801.0
202607,17,第17章  糖及糖食,138,阿联酋,2249.0
202607,17,第17章  糖及糖食,244,南非,94767500.0
202607,17,第17章  糖及糖食,301,比利时,4328526.0
202607,17,第17章  糖及糖食,305,法国,6858016.0
202607,17,第17章  糖及糖食,306,爱尔兰,62077.0
202607,17,第17章  糖及糖食,307,意大利,5435095.0
202607,17,第17章  糖及糖食,309,荷兰,9379071.0
202607,17,第17章  糖及糖食,312,西班牙,4725773.0
202607,17,第17章  糖及糖食,315,奥地利,1731850.0
202607,17,第17章  糖及糖食,318,芬兰,212855.0
202607,17,第17章  糖及糖食,321,匈牙利,38875.0
202607,17,第17章  糖及糖食,326,挪威,494462.0
202607,17,第17章  糖及糖食,327,波兰,1774558.0
202607,17,第17章  糖及糖食,340,白俄罗斯,10161.0
202607,17,第17章  糖及糖食,410,巴西,887698258.0
202607,17,第17章  糖及糖食,429,墨西哥,643295.0
202607,17,第17章  糖及糖食,501,加拿大,4199171.0
202607,18,第18章  可可及可可制品,109,朝鲜,2097.0
202607,18,第18章  可可及可可制品,129,菲律宾,452249.0
202607,18,第18章  可可及可可制品,137,土耳其,19476743.0
202607,18,第18章  可可及可可制品,138,阿联酋,5973.0
202607,18,第18章  可可及可可制品,220,加纳,17945683.0
202607,18,第18章  可可及可可制品,250,乌干达,1944.0
202607,18,第18章  可可及可可制品,301,比利时,21661204.0
202607,18,第18章  可可及可可制品,305,法国,14135349.0
202607,18,第18章  可可及可可制品,306,爱尔兰,23309.0
202607,18,第18章  可可及可可制品,307,意大利,68751561.0
202607,18,第18章  可可及可可制品,309,荷兰,2908893.0
202607,18,第18章  可可及可可制品,312,西班牙,4003572.0
202607,18,第18章  可可及可可制品,315,奥地利,1104179.0
202607,18,第18章  可可及可可制品,316,保加利亚,208162.0
202607,18,第18章  可可及可可制品,318,芬兰,1061934.0
202607,18,第18章  可可及可可制品,327,波兰,1343796.0
202607,18,第18章  可可及可可制品,336,立陶宛,51354.0
202607,18,第18章  可可及可可制品,340,白俄罗斯,56808.0
202607,18,第18章  可可及可可制品,410,巴西,1749.0
202607,18,第18章  可可及可可制品,429,墨西哥,209578.0
202607,18,第18章  可可及可可制品,501,加拿大,437636.0
202607,19,第19章  谷物、粮食粉、淀粉或乳的制品；糕饼点心,109,朝鲜,44733.0
202607,19,第19章  谷物、粮食粉、淀粉或乳的制品；糕饼点心,127,巴基斯坦,529972.0
202607,19,第19章  谷物、粮食粉、淀粉或乳的制品；糕饼点心,129,菲律宾,1627783.0
202607,19,第19章  谷物、粮食粉、淀粉或乳的制品；糕饼点心,137,土耳其,18221993.0
202607,19,第19章  谷物、粮食粉、淀粉或乳的制品；糕饼点心,138,阿联酋,295549.0
202607,19,第19章  谷物、粮食粉、淀粉或乳的制品；糕饼点心,301,比利时,10171369.0
202607,19,第19章  谷物、粮食粉、淀粉或乳的制品；糕饼点心,305,法国,290819774.0
202607,19,第19章  谷物、粮食粉、淀粉或乳的制品；糕饼点心,306,爱尔兰,8891476.0
202607,19,第19章  谷物、粮食粉、淀粉或乳的制品；糕饼点心,307,意大利,45239716.0
202607,19,第19章  谷物、粮食粉、淀粉或乳的制品；糕饼点心,309,荷兰,1026560896.0
202607,19,第19章  谷物、粮食粉、淀粉或乳的制品；糕饼点心,310,希腊,697429.0
202607,19,第19章  谷物、粮食粉、淀粉或乳的制品；糕饼点心,312,西班牙,4619443.0
202607,19,第19章  谷物、粮食粉、淀粉或乳的制品；糕饼点心,315,奥地利,4441620.0
202607,19,第19章  谷物、粮食粉、淀粉或乳的制品；糕饼点心,316,保加利亚,59460.0
202607,19,第19章  谷物、粮食粉、淀粉或乳的制品；糕饼点心,318,芬兰,5145308.0
202607,19,第19章  谷物、粮食粉、淀粉或乳的制品；糕饼点心,327,波兰,9947031.0
202607,19,第19章  谷物、粮食粉、淀粉或乳的制品；糕饼点心,340,白俄罗斯,532338.0
202607,19,第19章  谷物、粮食粉、淀粉或乳的制品；糕饼点心,410,巴西,688756.0
202607,19,第19章  谷物、粮食粉、淀粉或乳的制品；糕饼点心,429,墨西哥,59904.0
202607,19,第19章  谷物、粮食粉、淀粉或乳的制品；糕饼点心,501,加拿大,1960129.0
202607,20,第20章  蔬菜、水果、坚果或植物其他部分的制品,108,塞浦路斯,1669647.0
202607,20,第20章  蔬菜、水果、坚果或植物其他部分的制品,109,朝鲜,7509589.0
202607,20,第20章  蔬菜、水果、坚果或植物其他部分的制品,127,巴基斯坦,861677.0
202607,20,第20章  蔬菜、水果、坚果或植物其他部分的制品,129,菲律宾,48887405.0
202607,20,第20章  蔬菜、水果、坚果或植物其他部分的制品,137,土耳其,25518155.0
202607,20,第20章  蔬菜、水果、坚果或植物其他部分的制品,138,阿联酋,167085.0
202607,20,第20章  蔬菜、水果、坚果或植物其他部分的制品,227,马达加斯加,60354.0
202607,20,第20章  蔬菜、水果、坚果或植物其他部分的制品,244,南非,4076141.0
202607,20,第20章  蔬菜、水果、坚果或植物其他部分的制品,250,乌干达,787353.0
202607,20,第20章  蔬菜、水果、坚果或植物其他部分的制品,301,比利时,5771376.0
202607,20,第20章  蔬菜、水果、坚果或植物其他部分的制品,305,法国,12797433.0
202607,20,第20章  蔬菜、水果、坚果或植物其他部分的制品,306,爱尔兰,6033.0
202607,20,第20章  蔬菜、水果、坚果或植物其他部分的制品,307,意大利,26126461.0
202607,20,第20章  蔬菜、水果、坚果或植物其他部分的制品,309,荷兰,5230055.0
202607,20,第20章  蔬菜、水果、坚果或植物其他部分的制品,310,希腊,1726728.0
202607,20,第20章  蔬菜、水果、坚果或植物其他部分的制品,312,西班牙,59542986.0
202607,20,第20章  蔬菜、水果、坚果或植物其他部分的制品,315,奥地利,1211105.0
202607,20,第20章  蔬菜、水果、坚果或植物其他部分的制品,316,保加利亚,342551.0
202607,20,第20章  蔬菜、水果、坚果或植物其他部分的制品,321,匈牙利,307.0
202607,20,第20章  蔬菜、水果、坚果或植物其他部分的制品,327,波兰,339640.0
202607,20,第20章  蔬菜、水果、坚果或植物其他部分的制品,340,白俄罗斯,11272.0
202607,20,第20章  蔬菜、水果、坚果或植物其他部分的制品,410,巴西,30917715.0
202607,20,第20章  蔬菜、水果、坚果或植物其他部分的制品,415,哥斯达黎加,28929204.0
202607,20,第20章  蔬菜、水果、坚果或植物其他部分的制品,429,墨西哥,13865786.0
202607,20,第20章  蔬菜、水果、坚果或植物其他部分的制品,501,加拿大,11585138.0
202607,21,第21章  杂项食品,108,塞浦路斯,3496.0
202607,21,第21章  杂项食品,109,朝鲜,3378.0
202607,21,第21章  杂项食品,124,蒙古,206048.0
202607,21,第21章  杂项食品,127,巴基斯坦,194998.0
202607,21,第21章  杂项食品,129,菲律宾,3799269.0
202607,21,第21章  杂项食品,137,土耳其,1647457.0
202607,21,第21章  杂项食品,138,阿联酋,2255698.0
202607,21,第21章  杂项食品,224,肯尼亚,263606.0
202607,21,第21章  杂项食品,233,莫桑比克,190080.0
202607,21,第21章  杂项食品,244,南非,23391.0
202607,21,第21章  杂项食品,301,比利时,4419526.0
202607,21,第21章  杂项食品,305,法国,94114336.0
202607,21,第21章  杂项食品,306,爱尔兰,2063980.0
202607,21,第21章  杂项食品,307,意大利,75889017.0
202607,21,第21章  杂项食品,309,荷兰,248943797.0
202607,21,第21章  杂项食品,310,希腊,2373427.0
202607,21,第21章  杂项食品,312,西班牙,80228583.0
202607,21,第21章  杂项食品,313,阿尔巴尼亚,3290.0
202607,21,第21章  杂项食品,315,奥地利,6893983.0
202607,21,第21章  杂项食品,316,保加利亚,2332858.0
202607,21,第21章  杂项食品,318,芬兰,182.0
202607,21,第21章  杂项食品,321,匈牙利,1634049.0
202607,21,第21章  杂项食品,326,挪威,10673286.0
202607,21,第21章  杂项食品,327,波兰,12536504.0
202607,21,第21章  杂项食品,336,立陶宛,483529.0
202607,21,第21章  杂项食品,350,斯洛文尼亚,1398386.0
202607,21,第21章  杂项食品,410,巴西,10154314.0
202607,21,第21章  杂项食品,415,哥斯达黎加,1608693.0
202607,21,第21章  杂项食品,427,牙买加,292851.0
202607,21,第21章  杂项食品,429,墨西哥,2256801.0
202607,21,第21章  杂项食品,501,加拿大,136383972.0
202607,22,第22章  饮料、酒及醋,108,塞浦路斯,394331.0
202607,22,第22章  饮料、酒及醋,109,朝鲜,372153.0
202607,22,第22章  饮料、酒及醋,118,科威特,1338.0
202607,22,第22章  饮料、酒及醋,124,蒙古,217883.0
202607,22,第22章  饮料、酒及醋,127,巴基斯坦,9018.0
202607,22,第22章  饮料、酒及醋,129,菲律宾,468219.0
202607,22,第22章  饮料、酒及醋,137,土耳其,1317113.0
202607,22,第22章  饮料、酒及醋,138,阿联酋,7462980.0
202607,22,第22章  饮料、酒及醋,244,南非,24096221.0
202607,22,第22章  饮料、酒及醋,301,比利时,32737700.0
202607,22,第22章  饮料、酒及醋,305,法国,796926476.0
202607,22,第22章  饮料、酒及醋,306,爱尔兰,16102581.0
202607,22,第22章  饮料、酒及醋,307,意大利,90765681.0
202607,22,第22章  饮料、酒及醋,309,荷兰,61764804.0
202607,22,第22章  饮料、酒及醋,310,希腊,450171.0
202607,22,第22章  饮料、酒及醋,312,西班牙,70751712.0
202607,22,第22章  饮料、酒及醋,315,奥地利,2881002.0
202607,22,第22章  饮料、酒及醋,316,保加利亚,411654.0
202607,22,第22章  饮料、酒及醋,318,芬兰,3398.0
202607,22,第22章  饮料、酒及醋,321,匈牙利,1098031.0
202607,22,第22章  饮料、酒及醋,326,挪威,12651654.0
202607,22,第22章  饮料、酒及醋,327,波兰,4007836.0
202607,22,第22章  饮料、酒及醋,340,白俄罗斯,205671.0
202607,22,第22章  饮料、酒及醋,350,斯洛文尼亚,112638.0
202607,22,第22章  饮料、酒及醋,405,巴巴多斯,256383.0
202607,22,第22章  饮料、酒及醋,410,巴西,513872.0
202607,22,第22章  饮料、酒及醋,427,牙买加,37959.0
202607,22,第22章  饮料、酒及醋,429,墨西哥,28708549.0
202607,22,第22章  饮料、酒及醋,435,波多黎各,6237998.0
202607,22,第22章  饮料、酒及醋,444,乌拉圭,48690.0
202607,22,第22章  饮料、酒及醋,501,加拿大,8584339.0
202607,23,第23章  食品工业的残渣及废料；配制的动物饲料,124,蒙古,2782500.0
202607,23,第23章  食品工业的残渣及废料；配制的动物饲料,127,巴基斯坦,37699425.0
202607,23,第23章  食品工业的残渣及废料；配制的动物饲料,129,菲律宾,8580913.0
202607,23,第23章  食品工业的残渣及废料；配制的动物饲料,219,冈比亚,29628004.0
202607,23,第23章  食品工业的残渣及废料；配制的动物饲料,244,南非,25367557.0
202607,23,第23章  食品工业的残渣及废料；配制的动物饲料,301,比利时,8089236.0
202607,23,第23章  食品工业的残渣及废料；配制的动物饲料,305,法国,5221831.0
202607,23,第23章  食品工业的残渣及废料；配制的动物饲料,306,爱尔兰,1714929.0
202607,23,第23章  食品工业的残渣及废料；配制的动物饲料,307,意大利,27342754.0
202607,23,第23章  食品工业的残渣及废料；配制的动物饲料,309,荷兰,52555771.0
202607,23,第23章  食品工业的残渣及废料；配制的动物饲料,312,西班牙,6224060.0
202607,23,第23章  食品工业的残渣及废料；配制的动物饲料,315,奥地利,3212830.0
202607,23,第23章  食品工业的残渣及废料；配制的动物饲料,316,保加利亚,16491418.0
202607,23,第23章  食品工业的残渣及废料；配制的动物饲料,321,匈牙利,2975974.0
202607,23,第23章  食品工业的残渣及废料；配制的动物饲料,326,挪威,22603937.0
202607,23,第23章  食品工业的残渣及废料；配制的动物饲料,327,波兰,5864018.0
202607,23,第23章  食品工业的残渣及废料；配制的动物饲料,410,巴西,18213962.0
202607,23,第23章  食品工业的残渣及废料；配制的动物饲料,429,墨西哥,13376805.0
202607,23,第23章  食品工业的残渣及废料；配制的动物饲料,444,乌拉圭,10901147.0
202607,23,第23章  食品工业的残渣及废料；配制的动物饲料,501,加拿大,571831804.0
202607,24,第24章  烟草、烟草及烟草代用品的制品；非经燃烧吸用的产品，不论是否含有尼古丁；其他供人体摄入尼古丁的含尼古丁的产品,129,菲律宾,6797896.0
202607,24,第24章  烟草、烟草及烟草代用品的制品；非经燃烧吸用的产品，不论是否含有尼古丁；其他供人体摄入尼古丁的含尼古丁的产品,138,阿联酋,12950599.0
202607,24,第24章  烟草、烟草及烟草代用品的制品；非经燃烧吸用的产品，不论是否含有尼古丁；其他供人体摄入尼古丁的含尼古丁的产品,244,南非,137190.0
202607,24,第24章  烟草、烟草及烟草代用品的制品；非经燃烧吸用的产品，不论是否含有尼古丁；其他供人体摄入尼古丁的含尼古丁的产品,309,荷兰,30993.0
202607,24,第24章  烟草、烟草及烟草代用品的制品；非经燃烧吸用的产品，不论是否含有尼古丁；其他供人体摄入尼古丁的含尼古丁的产品,327,波兰,501602.0
202607,24,第24章  烟草、烟草及烟草代用品的制品；非经燃烧吸用的产品，不论是否含有尼古丁；其他供人体摄入尼古丁的含尼古丁的产品,410,巴西,2267303.0
202607,24,第24章  烟草、烟草及烟草代用品的制品；非经燃烧吸用的产品，不论是否含有尼古丁；其他供人体摄入尼古丁的含尼古丁的产品,431,尼加拉瓜,237063.0
202607,25,第25章  盐；硫磺；泥土及石料；石膏料、石灰及水泥,118,科威特,198604668.0
202607,25,第25章  盐；硫磺；泥土及石料；石膏料、石灰及水泥,124,蒙古,180162203.0
202607,25,第25章  盐；硫磺；泥土及石料；石膏料、石灰及水泥,127,巴基斯坦,11138815.0
202607,25,第25章  盐；硫磺；泥土及石料；石膏料、石灰及水泥,129,菲律宾,2667285.0
202607,25,第25章  盐；硫磺；泥土及石料；石膏料、石灰及水泥,137,土耳其,465892364.0
202607,25,第25章  盐；硫磺；泥土及石料；石膏料、石灰及水泥,138,阿联酋,1461297080.0
202607,25,第25章  盐；硫磺；泥土及石料；石膏料、石灰及水泥,147,塔吉克斯坦,124503762.0
202607,25,第25章  盐；硫磺；泥土及石料；石膏料、石灰及水泥,220,加纳,309444.0
202607,25,第25章  盐；硫磺；泥土及石料；石膏料、石灰及水泥,224,肯尼亚,73755.0
202607,25,第25章  盐；硫磺；泥土及石料；石膏料、石灰及水泥,227,马达加斯加,38012253.0
202607,25,第25章  盐；硫磺；泥土及石料；石膏料、石灰及水泥,233,莫桑比克,136949732.0
202607,25,第25章  盐；硫磺；泥土及石料；石膏料、石灰及水泥,244,南非,225765455.0
202607,25,第25章  盐；硫磺；泥土及石料；石膏料、石灰及水泥,250,乌干达,522616.0
202607,25,第25章  盐；硫磺；泥土及石料；石膏料、石灰及水泥,252,刚果民主共和国,1926934.0
202607,25,第25章  盐；硫磺；泥土及石料；石膏料、石灰及水泥,254,津巴布韦,272757725.0
202607,25,第25章  盐；硫磺；泥土及石料；石膏料、石灰及水泥,301,比利时,2664820.0
202607,25,第25章  盐；硫磺；泥土及石料；石膏料、石灰及水泥,305,法国,15121730.0
202607,25,第25章  盐；硫磺；泥土及石料；石膏料、石灰及水泥,306,爱尔兰,14033.0
202607,25,第25章  盐；硫磺；泥土及石料；石膏料、石灰及水泥,307,意大利,178761495.0
202607,25,第25章  盐；硫磺；泥土及石料；石膏料、石灰及水泥,309,荷兰,6450948.0
202607,25,第25章  盐；硫磺；泥土及石料；石膏料、石灰及水泥,310,希腊,132223518.0
202607,25,第25章  盐；硫磺；泥土及石料；石膏料、石灰及水泥,312,西班牙,30134277.0
202607,25,第25章  盐；硫磺；泥土及石料；石膏料、石灰及水泥,313,阿尔巴尼亚,12062113.0
202607,25,第25章  盐；硫磺；泥土及石料；石膏料、石灰及水泥,315,奥地利,1054112.0
202607,25,第25章  盐；硫磺；泥土及石料；石膏料、石灰及水泥,316,保加利亚,115329909.0
202607,25,第25章  盐；硫磺；泥土及石料；石膏料、石灰及水泥,318,芬兰,4383933.0
202607,25,第25章  盐；硫磺；泥土及石料；石膏料、石灰及水泥,321,匈牙利,265883.0
202607,25,第25章  盐；硫磺；泥土及石料；石膏料、石灰及水泥,326,挪威,47700163.0
202607,25,第25章  盐；硫磺；泥土及石料；石膏料、石灰及水泥,327,波兰,1236398.0
202607,25,第25章  盐；硫磺；泥土及石料；石膏料、石灰及水泥,336,立陶宛,885670.0
202607,25,第25章  盐；硫磺；泥土及石料；石膏料、石灰及水泥,350,斯洛文尼亚,978682.0
202607,25,第25章  盐；硫磺；泥土及石料；石膏料、石灰及水泥,408,玻利维亚 ,19383971.0
202607,25,第25章  盐；硫磺；泥土及石料；石膏料、石灰及水泥,410,巴西,761934110.0
202607,25,第25章  盐；硫磺；泥土及石料；石膏料、石灰及水泥,429,墨西哥,103455262.0
202607,25,第25章  盐；硫磺；泥土及石料；石膏料、石灰及水泥,431,尼加拉瓜,5746.0
202607,25,第25章  盐；硫磺；泥土及石料；石膏料、石灰及水泥,444,乌拉圭,160180.0
202607,25,第25章  盐；硫磺；泥土及石料；石膏料、石灰及水泥,501,加拿大,1191531.0
202607,26,第26章  矿砂、矿渣及矿灰,109,朝鲜,51177743.0
202607,26,第26章  矿砂、矿渣及矿灰,124,蒙古,5861298226.0
202607,26,第26章  矿砂、矿渣及矿灰,127,巴基斯坦,192289103.0
202607,26,第26章  矿砂、矿渣及矿灰,129,菲律宾,2825653609.0
202607,26,第26章  矿砂、矿渣及矿灰,137,土耳其,1034170290.0
202607,26,第26章  矿砂、矿渣及矿灰,138,阿联酋,2028233.0
202607,26,第26章  矿砂、矿渣及矿灰,147,塔吉克斯坦,280845374.0
202607,26,第26章  矿砂、矿渣及矿灰,211,乍得,7390630.0
202607,26,第26章  矿砂、矿渣及矿灰,213,刚果共和国,29137355.0
202607,26,第26章  矿砂、矿渣及矿灰,220,加纳,377285396.0
202607,26,第26章  矿砂、矿渣及矿灰,227,马达加斯加,79212148.0
202607,26,第26章  矿砂、矿渣及矿灰,233,莫桑比克,333823154.0
202607,26,第26章  矿砂、矿渣及矿灰,235,尼日尔,182811.0
202607,26,第26章  矿砂、矿渣及矿灰,244,南非,8727916579.0
202607,26,第26章  矿砂、矿渣及矿灰,250,乌干达,4019432.0
202607,26,第26章  矿砂、矿渣及矿灰,252,刚果民主共和国,1436450129.0
202607,26,第26章  矿砂、矿渣及矿灰,254,津巴布韦,540035858.0
202607,26,第26章  矿砂、矿渣及矿灰,258,厄立特里亚,668566825.0
202607,26,第26章  矿砂、矿渣及矿灰,305,法国,59703.0
202607,26,第26章  矿砂、矿渣及矿灰,307,意大利,92626.0
202607,26,第26章  矿砂、矿渣及矿灰,309,荷兰,32680665.0
202607,26,第26章  矿砂、矿渣及矿灰,310,希腊,138703066.0
202607,26,第26章  矿砂、矿渣及矿灰,312,西班牙,1917486882.0
202607,26,第26章  矿砂、矿渣及矿灰,313,阿尔巴尼亚,202946934.0
202607,26,第26章  矿砂、矿渣及矿灰,316,保加利亚,287997045.0
202607,26,第26章  矿砂、矿渣及矿灰,326,挪威,66616683.0
202607,26,第26章  矿砂、矿渣及矿灰,408,玻利维亚 ,1623205176.0
202607,26,第26章  矿砂、矿渣及矿灰,410,巴西,18858735656.0
202607,26,第26章  矿砂、矿渣及矿灰,429,墨西哥,7200417921.0
202607,26,第26章  矿砂、矿渣及矿灰,431,尼加拉瓜,1025.0
202607,26,第26章  矿砂、矿渣及矿灰,501,加拿大,3565879159.0
202607,27,第27章  矿物燃料、矿物油及其蒸馏产品；沥青物质；矿物蜡,109,朝鲜,9926720.0
202607,27,第27章  矿物燃料、矿物油及其蒸馏产品；沥青物质；矿物蜡,118,科威特,6599309545.0
202607,27,第27章  矿物燃料、矿物油及其蒸馏产品；沥青物质；矿物蜡,124,蒙古,4788977205.0
202607,27,第27章  矿物燃料、矿物油及其蒸馏产品；沥青物质；矿物蜡,129,菲律宾,55397303.0
202607,27,第27章  矿物燃料、矿物油及其蒸馏产品；沥青物质；矿物蜡,137,土耳其,61655.0
202607,27,第27章  矿物燃料、矿物油及其蒸馏产品；沥青物质；矿物蜡,138,阿联酋,13860546692.0
202607,27,第27章  矿物燃料、矿物油及其蒸馏产品；沥青物质；矿物蜡,211,乍得,1494390246.0
202607,27,第27章  矿物燃料、矿物油及其蒸馏产品；沥青物质；矿物蜡,213,刚果共和国,1739693140.0
202607,27,第27章  矿物燃料、矿物油及其蒸馏产品；沥青物质；矿物蜡,220,加纳,853809493.0
202607,27,第27章  矿物燃料、矿物油及其蒸馏产品；沥青物质；矿物蜡,233,莫桑比克,54487014.0
202607,27,第27章  矿物燃料、矿物油及其蒸馏产品；沥青物质；矿物蜡,244,南非,7119475.0
202607,27,第27章  矿物燃料、矿物油及其蒸馏产品；沥青物质；矿物蜡,301,比利时,5166896.0
202607,27,第27章  矿物燃料、矿物油及其蒸馏产品；沥青物质；矿物蜡,305,法国,29020398.0
202607,27,第27章  矿物燃料、矿物油及其蒸馏产品；沥青物质；矿物蜡,307,意大利,4481206.0
202607,27,第27章  矿物燃料、矿物油及其蒸馏产品；沥青物质；矿物蜡,309,荷兰,11676746.0
202607,27,第27章  矿物燃料、矿物油及其蒸馏产品；沥青物质；矿物蜡,310,希腊,2618385.0
202607,27,第27章  矿物燃料、矿物油及其蒸馏产品；沥青物质；矿物蜡,312,西班牙,3585454.0
202607,27,第27章  矿物燃料、矿物油及其蒸馏产品；沥青物质；矿物蜡,313,阿尔巴尼亚,562374.0
202607,27,第27章  矿物燃料、矿物油及其蒸馏产品；沥青物质；矿物蜡,315,奥地利,869245.0
202607,27,第27章  矿物燃料、矿物油及其蒸馏产品；沥青物质；矿物蜡,318,芬兰,3241270.0
202607,27,第27章  矿物燃料、矿物油及其蒸馏产品；沥青物质；矿物蜡,321,匈牙利,193229.0
202607,27,第27章  矿物燃料、矿物油及其蒸馏产品；沥青物质；矿物蜡,326,挪威,188559.0
202607,27,第27章  矿物燃料、矿物油及其蒸馏产品；沥青物质；矿物蜡,327,波兰,798110.0
202607,27,第27章  矿物燃料、矿物油及其蒸馏产品；沥青物质；矿物蜡,340,白俄罗斯,10877762.0
202607,27,第27章  矿物燃料、矿物油及其蒸馏产品；沥青物质；矿物蜡,410,巴西,25481843326.0
202607,27,第27章  矿物燃料、矿物油及其蒸馏产品；沥青物质；矿物蜡,415,哥斯达黎加,485880.0
202607,27,第27章  矿物燃料、矿物油及其蒸馏产品；沥青物质；矿物蜡,429,墨西哥,516321.0
202607,27,第27章  矿物燃料、矿物油及其蒸馏产品；沥青物质；矿物蜡,501,加拿大,9256362637.0
202607,28,第28章  无机化学品；贵金属、稀土金属、放射性元素及其同位素的有机及无机化合物,109,朝鲜,4770563.0
202607,28,第28章  无机化学品；贵金属、稀土金属、放射性元素及其同位素的有机及无机化合物,127,巴基斯坦,103638.0
202607,28,第28章  无机化学品；贵金属、稀土金属、放射性元素及其同位素的有机及无机化合物,129,菲律宾,131669734.0
202607,28,第28章  无机化学品；贵金属、稀土金属、放射性元素及其同位素的有机及无机化合物,137,土耳其,290339993.0
202607,28,第28章  无机化学品；贵金属、稀土金属、放射性元素及其同位素的有机及无机化合物,138,阿联酋,5227981.0
202607,28,第28章  无机化学品；贵金属、稀土金属、放射性元素及其同位素的有机及无机化合物,224,肯尼亚,100417.0
202607,28,第28章  无机化学品；贵金属、稀土金属、放射性元素及其同位素的有机及无机化合物,244,南非,20909238.0
202607,28,第28章  无机化学品；贵金属、稀土金属、放射性元素及其同位素的有机及无机化合物,254,津巴布韦,149898366.0
202607,28,第28章  无机化学品；贵金属、稀土金属、放射性元素及其同位素的有机及无机化合物,301,比利时,112126021.0
202607,28,第28章  无机化学品；贵金属、稀土金属、放射性元素及其同位素的有机及无机化合物,305,法国,50579105.0
202607,28,第28章  无机化学品；贵金属、稀土金属、放射性元素及其同位素的有机及无机化合物,306,爱尔兰,45089866.0
202607,28,第28章  无机化学品；贵金属、稀土金属、放射性元素及其同位素的有机及无机化合物,307,意大利,42196031.0
202607,28,第28章  无机化学品；贵金属、稀土金属、放射性元素及其同位素的有机及无机化合物,309,荷兰,68320816.0
202607,28,第28章  无机化学品；贵金属、稀土金属、放射性元素及其同位素的有机及无机化合物,310,希腊,23743.0
202607,28,第28章  无机化学品；贵金属、稀土金属、放射性元素及其同位素的有机及无机化合物,312,西班牙,7500281.0
202607,28,第28章  无机化学品；贵金属、稀土金属、放射性元素及其同位素的有机及无机化合物,315,奥地利,9938442.0
202607,28,第28章  无机化学品；贵金属、稀土金属、放射性元素及其同位素的有机及无机化合物,316,保加利亚,2341448.0
202607,28,第28章  无机化学品；贵金属、稀土金属、放射性元素及其同位素的有机及无机化合物,318,芬兰,41877692.0
202607,28,第28章  无机化学品；贵金属、稀土金属、放射性元素及其同位素的有机及无机化合物,321,匈牙利,1636352.0
202607,28,第28章  无机化学品；贵金属、稀土金属、放射性元素及其同位素的有机及无机化合物,326,挪威,81699790.0
202607,28,第28章  无机化学品；贵金属、稀土金属、放射性元素及其同位素的有机及无机化合物,327,波兰,4887534.0
202607,28,第28章  无机化学品；贵金属、稀土金属、放射性元素及其同位素的有机及无机化合物,336,立陶宛,31679.0
202607,28,第28章  无机化学品；贵金属、稀土金属、放射性元素及其同位素的有机及无机化合物,340,白俄罗斯,227422.0
202607,28,第28章  无机化学品；贵金属、稀土金属、放射性元素及其同位素的有机及无机化合物,350,斯洛文尼亚,322178.0
202607,28,第28章  无机化学品；贵金属、稀土金属、放射性元素及其同位素的有机及无机化合物,408,玻利维亚 ,42791135.0
202607,28,第28章  无机化学品；贵金属、稀土金属、放射性元素及其同位素的有机及无机化合物,410,巴西,101638185.0
202607,28,第28章  无机化学品；贵金属、稀土金属、放射性元素及其同位素的有机及无机化合物,429,墨西哥,1096883.0
202607,28,第28章  无机化学品；贵金属、稀土金属、放射性元素及其同位素的有机及无机化合物,501,加拿大,27766090.0
202607,29,第29章  有机化学品,118,科威特,1008.0
202607,29,第29章  有机化学品,129,菲律宾,83659023.0
202607,29,第29章  有机化学品,137,土耳其,270795.0
202607,29,第29章  有机化学品,138,阿联酋,18306005.0
202607,29,第29章  有机化学品,227,马达加斯加,985900.0
202607,29,第29章  有机化学品,244,南非,34068248.0
202607,29,第29章  有机化学品,301,比利时,133552319.0
202607,29,第29章  有机化学品,305,法国,190881899.0
202607,29,第29章  有机化学品,306,爱尔兰,997554763.0
202607,29,第29章  有机化学品,307,意大利,263272702.0
202607,29,第29章  有机化学品,309,荷兰,94564194.0
202607,29,第29章  有机化学品,310,希腊,2372.0
202607,29,第29章  有机化学品,312,西班牙,96947149.0
202607,29,第29章  有机化学品,315,奥地利,11586671.0
202607,29,第29章  有机化学品,316,保加利亚,5773563.0
202607,29,第29章  有机化学品,318,芬兰,3573764.0
202607,29,第29章  有机化学品,321,匈牙利,26313086.0
202607,29,第29章  有机化学品,326,挪威,286784503.0
202607,29,第29章  有机化学品,327,波兰,3400167.0
202607,29,第29章  有机化学品,336,立陶宛,16782594.0
202607,29,第29章  有机化学品,340,白俄罗斯,170200.0
202607,29,第29章  有机化学品,350,斯洛文尼亚,127700.0
202607,29,第29章  有机化学品,410,巴西,114163130.0
202607,29,第29章  有机化学品,415,哥斯达黎加,2595.0
202607,29,第29章  有机化学品,429,墨西哥,18112120.0
202607,29,第29章  有机化学品,435,波多黎各,40477.0
202607,29,第29章  有机化学品,442,特立尼达和多巴哥,115505062.0
202607,29,第29章  有机化学品,444,乌拉圭,80.0
202607,29,第29章  有机化学品,501,加拿大,373260987.0
202607,30,第30章  药品,108,塞浦路斯,47433.0
202607,30,第30章  药品,129,菲律宾,12723.0
202607,30,第30章  药品,137,土耳其,1342906.0
202607,30,第30章  药品,138,阿联酋,1398.0
202607,30,第30章  药品,244,南非,11692219.0
202607,30,第30章  药品,301,比利时,322686976.0
202607,30,第30章  药品,305,法国,1456760445.0
202607,30,第30章  药品,306,爱尔兰,5767940280.0
202607,30,第30章  药品,307,意大利,3316706136.0
202607,30,第30章  药品,309,荷兰,454650413.0
202607,30,第30章  药品,310,希腊,19706094.0
202607,30,第30章  药品,312,西班牙,363977445.0
202607,30,第30章  药品,313,阿尔巴尼亚,322332.0
202607,30,第30章  药品,315,奥地利,561854080.0
202607,30,第30章  药品,316,保加利亚,5678976.0
202607,30,第30章  药品,318,芬兰,215697509.0
202607,30,第30章  药品,321,匈牙利,51494809.0
202607,30,第30章  药品,326,挪威,12012454.0
202607,30,第30章  药品,327,波兰,98719533.0
202607,30,第30章  药品,336,立陶宛,3227499.0
202607,30,第30章  药品,350,斯洛文尼亚,344068456.0
202607,30,第30章  药品,410,巴西,25558830.0
202607,30,第30章  药品,415,哥斯达黎加,3725043.0
202607,30,第30章  药品,429,墨西哥,10494852.0
202607,30,第30章  药品,435,波多黎各,510775527.0
202607,30,第30章  药品,442,特立尼达和多巴哥,40241.0
202607,30,第30章  药品,501,加拿大,320027909.0
202607,31,第31章  肥料,109,朝鲜,1275523.0
202607,31,第31章  肥料,137,土耳其,1477345.0
202607,31,第31章  肥料,244,南非,7794233.0
202607,31,第31章  肥料,301,比利时,89893927.0
202607,31,第31章  肥料,305,法国,2927008.0
202607,31,第31章  肥料,307,意大利,22646269.0
202607,31,第31章  肥料,309,荷兰,12805341.0
202607,31,第31章  肥料,310,希腊,1257897.0
202607,31,第31章  肥料,312,西班牙,19613008.0
202607,31,第31章  肥料,315,奥地利,529.0
202607,31,第31章  肥料,318,芬兰,25946013.0
202607,31,第31章  肥料,326,挪威,203171024.0
202607,31,第31章  肥料,327,波兰,1011013.0
202607,31,第31章  肥料,340,白俄罗斯,773913887.0
202607,31,第31章  肥料,410,巴西,924706.0
202607,31,第31章  肥料,501,加拿大,324149998.0
202607,32,第32章  鞣料浸膏及染料浸膏；鞣酸及其衍生物；染料、颜料及其他着色料；油漆及清漆；油灰及其他类似胶粘剂；墨水、油墨,108,塞浦路斯,50119.0
202607,32,第32章  鞣料浸膏及染料浸膏；鞣酸及其衍生物；染料、颜料及其他着色料；油漆及清漆；油灰及其他类似胶粘剂；墨水、油墨,129,菲律宾,14760179.0
202607,32,第32章  鞣料浸膏及染料浸膏；鞣酸及其衍生物；染料、颜料及其他着色料；油漆及清漆；油灰及其他类似胶粘剂；墨水、油墨,137,土耳其,10922101.0
202607,32,第32章  鞣料浸膏及染料浸膏；鞣酸及其衍生物；染料、颜料及其他着色料；油漆及清漆；油灰及其他类似胶粘剂；墨水、油墨,138,阿联酋,3815.0
202607,32,第32章  鞣料浸膏及染料浸膏；鞣酸及其衍生物；染料、颜料及其他着色料；油漆及清漆；油灰及其他类似胶粘剂；墨水、油墨,244,南非,13523150.0
202607,32,第32章  鞣料浸膏及染料浸膏；鞣酸及其衍生物；染料、颜料及其他着色料；油漆及清漆；油灰及其他类似胶粘剂；墨水、油墨,254,津巴布韦,2643248.0
202607,32,第32章  鞣料浸膏及染料浸膏；鞣酸及其衍生物；染料、颜料及其他着色料；油漆及清漆；油灰及其他类似胶粘剂；墨水、油墨,301,比利时,37552573.0
202607,32,第32章  鞣料浸膏及染料浸膏；鞣酸及其衍生物；染料、颜料及其他着色料；油漆及清漆；油灰及其他类似胶粘剂；墨水、油墨,305,法国,54974935.0
202607,32,第32章  鞣料浸膏及染料浸膏；鞣酸及其衍生物；染料、颜料及其他着色料；油漆及清漆；油灰及其他类似胶粘剂；墨水、油墨,306,爱尔兰,3716482.0
202607,32,第32章  鞣料浸膏及染料浸膏；鞣酸及其衍生物；染料、颜料及其他着色料；油漆及清漆；油灰及其他类似胶粘剂；墨水、油墨,307,意大利,74975924.0
202607,32,第32章  鞣料浸膏及染料浸膏；鞣酸及其衍生物；染料、颜料及其他着色料；油漆及清漆；油灰及其他类似胶粘剂；墨水、油墨,309,荷兰,38921371.0
202607,32,第32章  鞣料浸膏及染料浸膏；鞣酸及其衍生物；染料、颜料及其他着色料；油漆及清漆；油灰及其他类似胶粘剂；墨水、油墨,310,希腊,25156.0
202607,32,第32章  鞣料浸膏及染料浸膏；鞣酸及其衍生物；染料、颜料及其他着色料；油漆及清漆；油灰及其他类似胶粘剂；墨水、油墨,312,西班牙,39945115.0
202607,32,第32章  鞣料浸膏及染料浸膏；鞣酸及其衍生物；染料、颜料及其他着色料；油漆及清漆；油灰及其他类似胶粘剂；墨水、油墨,315,奥地利,16893340.0
202607,32,第32章  鞣料浸膏及染料浸膏；鞣酸及其衍生物；染料、颜料及其他着色料；油漆及清漆；油灰及其他类似胶粘剂；墨水、油墨,318,芬兰,3564972.0
202607,32,第32章  鞣料浸膏及染料浸膏；鞣酸及其衍生物；染料、颜料及其他着色料；油漆及清漆；油灰及其他类似胶粘剂；墨水、油墨,321,匈牙利,1033302.0
202607,32,第32章  鞣料浸膏及染料浸膏；鞣酸及其衍生物；染料、颜料及其他着色料；油漆及清漆；油灰及其他类似胶粘剂；墨水、油墨,326,挪威,995034.0
202607,32,第32章  鞣料浸膏及染料浸膏；鞣酸及其衍生物；染料、颜料及其他着色料；油漆及清漆；油灰及其他类似胶粘剂；墨水、油墨,327,波兰,1326791.0
202607,32,第32章  鞣料浸膏及染料浸膏；鞣酸及其衍生物；染料、颜料及其他着色料；油漆及清漆；油灰及其他类似胶粘剂；墨水、油墨,336,立陶宛,173660.0
202607,32,第32章  鞣料浸膏及染料浸膏；鞣酸及其衍生物；染料、颜料及其他着色料；油漆及清漆；油灰及其他类似胶粘剂；墨水、油墨,340,白俄罗斯,136.0
202607,32,第32章  鞣料浸膏及染料浸膏；鞣酸及其衍生物；染料、颜料及其他着色料；油漆及清漆；油灰及其他类似胶粘剂；墨水、油墨,350,斯洛文尼亚,14935.0
202607,32,第32章  鞣料浸膏及染料浸膏；鞣酸及其衍生物；染料、颜料及其他着色料；油漆及清漆；油灰及其他类似胶粘剂；墨水、油墨,410,巴西,13286282.0
202607,32,第32章  鞣料浸膏及染料浸膏；鞣酸及其衍生物；染料、颜料及其他着色料；油漆及清漆；油灰及其他类似胶粘剂；墨水、油墨,415,哥斯达黎加,256088.0
202607,32,第32章  鞣料浸膏及染料浸膏；鞣酸及其衍生物；染料、颜料及其他着色料；油漆及清漆；油灰及其他类似胶粘剂；墨水、油墨,429,墨西哥,67161263.0
202607,32,第32章  鞣料浸膏及染料浸膏；鞣酸及其衍生物；染料、颜料及其他着色料；油漆及清漆；油灰及其他类似胶粘剂；墨水、油墨,501,加拿大,5592272.0
202607,33,第33章  精油及香膏；芳香料制品及化妆盥洗品,108,塞浦路斯,732.0
202607,33,第33章  精油及香膏；芳香料制品及化妆盥洗品,109,朝鲜,6346.0
202607,33,第33章  精油及香膏；芳香料制品及化妆盥洗品,124,蒙古,34844.0
202607,33,第33章  精油及香膏；芳香料制品及化妆盥洗品,127,巴基斯坦,1125900.0
202607,33,第33章  精油及香膏；芳香料制品及化妆盥洗品,129,菲律宾,266174.0
202607,33,第33章  精油及香膏；芳香料制品及化妆盥洗品,137,土耳其,5519126.0
202607,33,第33章  精油及香膏；芳香料制品及化妆盥洗品,138,阿联酋,1779811.0
202607,33,第33章  精油及香膏；芳香料制品及化妆盥洗品,220,加纳,223.0
202607,33,第33章  精油及香膏；芳香料制品及化妆盥洗品,227,马达加斯加,5427424.0
202607,33,第33章  精油及香膏；芳香料制品及化妆盥洗品,244,南非,2751328.0
202607,33,第33章  精油及香膏；芳香料制品及化妆盥洗品,301,比利时,79920033.0
202607,33,第33章  精油及香膏；芳香料制品及化妆盥洗品,305,法国,2472193804.0
202607,33,第33章  精油及香膏；芳香料制品及化妆盥洗品,306,爱尔兰,74799676.0
202607,33,第33章  精油及香膏；芳香料制品及化妆盥洗品,307,意大利,437799499.0
202607,33,第33章  精油及香膏；芳香料制品及化妆盥洗品,309,荷兰,40284356.0
202607,33,第33章  精油及香膏；芳香料制品及化妆盥洗品,310,希腊,868424.0
202607,33,第33章  精油及香膏；芳香料制品及化妆盥洗品,312,西班牙,244587644.0
202607,33,第33章  精油及香膏；芳香料制品及化妆盥洗品,313,阿尔巴尼亚,254.0
202607,33,第33章  精油及香膏；芳香料制品及化妆盥洗品,314,安道尔,1145.0
202607,33,第33章  精油及香膏；芳香料制品及化妆盥洗品,315,奥地利,309263.0
202607,33,第33章  精油及香膏；芳香料制品及化妆盥洗品,316,保加利亚,3781533.0
202607,33,第33章  精油及香膏；芳香料制品及化妆盥洗品,318,芬兰,9631174.0
202607,33,第33章  精油及香膏；芳香料制品及化妆盥洗品,321,匈牙利,2115877.0
202607,33,第33章  精油及香膏；芳香料制品及化妆盥洗品,326,挪威,343879.0
202607,33,第33章  精油及香膏；芳香料制品及化妆盥洗品,327,波兰,21665324.0
202607,33,第33章  精油及香膏；芳香料制品及化妆盥洗品,336,立陶宛,2640.0
202607,33,第33章  精油及香膏；芳香料制品及化妆盥洗品,350,斯洛文尼亚,1427361.0
202607,33,第33章  精油及香膏；芳香料制品及化妆盥洗品,359,黑山,58176.0
202607,33,第33章  精油及香膏；芳香料制品及化妆盥洗品,410,巴西,29453438.0
202607,33,第33章  精油及香膏；芳香料制品及化妆盥洗品,427,牙买加,17569.0
202607,33,第33章  精油及香膏；芳香料制品及化妆盥洗品,429,墨西哥,14095820.0
202607,33,第33章  精油及香膏；芳香料制品及化妆盥洗品,444,乌拉圭,127207.0
202607,33,第33章  精油及香膏；芳香料制品及化妆盥洗品,446,英属维尔京群岛,7846.0
202607,33,第33章  精油及香膏；芳香料制品及化妆盥洗品,501,加拿大,283376438.0
202607,33,第33章  精油及香膏；芳香料制品及化妆盥洗品,617,萨摩亚,21955.0
202607,34,第34章  肥皂、有机表面活性剂、洗涤剂、润滑剂、人造蜡、调制蜡、光洁剂、蜡烛及类似品、塑型用膏、“牙科用蜡”及牙科用熟石膏制剂,124,蒙古,12774.0
202607,34,第34章  肥皂、有机表面活性剂、洗涤剂、润滑剂、人造蜡、调制蜡、光洁剂、蜡烛及类似品、塑型用膏、“牙科用蜡”及牙科用熟石膏制剂,129,菲律宾,649482.0
202607,34,第34章  肥皂、有机表面活性剂、洗涤剂、润滑剂、人造蜡、调制蜡、光洁剂、蜡烛及类似品、塑型用膏、“牙科用蜡”及牙科用熟石膏制剂,137,土耳其,2496969.0
202607,34,第34章  肥皂、有机表面活性剂、洗涤剂、润滑剂、人造蜡、调制蜡、光洁剂、蜡烛及类似品、塑型用膏、“牙科用蜡”及牙科用熟石膏制剂,138,阿联酋,390637.0
202607,34,第34章  肥皂、有机表面活性剂、洗涤剂、润滑剂、人造蜡、调制蜡、光洁剂、蜡烛及类似品、塑型用膏、“牙科用蜡”及牙科用熟石膏制剂,220,加纳,149.0
202607,34,第34章  肥皂、有机表面活性剂、洗涤剂、润滑剂、人造蜡、调制蜡、光洁剂、蜡烛及类似品、塑型用膏、“牙科用蜡”及牙科用熟石膏制剂,244,南非,450424.0
202607,34,第34章  肥皂、有机表面活性剂、洗涤剂、润滑剂、人造蜡、调制蜡、光洁剂、蜡烛及类似品、塑型用膏、“牙科用蜡”及牙科用熟石膏制剂,250,乌干达,20.0
202607,34,第34章  肥皂、有机表面活性剂、洗涤剂、润滑剂、人造蜡、调制蜡、光洁剂、蜡烛及类似品、塑型用膏、“牙科用蜡”及牙科用熟石膏制剂,254,津巴布韦,141.0
202607,34,第34章  肥皂、有机表面活性剂、洗涤剂、润滑剂、人造蜡、调制蜡、光洁剂、蜡烛及类似品、塑型用膏、“牙科用蜡”及牙科用熟石膏制剂,301,比利时,37994163.0
202607,34,第34章  肥皂、有机表面活性剂、洗涤剂、润滑剂、人造蜡、调制蜡、光洁剂、蜡烛及类似品、塑型用膏、“牙科用蜡”及牙科用熟石膏制剂,305,法国,149616512.0
202607,34,第34章  肥皂、有机表面活性剂、洗涤剂、润滑剂、人造蜡、调制蜡、光洁剂、蜡烛及类似品、塑型用膏、“牙科用蜡”及牙科用熟石膏制剂,306,爱尔兰,251252.0
202607,34,第34章  肥皂、有机表面活性剂、洗涤剂、润滑剂、人造蜡、调制蜡、光洁剂、蜡烛及类似品、塑型用膏、“牙科用蜡”及牙科用熟石膏制剂,307,意大利,110414627.0
202607,34,第34章  肥皂、有机表面活性剂、洗涤剂、润滑剂、人造蜡、调制蜡、光洁剂、蜡烛及类似品、塑型用膏、“牙科用蜡”及牙科用熟石膏制剂,309,荷兰,26626919.0
202607,34,第34章  肥皂、有机表面活性剂、洗涤剂、润滑剂、人造蜡、调制蜡、光洁剂、蜡烛及类似品、塑型用膏、“牙科用蜡”及牙科用熟石膏制剂,310,希腊,1186024.0
202607,34,第34章  肥皂、有机表面活性剂、洗涤剂、润滑剂、人造蜡、调制蜡、光洁剂、蜡烛及类似品、塑型用膏、“牙科用蜡”及牙科用熟石膏制剂,312,西班牙,39964596.0
202607,34,第34章  肥皂、有机表面活性剂、洗涤剂、润滑剂、人造蜡、调制蜡、光洁剂、蜡烛及类似品、塑型用膏、“牙科用蜡”及牙科用熟石膏制剂,314,安道尔,451.0
202607,34,第34章  肥皂、有机表面活性剂、洗涤剂、润滑剂、人造蜡、调制蜡、光洁剂、蜡烛及类似品、塑型用膏、“牙科用蜡”及牙科用熟石膏制剂,315,奥地利,12784630.0
202607,34,第34章  肥皂、有机表面活性剂、洗涤剂、润滑剂、人造蜡、调制蜡、光洁剂、蜡烛及类似品、塑型用膏、“牙科用蜡”及牙科用熟石膏制剂,316,保加利亚,46920.0
202607,34,第34章  肥皂、有机表面活性剂、洗涤剂、润滑剂、人造蜡、调制蜡、光洁剂、蜡烛及类似品、塑型用膏、“牙科用蜡”及牙科用熟石膏制剂,318,芬兰,2420128.0
202607,34,第34章  肥皂、有机表面活性剂、洗涤剂、润滑剂、人造蜡、调制蜡、光洁剂、蜡烛及类似品、塑型用膏、“牙科用蜡”及牙科用熟石膏制剂,321,匈牙利,899746.0
202607,34,第34章  肥皂、有机表面活性剂、洗涤剂、润滑剂、人造蜡、调制蜡、光洁剂、蜡烛及类似品、塑型用膏、“牙科用蜡”及牙科用熟石膏制剂,326,挪威,10071262.0
202607,34,第34章  肥皂、有机表面活性剂、洗涤剂、润滑剂、人造蜡、调制蜡、光洁剂、蜡烛及类似品、塑型用膏、“牙科用蜡”及牙科用熟石膏制剂,327,波兰,23677457.0
202607,34,第34章  肥皂、有机表面活性剂、洗涤剂、润滑剂、人造蜡、调制蜡、光洁剂、蜡烛及类似品、塑型用膏、“牙科用蜡”及牙科用熟石膏制剂,336,立陶宛,23760.0
202607,34,第34章  肥皂、有机表面活性剂、洗涤剂、润滑剂、人造蜡、调制蜡、光洁剂、蜡烛及类似品、塑型用膏、“牙科用蜡”及牙科用熟石膏制剂,340,白俄罗斯,9918.0
202607,34,第34章  肥皂、有机表面活性剂、洗涤剂、润滑剂、人造蜡、调制蜡、光洁剂、蜡烛及类似品、塑型用膏、“牙科用蜡”及牙科用熟石膏制剂,350,斯洛文尼亚,227256.0
202607,34,第34章  肥皂、有机表面活性剂、洗涤剂、润滑剂、人造蜡、调制蜡、光洁剂、蜡烛及类似品、塑型用膏、“牙科用蜡”及牙科用熟石膏制剂,404,巴哈马,51.0
202607,34,第34章  肥皂、有机表面活性剂、洗涤剂、润滑剂、人造蜡、调制蜡、光洁剂、蜡烛及类似品、塑型用膏、“牙科用蜡”及牙科用熟石膏制剂,410,巴西,1939877.0
202607,34,第34章  肥皂、有机表面活性剂、洗涤剂、润滑剂、人造蜡、调制蜡、光洁剂、蜡烛及类似品、塑型用膏、“牙科用蜡”及牙科用熟石膏制剂,422,瓜德罗普,1238.0
202607,34,第34章  肥皂、有机表面活性剂、洗涤剂、润滑剂、人造蜡、调制蜡、光洁剂、蜡烛及类似品、塑型用膏、“牙科用蜡”及牙科用熟石膏制剂,429,墨西哥,4626444.0
202607,34,第34章  肥皂、有机表面活性剂、洗涤剂、润滑剂、人造蜡、调制蜡、光洁剂、蜡烛及类似品、塑型用膏、“牙科用蜡”及牙科用熟石膏制剂,442,特立尼达和多巴哥,209.0
202607,34,第34章  肥皂、有机表面活性剂、洗涤剂、润滑剂、人造蜡、调制蜡、光洁剂、蜡烛及类似品、塑型用膏、“牙科用蜡”及牙科用熟石膏制剂,501,加拿大,8709901.0
202607,34,第34章  肥皂、有机表面活性剂、洗涤剂、润滑剂、人造蜡、调制蜡、光洁剂、蜡烛及类似品、塑型用膏、“牙科用蜡”及牙科用熟石膏制剂,617,萨摩亚,2854.0
202607,35,第35章  蛋白类物质；改性淀粉；胶；酶,124,蒙古,154800.0
202607,35,第35章  蛋白类物质；改性淀粉；胶；酶,129,菲律宾,83593.0
202607,35,第35章  蛋白类物质；改性淀粉；胶；酶,137,土耳其,2245076.0
202607,35,第35章  蛋白类物质；改性淀粉；胶；酶,138,阿联酋,25938.0
202607,35,第35章  蛋白类物质；改性淀粉；胶；酶,244,南非,68729.0
202607,35,第35章  蛋白类物质；改性淀粉；胶；酶,301,比利时,23252105.0
202607,35,第35章  蛋白类物质；改性淀粉；胶；酶,305,法国,83100879.0
202607,35,第35章  蛋白类物质；改性淀粉；胶；酶,306,爱尔兰,107661628.0
202607,35,第35章  蛋白类物质；改性淀粉；胶；酶,307,意大利,20686821.0
202607,35,第35章  蛋白类物质；改性淀粉；胶；酶,309,荷兰,111254987.0
202607,35,第35章  蛋白类物质；改性淀粉；胶；酶,310,希腊,1627488.0
202607,35,第35章  蛋白类物质；改性淀粉；胶；酶,312,西班牙,13295628.0
202607,35,第35章  蛋白类物质；改性淀粉；胶；酶,315,奥地利,27069870.0
202607,35,第35章  蛋白类物质；改性淀粉；胶；酶,316,保加利亚,1158258.0
202607,35,第35章  蛋白类物质；改性淀粉；胶；酶,318,芬兰,10200962.0
202607,35,第35章  蛋白类物质；改性淀粉；胶；酶,321,匈牙利,438237.0
202607,35,第35章  蛋白类物质；改性淀粉；胶；酶,326,挪威,490866.0
202607,35,第35章  蛋白类物质；改性淀粉；胶；酶,327,波兰,23975871.0
202607,35,第35章  蛋白类物质；改性淀粉；胶；酶,336,立陶宛,430373.0
202607,35,第35章  蛋白类物质；改性淀粉；胶；酶,340,白俄罗斯,14146894.0
202607,35,第35章  蛋白类物质；改性淀粉；胶；酶,410,巴西,1051724.0
202607,35,第35章  蛋白类物质；改性淀粉；胶；酶,429,墨西哥,4695492.0
202607,35,第35章  蛋白类物质；改性淀粉；胶；酶,435,波多黎各,22082.0
202607,35,第35章  蛋白类物质；改性淀粉；胶；酶,501,加拿大,4422801.0
202607,36,第36章  炸药；烟火制品；引火合金；易燃材料制品,305,法国,319039.0
202607,36,第36章  炸药；烟火制品；引火合金；易燃材料制品,309,荷兰,7925.0
202607,36,第36章  炸药；烟火制品；引火合金；易燃材料制品,315,奥地利,1053475.0
202607,36,第36章  炸药；烟火制品；引火合金；易燃材料制品,429,墨西哥,4000672.0
202607,37,第37章  照相及电影用品,301,比利时,106926673.0
202607,37,第37章  照相及电影用品,305,法国,6145546.0
202607,37,第37章  照相及电影用品,309,荷兰,11698046.0
202607,37,第37章  照相及电影用品,310,希腊,16937.0
202607,37,第37章  照相及电影用品,312,西班牙,2404.0
202607,37,第37章  照相及电影用品,315,奥地利,1042207.0
202607,37,第37章  照相及电影用品,318,芬兰,1025461.0
202607,37,第37章  照相及电影用品,429,墨西哥,6203984.0
202607,38,第38章  杂项化学产品,109,朝鲜,29391015.0
202607,38,第38章  杂项化学产品,127,巴基斯坦,5965751.0
202607,38,第38章  杂项化学产品,129,菲律宾,138141633.0
202607,38,第38章  杂项化学产品,137,土耳其,11270319.0
202607,38,第38章  杂项化学产品,138,阿联酋,3409836.0
202607,38,第38章  杂项化学产品,203,贝宁,229079.0
202607,38,第38章  杂项化学产品,244,南非,63117918.0
202607,38,第38章  杂项化学产品,250,乌干达,20450538.0
202607,38,第38章  杂项化学产品,301,比利时,1318548039.0
202607,38,第38章  杂项化学产品,305,法国,410006008.0
202607,38,第38章  杂项化学产品,306,爱尔兰,91784102.0
202607,38,第38章  杂项化学产品,307,意大利,277969534.0
202607,38,第38章  杂项化学产品,309,荷兰,154693272.0
202607,38,第38章  杂项化学产品,310,希腊,634613.0
202607,38,第38章  杂项化学产品,312,西班牙,105339021.0
202607,38,第38章  杂项化学产品,315,奥地利,14984709.0
202607,38,第38章  杂项化学产品,316,保加利亚,3122889.0
202607,38,第38章  杂项化学产品,318,芬兰,51946807.0
202607,38,第38章  杂项化学产品,321,匈牙利,10705407.0
202607,38,第38章  杂项化学产品,326,挪威,37475298.0
202607,38,第38章  杂项化学产品,327,波兰,30811659.0
202607,38,第38章  杂项化学产品,336,立陶宛,21829977.0
202607,38,第38章  杂项化学产品,340,白俄罗斯,203344.0
202607,38,第38章  杂项化学产品,350,斯洛文尼亚,1296953.0
202607,38,第38章  杂项化学产品,408,玻利维亚 ,480993.0
202607,38,第38章  杂项化学产品,410,巴西,43236391.0
202607,38,第38章  杂项化学产品,415,哥斯达黎加,3114113.0
202607,38,第38章  杂项化学产品,429,墨西哥,22818395.0
202607,38,第38章  杂项化学产品,435,波多黎各,33048351.0
202607,38,第38章  杂项化学产品,444,乌拉圭,1542.0
202607,38,第38章  杂项化学产品,501,加拿大,57019725.0
202607,38,第38章  杂项化学产品,617,萨摩亚,3160.0
202607,39,第39章  塑料及其制品,108,塞浦路斯,394795.0
202607,39,第39章  塑料及其制品,109,朝鲜,3227221.0
202607,39,第39章  塑料及其制品,118,科威特,2268.0
202607,39,第39章  塑料及其制品,124,蒙古,423754.0
202607,39,第39章  塑料及其制品,127,巴基斯坦,221421.0
202607,39,第39章  塑料及其制品,129,菲律宾,23608677.0
202607,39,第39章  塑料及其制品,137,土耳其,8544401.0
202607,39,第39章  塑料及其制品,138,阿联酋,597896358.0
202607,39,第39章  塑料及其制品,208,佛得角,4029.0
202607,39,第39章  塑料及其制品,220,加纳,1257.0
202607,39,第39章  塑料及其制品,224,肯尼亚,1413.0
202607,39,第39章  塑料及其制品,227,马达加斯加,7926.0
202607,39,第39章  塑料及其制品,235,尼日尔,18.0
202607,39,第39章  塑料及其制品,244,南非,2479064.0
202607,39,第39章  塑料及其制品,250,乌干达,19751.0
202607,39,第39章  塑料及其制品,254,津巴布韦,6002.0
202607,39,第39章  塑料及其制品,301,比利时,324333365.0
202607,39,第39章  塑料及其制品,305,法国,424679978.0
202607,39,第39章  塑料及其制品,306,爱尔兰,32948595.0
202607,39,第39章  塑料及其制品,307,意大利,392700719.0
202607,39,第39章  塑料及其制品,309,荷兰,432323328.0
202607,39,第39章  塑料及其制品,310,希腊,597741.0
202607,39,第39章  塑料及其制品,312,西班牙,224304405.0
202607,39,第39章  塑料及其制品,313,阿尔巴尼亚,3560.0
202607,39,第39章  塑料及其制品,314,安道尔,41.0
202607,39,第39章  塑料及其制品,315,奥地利,131354600.0
202607,39,第39章  塑料及其制品,316,保加利亚,5501926.0
202607,39,第39章  塑料及其制品,318,芬兰,37977850.0
202607,39,第39章  塑料及其制品,321,匈牙利,24795395.0
202607,39,第39章  塑料及其制品,326,挪威,61072334.0
202607,39,第39章  塑料及其制品,327,波兰,49177800.0
202607,39,第39章  塑料及其制品,336,立陶宛,2008306.0
202607,39,第39章  塑料及其制品,340,白俄罗斯,17745897.0
202607,39,第39章  塑料及其制品,350,斯洛文尼亚,9078595.0
202607,39,第39章  塑料及其制品,410,巴西,47549174.0
202607,39,第39章  塑料及其制品,415,哥斯达黎加,5116094.0
202607,39,第39章  塑料及其制品,429,墨西哥,117294821.0
202607,39,第39章  塑料及其制品,435,波多黎各,142563.0
202607,39,第39章  塑料及其制品,442,特立尼达和多巴哥,44346.0
202607,39,第39章  塑料及其制品,501,加拿大,275374121.0
202607,40,第40章  橡胶及其制品,108,塞浦路斯,3817.0
202607,40,第40章  橡胶及其制品,124,蒙古,1350845.0
202607,40,第40章  橡胶及其制品,127,巴基斯坦,693729.0
202607,40,第40章  橡胶及其制品,129,菲律宾,17705267.0
202607,40,第40章  橡胶及其制品,137,土耳其,18970454.0
202607,40,第40章  橡胶及其制品,138,阿联酋,2892565.0
202607,40,第40章  橡胶及其制品,220,加纳,261469.0
202607,40,第40章  橡胶及其制品,244,南非,995936.0
202607,40,第40章  橡胶及其制品,301,比利时,49959713.0
202607,40,第40章  橡胶及其制品,305,法国,195323817.0
202607,40,第40章  橡胶及其制品,306,爱尔兰,527660.0
202607,40,第40章  橡胶及其制品,307,意大利,109160959.0
202607,40,第40章  橡胶及其制品,309,荷兰,24791567.0
202607,40,第40章  橡胶及其制品,310,希腊,436621.0
202607,40,第40章  橡胶及其制品,312,西班牙,111151396.0
202607,40,第40章  橡胶及其制品,313,阿尔巴尼亚,167.0
202607,40,第40章  橡胶及其制品,315,奥地利,8447059.0
202607,40,第40章  橡胶及其制品,316,保加利亚,2841109.0
202607,40,第40章  橡胶及其制品,318,芬兰,3581703.0
202607,40,第40章  橡胶及其制品,321,匈牙利,38603878.0
202607,40,第40章  橡胶及其制品,326,挪威,5062294.0
202607,40,第40章  橡胶及其制品,327,波兰,65167386.0
202607,40,第40章  橡胶及其制品,336,立陶宛,170895.0
202607,40,第40章  橡胶及其制品,350,斯洛文尼亚,6363850.0
202607,40,第40章  橡胶及其制品,410,巴西,38398975.0
202607,40,第40章  橡胶及其制品,415,哥斯达黎加,55645.0
202607,40,第40章  橡胶及其制品,422,瓜德罗普,190.0
202607,40,第40章  橡胶及其制品,429,墨西哥,47188813.0
202607,40,第40章  橡胶及其制品,501,加拿大,19138463.0
202607,41,第41章  生皮（毛皮除外）及皮革,124,蒙古,253700.0
202607,41,第41章  生皮（毛皮除外）及皮革,127,巴基斯坦,8125491.0
202607,41,第41章  生皮（毛皮除外）及皮革,129,菲律宾,181493.0
202607,41,第41章  生皮（毛皮除外）及皮革,137,土耳其,5984113.0
202607,41,第41章  生皮（毛皮除外）及皮革,147,塔吉克斯坦,974386.0
202607,41,第41章  生皮（毛皮除外）及皮革,224,肯尼亚,3239967.0
202607,41,第41章  生皮（毛皮除外）及皮革,244,南非,22911605.0
202607,41,第41章  生皮（毛皮除外）及皮革,250,乌干达,1596807.0
202607,41,第41章  生皮（毛皮除外）及皮革,301,比利时,4755297.0
202607,41,第41章  生皮（毛皮除外）及皮革,305,法国,16228508.0
202607,41,第41章  生皮（毛皮除外）及皮革,306,爱尔兰,18322158.0
202607,41,第41章  生皮（毛皮除外）及皮革,307,意大利,132317484.0
202607,41,第41章  生皮（毛皮除外）及皮革,309,荷兰,26052517.0
202607,41,第41章  生皮（毛皮除外）及皮革,310,希腊,2785.0
202607,41,第41章  生皮（毛皮除外）及皮革,312,西班牙,32945441.0
202607,41,第41章  生皮（毛皮除外）及皮革,315,奥地利,762742.0
202607,41,第41章  生皮（毛皮除外）及皮革,318,芬兰,650003.0
202607,41,第41章  生皮（毛皮除外）及皮革,326,挪威,82.0
202607,41,第41章  生皮（毛皮除外）及皮革,327,波兰,8777374.0
202607,41,第41章  生皮（毛皮除外）及皮革,408,玻利维亚 ,673809.0
202607,41,第41章  生皮（毛皮除外）及皮革,410,巴西,157098632.0
202607,41,第41章  生皮（毛皮除外）及皮革,415,哥斯达黎加,3388073.0
202607,41,第41章  生皮（毛皮除外）及皮革,429,墨西哥,14491101.0
202607,41,第41章  生皮（毛皮除外）及皮革,444,乌拉圭,10305274.0
202607,41,第41章  生皮（毛皮除外）及皮革,501,加拿大,37383507.0
202607,42,第42章  皮革制品；鞍具及挽具；旅行用品、手提包及类似容器；动物肠线（蚕胶丝除外）制品,108,塞浦路斯,13172.0
202607,42,第42章  皮革制品；鞍具及挽具；旅行用品、手提包及类似容器；动物肠线（蚕胶丝除外）制品,109,朝鲜,5163081.0
202607,42,第42章  皮革制品；鞍具及挽具；旅行用品、手提包及类似容器；动物肠线（蚕胶丝除外）制品,118,科威特,60.0
202607,42,第42章  皮革制品；鞍具及挽具；旅行用品、手提包及类似容器；动物肠线（蚕胶丝除外）制品,123,马尔代夫,6102.0
202607,42,第42章  皮革制品；鞍具及挽具；旅行用品、手提包及类似容器；动物肠线（蚕胶丝除外）制品,127,巴基斯坦,1937713.0
202607,42,第42章  皮革制品；鞍具及挽具；旅行用品、手提包及类似容器；动物肠线（蚕胶丝除外）制品,129,菲律宾,137827832.0
202607,42,第42章  皮革制品；鞍具及挽具；旅行用品、手提包及类似容器；动物肠线（蚕胶丝除外）制品,137,土耳其,9425283.0
202607,42,第42章  皮革制品；鞍具及挽具；旅行用品、手提包及类似容器；动物肠线（蚕胶丝除外）制品,138,阿联酋,140388.0
202607,42,第42章  皮革制品；鞍具及挽具；旅行用品、手提包及类似容器；动物肠线（蚕胶丝除外）制品,220,加纳,1888.0
202607,42,第42章  皮革制品；鞍具及挽具；旅行用品、手提包及类似容器；动物肠线（蚕胶丝除外）制品,224,肯尼亚,268726.0
202607,42,第42章  皮革制品；鞍具及挽具；旅行用品、手提包及类似容器；动物肠线（蚕胶丝除外）制品,227,马达加斯加,428054.0
202607,42,第42章  皮革制品；鞍具及挽具；旅行用品、手提包及类似容器；动物肠线（蚕胶丝除外）制品,244,南非,267.0
202607,42,第42章  皮革制品；鞍具及挽具；旅行用品、手提包及类似容器；动物肠线（蚕胶丝除外）制品,301,比利时,997850.0
202607,42,第42章  皮革制品；鞍具及挽具；旅行用品、手提包及类似容器；动物肠线（蚕胶丝除外）制品,305,法国,956038773.0
202607,42,第42章  皮革制品；鞍具及挽具；旅行用品、手提包及类似容器；动物肠线（蚕胶丝除外）制品,306,爱尔兰,981.0
202607,42,第42章  皮革制品；鞍具及挽具；旅行用品、手提包及类似容器；动物肠线（蚕胶丝除外）制品,307,意大利,991523818.0
202607,42,第42章  皮革制品；鞍具及挽具；旅行用品、手提包及类似容器；动物肠线（蚕胶丝除外）制品,309,荷兰,195293.0
202607,42,第42章  皮革制品；鞍具及挽具；旅行用品、手提包及类似容器；动物肠线（蚕胶丝除外）制品,310,希腊,4871.0
202607,42,第42章  皮革制品；鞍具及挽具；旅行用品、手提包及类似容器；动物肠线（蚕胶丝除外）制品,312,西班牙,112867778.0
202607,42,第42章  皮革制品；鞍具及挽具；旅行用品、手提包及类似容器；动物肠线（蚕胶丝除外）制品,313,阿尔巴尼亚,8528.0
202607,42,第42章  皮革制品；鞍具及挽具；旅行用品、手提包及类似容器；动物肠线（蚕胶丝除外）制品,315,奥地利,22406.0
202607,42,第42章  皮革制品；鞍具及挽具；旅行用品、手提包及类似容器；动物肠线（蚕胶丝除外）制品,316,保加利亚,673014.0
202607,42,第42章  皮革制品；鞍具及挽具；旅行用品、手提包及类似容器；动物肠线（蚕胶丝除外）制品,318,芬兰,34912.0
202607,42,第42章  皮革制品；鞍具及挽具；旅行用品、手提包及类似容器；动物肠线（蚕胶丝除外）制品,321,匈牙利,11480951.0
202607,42,第42章  皮革制品；鞍具及挽具；旅行用品、手提包及类似容器；动物肠线（蚕胶丝除外）制品,326,挪威,2527.0
202607,42,第42章  皮革制品；鞍具及挽具；旅行用品、手提包及类似容器；动物肠线（蚕胶丝除外）制品,327,波兰,323345.0
202607,42,第42章  皮革制品；鞍具及挽具；旅行用品、手提包及类似容器；动物肠线（蚕胶丝除外）制品,336,立陶宛,13209.0
202607,42,第42章  皮革制品；鞍具及挽具；旅行用品、手提包及类似容器；动物肠线（蚕胶丝除外）制品,350,斯洛文尼亚,4130.0
202607,42,第42章  皮革制品；鞍具及挽具；旅行用品、手提包及类似容器；动物肠线（蚕胶丝除外）制品,410,巴西,236370.0
202607,42,第42章  皮革制品；鞍具及挽具；旅行用品、手提包及类似容器；动物肠线（蚕胶丝除外）制品,429,墨西哥,1778155.0
202607,42,第42章  皮革制品；鞍具及挽具；旅行用品、手提包及类似容器；动物肠线（蚕胶丝除外）制品,501,加拿大,4059875.0
202607,43,第43章  毛皮、人造毛皮及其制品,137,土耳其,6094517.0
202607,43,第43章  毛皮、人造毛皮及其制品,244,南非,180259.0
202607,43,第43章  毛皮、人造毛皮及其制品,305,法国,15033091.0
202607,43,第43章  毛皮、人造毛皮及其制品,307,意大利,43426136.0
202607,43,第43章  毛皮、人造毛皮及其制品,310,希腊,5801426.0
202607,43,第43章  毛皮、人造毛皮及其制品,312,西班牙,10928835.0
202607,43,第43章  毛皮、人造毛皮及其制品,318,芬兰,56613024.0
202607,43,第43章  毛皮、人造毛皮及其制品,321,匈牙利,204899.0
202607,43,第43章  毛皮、人造毛皮及其制品,336,立陶宛,191229.0
202607,43,第43章  毛皮、人造毛皮及其制品,410,巴西,1278824.0
202607,43,第43章  毛皮、人造毛皮及其制品,501,加拿大,50902.0
202607,44,第44章  木及木制品；木炭,118,科威特,1535.0
202607,44,第44章  木及木制品；木炭,124,蒙古,3650.0
202607,44,第44章  木及木制品；木炭,127,巴基斯坦,65580.0
202607,44,第44章  木及木制品；木炭,129,菲律宾,100370794.0
202607,44,第44章  木及木制品；木炭,137,土耳其,1066146.0
202607,44,第44章  木及木制品；木炭,138,阿联酋,4148.0
202607,44,第44章  木及木制品；木炭,203,贝宁,807230.0
202607,44,第44章  木及木制品；木炭,209,中非,18671994.0
202607,44,第44章  木及木制品；木炭,213,刚果共和国,35489022.0
202607,44,第44章  木及木制品；木炭,220,加纳,2284564.0
202607,44,第44章  木及木制品；木炭,227,马达加斯加,4303.0
202607,44,第44章  木及木制品；木炭,233,莫桑比克,137322.0
202607,44,第44章  木及木制品；木炭,244,南非,57509197.0
202607,44,第44章  木及木制品；木炭,252,刚果民主共和国,18886198.0
202607,44,第44章  木及木制品；木炭,254,津巴布韦,448043.0
202607,44,第44章  木及木制品；木炭,301,比利时,21064089.0
202607,44,第44章  木及木制品；木炭,305,法国,190683651.0
202607,44,第44章  木及木制品；木炭,306,爱尔兰,13723110.0
202607,44,第44章  木及木制品；木炭,307,意大利,40388078.0
202607,44,第44章  木及木制品；木炭,309,荷兰,6259840.0
202607,44,第44章  木及木制品；木炭,310,希腊,1377.0
202607,44,第44章  木及木制品；木炭,312,西班牙,24887545.0
202607,44,第44章  木及木制品；木炭,313,阿尔巴尼亚,102.0
202607,44,第44章  木及木制品；木炭,315,奥地利,21374924.0
202607,44,第44章  木及木制品；木炭,316,保加利亚,1565409.0
202607,44,第44章  木及木制品；木炭,318,芬兰,48908281.0
202607,44,第44章  木及木制品；木炭,321,匈牙利,7780488.0
202607,44,第44章  木及木制品；木炭,326,挪威,513960.0
202607,44,第44章  木及木制品；木炭,327,波兰,81294865.0
202607,44,第44章  木及木制品；木炭,336,立陶宛,472.0
202607,44,第44章  木及木制品；木炭,340,白俄罗斯,163070923.0
202607,44,第44章  木及木制品；木炭,350,斯洛文尼亚,11333236.0
202607,44,第44章  木及木制品；木炭,359,黑山,1461714.0
202607,44,第44章  木及木制品；木炭,408,玻利维亚 ,6697125.0
202607,44,第44章  木及木制品；木炭,410,巴西,51500337.0
202607,44,第44章  木及木制品；木炭,415,哥斯达黎加,609534.0
202607,44,第44章  木及木制品；木炭,429,墨西哥,3576.0
202607,44,第44章  木及木制品；木炭,431,尼加拉瓜,2205962.0
202607,44,第44章  木及木制品；木炭,444,乌拉圭,38149377.0
202607,44,第44章  木及木制品；木炭,501,加拿大,373498891.0
202607,45,第45章  软木及软木制品,129,菲律宾,70279.0
202607,45,第45章  软木及软木制品,305,法国,1196089.0
202607,45,第45章  软木及软木制品,307,意大利,2017975.0
202607,45,第45章  软木及软木制品,312,西班牙,647533.0
202607,45,第45章  软木及软木制品,327,波兰,1661.0
202607,46,第46章  稻草、秸秆、针茅或其他编结材料制品；篮筐及柳条编结品,109,朝鲜,4489066.0
202607,46,第46章  稻草、秸秆、针茅或其他编结材料制品；篮筐及柳条编结品,129,菲律宾,178081.0
202607,46,第46章  稻草、秸秆、针茅或其他编结材料制品；篮筐及柳条编结品,220,加纳,60380.0
202607,46,第46章  稻草、秸秆、针茅或其他编结材料制品；篮筐及柳条编结品,227,马达加斯加,1461190.0
202607,46,第46章  稻草、秸秆、针茅或其他编结材料制品；篮筐及柳条编结品,301,比利时,1190.0
202607,46,第46章  稻草、秸秆、针茅或其他编结材料制品；篮筐及柳条编结品,305,法国,1593190.0
202607,46,第46章  稻草、秸秆、针茅或其他编结材料制品；篮筐及柳条编结品,307,意大利,1842043.0
202607,46,第46章  稻草、秸秆、针茅或其他编结材料制品；篮筐及柳条编结品,312,西班牙,163382.0
202607,47,第47章  木浆及其他纤维状纤维素浆；回收（废碎）纸及纸板,129,菲律宾,11656775.0
202607,47,第47章  木浆及其他纤维状纤维素浆；回收（废碎）纸及纸板,244,南非,146082534.0
202607,47,第47章  木浆及其他纤维状纤维素浆；回收（废碎）纸及纸板,301,比利时,443010.0
202607,47,第47章  木浆及其他纤维状纤维素浆；回收（废碎）纸及纸板,305,法国,24212422.0
202607,47,第47章  木浆及其他纤维状纤维素浆；回收（废碎）纸及纸板,312,西班牙,9478606.0
202607,47,第47章  木浆及其他纤维状纤维素浆；回收（废碎）纸及纸板,315,奥地利,20189907.0
202607,47,第47章  木浆及其他纤维状纤维素浆；回收（废碎）纸及纸板,318,芬兰,752075800.0
202607,47,第47章  木浆及其他纤维状纤维素浆；回收（废碎）纸及纸板,326,挪威,15504188.0
202607,47,第47章  木浆及其他纤维状纤维素浆；回收（废碎）纸及纸板,327,波兰,128140.0
202607,47,第47章  木浆及其他纤维状纤维素浆；回收（废碎）纸及纸板,340,白俄罗斯,8706868.0
202607,47,第47章  木浆及其他纤维状纤维素浆；回收（废碎）纸及纸板,410,巴西,2741447493.0
202607,47,第47章  木浆及其他纤维状纤维素浆；回收（废碎）纸及纸板,444,乌拉圭,612235804.0
202607,47,第47章  木浆及其他纤维状纤维素浆；回收（废碎）纸及纸板,501,加拿大,1136067275.0
202607,48,第48章  纸及纸板；纸浆、纸或纸板制品,109,朝鲜,18182.0
202607,48,第48章  纸及纸板；纸浆、纸或纸板制品,118,科威特,907.0
202607,48,第48章  纸及纸板；纸浆、纸或纸板制品,127,巴基斯坦,7.0
202607,48,第48章  纸及纸板；纸浆、纸或纸板制品,129,菲律宾,122355.0
202607,48,第48章  纸及纸板；纸浆、纸或纸板制品,137,土耳其,7516504.0
202607,48,第48章  纸及纸板；纸浆、纸或纸板制品,138,阿联酋,205710.0
202607,48,第48章  纸及纸板；纸浆、纸或纸板制品,224,肯尼亚,358.0
202607,48,第48章  纸及纸板；纸浆、纸或纸板制品,244,南非,20576303.0
202607,48,第48章  纸及纸板；纸浆、纸或纸板制品,301,比利时,2212276.0
202607,48,第48章  纸及纸板；纸浆、纸或纸板制品,305,法国,50628887.0
202607,48,第48章  纸及纸板；纸浆、纸或纸板制品,306,爱尔兰,356895.0
202607,48,第48章  纸及纸板；纸浆、纸或纸板制品,307,意大利,42471382.0
202607,48,第48章  纸及纸板；纸浆、纸或纸板制品,309,荷兰,17319846.0
202607,48,第48章  纸及纸板；纸浆、纸或纸板制品,310,希腊,48101.0
202607,48,第48章  纸及纸板；纸浆、纸或纸板制品,312,西班牙,10392989.0
202607,48,第48章  纸及纸板；纸浆、纸或纸板制品,313,阿尔巴尼亚,552194.0
202607,48,第48章  纸及纸板；纸浆、纸或纸板制品,315,奥地利,43360595.0
202607,48,第48章  纸及纸板；纸浆、纸或纸板制品,316,保加利亚,2071.0
202607,48,第48章  纸及纸板；纸浆、纸或纸板制品,318,芬兰,37498089.0
202607,48,第48章  纸及纸板；纸浆、纸或纸板制品,321,匈牙利,1070108.0
202607,48,第48章  纸及纸板；纸浆、纸或纸板制品,326,挪威,275128.0
202607,48,第48章  纸及纸板；纸浆、纸或纸板制品,327,波兰,12174000.0
202607,48,第48章  纸及纸板；纸浆、纸或纸板制品,336,立陶宛,7614.0
202607,48,第48章  纸及纸板；纸浆、纸或纸板制品,340,白俄罗斯,11556.0
202607,48,第48章  纸及纸板；纸浆、纸或纸板制品,350,斯洛文尼亚,5886995.0
202607,48,第48章  纸及纸板；纸浆、纸或纸板制品,410,巴西,25318654.0
202607,48,第48章  纸及纸板；纸浆、纸或纸板制品,415,哥斯达黎加,80521.0
202607,48,第48章  纸及纸板；纸浆、纸或纸板制品,429,墨西哥,794124.0
202607,48,第48章  纸及纸板；纸浆、纸或纸板制品,501,加拿大,7178374.0
202607,49,第49章  书籍、报纸、印刷图画及其他印刷品；手稿、打字稿及设计图纸,108,塞浦路斯,4500.0
202607,49,第49章  书籍、报纸、印刷图画及其他印刷品；手稿、打字稿及设计图纸,123,马尔代夫,2756.0
202607,49,第49章  书籍、报纸、印刷图画及其他印刷品；手稿、打字稿及设计图纸,127,巴基斯坦,2724.0
202607,49,第49章  书籍、报纸、印刷图画及其他印刷品；手稿、打字稿及设计图纸,129,菲律宾,24888.0
202607,49,第49章  书籍、报纸、印刷图画及其他印刷品；手稿、打字稿及设计图纸,137,土耳其,1427663.0
202607,49,第49章  书籍、报纸、印刷图画及其他印刷品；手稿、打字稿及设计图纸,138,阿联酋,534015.0
202607,49,第49章  书籍、报纸、印刷图画及其他印刷品；手稿、打字稿及设计图纸,227,马达加斯加,291.0
202607,49,第49章  书籍、报纸、印刷图画及其他印刷品；手稿、打字稿及设计图纸,301,比利时,2860215.0
202607,49,第49章  书籍、报纸、印刷图画及其他印刷品；手稿、打字稿及设计图纸,305,法国,43010841.0
202607,49,第49章  书籍、报纸、印刷图画及其他印刷品；手稿、打字稿及设计图纸,306,爱尔兰,57990566.0
202607,49,第49章  书籍、报纸、印刷图画及其他印刷品；手稿、打字稿及设计图纸,307,意大利,29460267.0
202607,49,第49章  书籍、报纸、印刷图画及其他印刷品；手稿、打字稿及设计图纸,309,荷兰,7143911.0
202607,49,第49章  书籍、报纸、印刷图画及其他印刷品；手稿、打字稿及设计图纸,310,希腊,375946.0
202607,49,第49章  书籍、报纸、印刷图画及其他印刷品；手稿、打字稿及设计图纸,312,西班牙,705829.0
202607,49,第49章  书籍、报纸、印刷图画及其他印刷品；手稿、打字稿及设计图纸,313,阿尔巴尼亚,4732.0
202607,49,第49章  书籍、报纸、印刷图画及其他印刷品；手稿、打字稿及设计图纸,315,奥地利,1418928.0
202607,49,第49章  书籍、报纸、印刷图画及其他印刷品；手稿、打字稿及设计图纸,316,保加利亚,567363.0
202607,49,第49章  书籍、报纸、印刷图画及其他印刷品；手稿、打字稿及设计图纸,318,芬兰,5110437.0
202607,49,第49章  书籍、报纸、印刷图画及其他印刷品；手稿、打字稿及设计图纸,321,匈牙利,574983.0
202607,49,第49章  书籍、报纸、印刷图画及其他印刷品；手稿、打字稿及设计图纸,326,挪威,979975.0
202607,49,第49章  书籍、报纸、印刷图画及其他印刷品；手稿、打字稿及设计图纸,327,波兰,1816478.0
202607,49,第49章  书籍、报纸、印刷图画及其他印刷品；手稿、打字稿及设计图纸,336,立陶宛,1405.0
202607,49,第49章  书籍、报纸、印刷图画及其他印刷品；手稿、打字稿及设计图纸,340,白俄罗斯,29126.0
202607,49,第49章  书籍、报纸、印刷图画及其他印刷品；手稿、打字稿及设计图纸,350,斯洛文尼亚,632927.0
202607,49,第49章  书籍、报纸、印刷图画及其他印刷品；手稿、打字稿及设计图纸,408,玻利维亚 ,34082.0
202607,49,第49章  书籍、报纸、印刷图画及其他印刷品；手稿、打字稿及设计图纸,410,巴西,26609.0
202607,49,第49章  书籍、报纸、印刷图画及其他印刷品；手稿、打字稿及设计图纸,415,哥斯达黎加,1882.0
202607,49,第49章  书籍、报纸、印刷图画及其他印刷品；手稿、打字稿及设计图纸,429,墨西哥,59858695.0
202607,49,第49章  书籍、报纸、印刷图画及其他印刷品；手稿、打字稿及设计图纸,435,波多黎各,3148053.0
202607,49,第49章  书籍、报纸、印刷图画及其他印刷品；手稿、打字稿及设计图纸,501,加拿大,5347285.0
202607,50,第50章  蚕丝,109,朝鲜,13158295.0
202607,50,第50章  蚕丝,301,比利时,1401.0
202607,50,第50章  蚕丝,305,法国,226130.0
202607,50,第50章  蚕丝,307,意大利,5596731.0
202607,50,第50章  蚕丝,312,西班牙,3789.0
202607,50,第50章  蚕丝,326,挪威,4616.0
202607,50,第50章  蚕丝,410,巴西,1945.0
202607,51,第51章  羊毛、动物细毛或粗毛；马毛纱线及其机织物,124,蒙古,186860824.0
202607,51,第51章  羊毛、动物细毛或粗毛；马毛纱线及其机织物,127,巴基斯坦,856913.0
202607,51,第51章  羊毛、动物细毛或粗毛；马毛纱线及其机织物,137,土耳其,949219.0
202607,51,第51章  羊毛、动物细毛或粗毛；马毛纱线及其机织物,244,南非,221587443.0
202607,51,第51章  羊毛、动物细毛或粗毛；马毛纱线及其机织物,255,莱索托,2870773.0
202607,51,第51章  羊毛、动物细毛或粗毛；马毛纱线及其机织物,301,比利时,313112.0
202607,51,第51章  羊毛、动物细毛或粗毛；马毛纱线及其机织物,305,法国,4990300.0
202607,51,第51章  羊毛、动物细毛或粗毛；马毛纱线及其机织物,306,爱尔兰,2255317.0
202607,51,第51章  羊毛、动物细毛或粗毛；马毛纱线及其机织物,307,意大利,174685323.0
202607,51,第51章  羊毛、动物细毛或粗毛；马毛纱线及其机织物,309,荷兰,15418.0
202607,51,第51章  羊毛、动物细毛或粗毛；马毛纱线及其机织物,312,西班牙,15303081.0
202607,51,第51章  羊毛、动物细毛或粗毛；马毛纱线及其机织物,315,奥地利,220973.0
202607,51,第51章  羊毛、动物细毛或粗毛；马毛纱线及其机织物,316,保加利亚,7400605.0
202607,51,第51章  羊毛、动物细毛或粗毛；马毛纱线及其机织物,326,挪威,262908.0
202607,51,第51章  羊毛、动物细毛或粗毛；马毛纱线及其机织物,336,立陶宛,658.0
202607,51,第51章  羊毛、动物细毛或粗毛；马毛纱线及其机织物,408,玻利维亚 ,10832.0
202607,51,第51章  羊毛、动物细毛或粗毛；马毛纱线及其机织物,429,墨西哥,457056.0
202607,51,第51章  羊毛、动物细毛或粗毛；马毛纱线及其机织物,444,乌拉圭,59740392.0
202607,51,第51章  羊毛、动物细毛或粗毛；马毛纱线及其机织物,501,加拿大,555.0
202607,52,第52章  棉花,127,巴基斯坦,350524698.0
202607,52,第52章  棉花,137,土耳其,33698252.0
202607,52,第52章  棉花,147,塔吉克斯坦,20521789.0
202607,52,第52章  棉花,220,加纳,12438.0
202607,52,第52章  棉花,301,比利时,12345.0
202607,52,第52章  棉花,305,法国,2134509.0
202607,52,第52章  棉花,306,爱尔兰,6887.0
202607,52,第52章  棉花,307,意大利,27291091.0
202607,52,第52章  棉花,309,荷兰,54316.0
202607,52,第52章  棉花,312,西班牙,587946.0
202607,52,第52章  棉花,315,奥地利,97620.0
202607,52,第52章  棉花,316,保加利亚,119021.0
202607,52,第52章  棉花,318,芬兰,12601.0
202607,52,第52章  棉花,321,匈牙利,74501.0
202607,52,第52章  棉花,326,挪威,144716.0
202607,52,第52章  棉花,336,立陶宛,1141436.0
202607,52,第52章  棉花,350,斯洛文尼亚,31695.0
202607,52,第52章  棉花,410,巴西,194438042.0
202607,52,第52章  棉花,429,墨西哥,15322.0
202607,53,第53章  其他植物纺织纤维；纸纱线及其机织物,129,菲律宾,2742032.0
202607,53,第53章  其他植物纺织纤维；纸纱线及其机织物,137,土耳其,136008.0
202607,53,第53章  其他植物纺织纤维；纸纱线及其机织物,224,肯尼亚,2410429.0
202607,53,第53章  其他植物纺织纤维；纸纱线及其机织物,227,马达加斯加,3787477.0
202607,53,第53章  其他植物纺织纤维；纸纱线及其机织物,233,莫桑比克,231100.0
202607,53,第53章  其他植物纺织纤维；纸纱线及其机织物,301,比利时,103414099.0
202607,53,第53章  其他植物纺织纤维；纸纱线及其机织物,305,法国,885206535.0
202607,53,第53章  其他植物纺织纤维；纸纱线及其机织物,306,爱尔兰,31463.0
202607,53,第53章  其他植物纺织纤维；纸纱线及其机织物,307,意大利,13559226.0
202607,53,第53章  其他植物纺织纤维；纸纱线及其机织物,309,荷兰,10973772.0
202607,53,第53章  其他植物纺织纤维；纸纱线及其机织物,312,西班牙,45945.0
202607,53,第53章  其他植物纺织纤维；纸纱线及其机织物,315,奥地利,2263.0
202607,53,第53章  其他植物纺织纤维；纸纱线及其机织物,316,保加利亚,190737.0
202607,53,第53章  其他植物纺织纤维；纸纱线及其机织物,318,芬兰,1800.0
202607,53,第53章  其他植物纺织纤维；纸纱线及其机织物,327,波兰,5879.0
202607,53,第53章  其他植物纺织纤维；纸纱线及其机织物,336,立陶宛,175183.0
202607,53,第53章  其他植物纺织纤维；纸纱线及其机织物,340,白俄罗斯,29779373.0
202607,53,第53章  其他植物纺织纤维；纸纱线及其机织物,410,巴西,25025467.0
202607,53,第53章  其他植物纺织纤维；纸纱线及其机织物,429,墨西哥,809820.0
202607,53,第53章  其他植物纺织纤维；纸纱线及其机织物,501,加拿大,11910.0
202607,54,第54章  化学纤维长丝；化学纤维纺织材料制扁条及类似品,127,巴基斯坦,198047.0
202607,54,第54章  化学纤维长丝；化学纤维纺织材料制扁条及类似品,129,菲律宾,68096.0
202607,54,第54章  化学纤维长丝；化学纤维纺织材料制扁条及类似品,137,土耳其,4132725.0
202607,54,第54章  化学纤维长丝；化学纤维纺织材料制扁条及类似品,138,阿联酋,44941.0
202607,54,第54章  化学纤维长丝；化学纤维纺织材料制扁条及类似品,244,南非,92616.0
202607,54,第54章  化学纤维长丝；化学纤维纺织材料制扁条及类似品,301,比利时,2177325.0
202607,54,第54章  化学纤维长丝；化学纤维纺织材料制扁条及类似品,305,法国,2975043.0
202607,54,第54章  化学纤维长丝；化学纤维纺织材料制扁条及类似品,306,爱尔兰,4254983.0
202607,54,第54章  化学纤维长丝；化学纤维纺织材料制扁条及类似品,307,意大利,29821682.0
202607,54,第54章  化学纤维长丝；化学纤维纺织材料制扁条及类似品,309,荷兰,15070376.0
202607,54,第54章  化学纤维长丝；化学纤维纺织材料制扁条及类似品,310,希腊,9051.0
202607,54,第54章  化学纤维长丝；化学纤维纺织材料制扁条及类似品,312,西班牙,2029929.0
202607,54,第54章  化学纤维长丝；化学纤维纺织材料制扁条及类似品,315,奥地利,1970674.0
202607,54,第54章  化学纤维长丝；化学纤维纺织材料制扁条及类似品,316,保加利亚,50667.0
202607,54,第54章  化学纤维长丝；化学纤维纺织材料制扁条及类似品,326,挪威,5146.0
202607,54,第54章  化学纤维长丝；化学纤维纺织材料制扁条及类似品,327,波兰,1570458.0
202607,54,第54章  化学纤维长丝；化学纤维纺织材料制扁条及类似品,336,立陶宛,2532625.0
202607,54,第54章  化学纤维长丝；化学纤维纺织材料制扁条及类似品,350,斯洛文尼亚,64442.0
202607,54,第54章  化学纤维长丝；化学纤维纺织材料制扁条及类似品,410,巴西,1028408.0
202607,54,第54章  化学纤维长丝；化学纤维纺织材料制扁条及类似品,429,墨西哥,2661735.0
202607,54,第54章  化学纤维长丝；化学纤维纺织材料制扁条及类似品,501,加拿大,1322835.0
202607,55,第55章  化学纤维短纤,108,塞浦路斯,3320.0
202607,55,第55章  化学纤维短纤,124,蒙古,14692.0
202607,55,第55章  化学纤维短纤,127,巴基斯坦,1507235.0
202607,55,第55章  化学纤维短纤,129,菲律宾,1288767.0
202607,55,第55章  化学纤维短纤,137,土耳其,12232456.0
202607,55,第55章  化学纤维短纤,301,比利时,5051289.0
202607,55,第55章  化学纤维短纤,305,法国,7654702.0
202607,55,第55章  化学纤维短纤,307,意大利,13030397.0
202607,55,第55章  化学纤维短纤,309,荷兰,4319974.0
202607,55,第55章  化学纤维短纤,310,希腊,155131.0
202607,55,第55章  化学纤维短纤,312,西班牙,12266586.0
202607,55,第55章  化学纤维短纤,315,奥地利,132001090.0
202607,55,第55章  化学纤维短纤,316,保加利亚,607577.0
202607,55,第55章  化学纤维短纤,318,芬兰,1311.0
202607,55,第55章  化学纤维短纤,326,挪威,14710.0
202607,55,第55章  化学纤维短纤,327,波兰,100692.0
202607,55,第55章  化学纤维短纤,350,斯洛文尼亚,6591.0
202607,55,第55章  化学纤维短纤,410,巴西,239.0
202607,55,第55章  化学纤维短纤,429,墨西哥,3889751.0
202607,55,第55章  化学纤维短纤,501,加拿大,349740.0
202607,56,第56章  絮胎、毡呢及无纺织物；特种纱线；线、绳、索、缆及其制品,127,巴基斯坦,304446.0
202607,56,第56章  絮胎、毡呢及无纺织物；特种纱线；线、绳、索、缆及其制品,129,菲律宾,650141.0
202607,56,第56章  絮胎、毡呢及无纺织物；特种纱线；线、绳、索、缆及其制品,137,土耳其,854997.0
202607,56,第56章  絮胎、毡呢及无纺织物；特种纱线；线、绳、索、缆及其制品,138,阿联酋,190875.0
202607,56,第56章  絮胎、毡呢及无纺织物；特种纱线；线、绳、索、缆及其制品,244,南非,11734.0
202607,56,第56章  絮胎、毡呢及无纺织物；特种纱线；线、绳、索、缆及其制品,301,比利时,2483765.0
202607,56,第56章  絮胎、毡呢及无纺织物；特种纱线；线、绳、索、缆及其制品,305,法国,12814023.0
202607,56,第56章  絮胎、毡呢及无纺织物；特种纱线；线、绳、索、缆及其制品,307,意大利,26499880.0
202607,56,第56章  絮胎、毡呢及无纺织物；特种纱线；线、绳、索、缆及其制品,309,荷兰,4450000.0
202607,56,第56章  絮胎、毡呢及无纺织物；特种纱线；线、绳、索、缆及其制品,310,希腊,2085900.0
202607,56,第56章  絮胎、毡呢及无纺织物；特种纱线；线、绳、索、缆及其制品,312,西班牙,965682.0
202607,56,第56章  絮胎、毡呢及无纺织物；特种纱线；线、绳、索、缆及其制品,315,奥地利,5701502.0
202607,56,第56章  絮胎、毡呢及无纺织物；特种纱线；线、绳、索、缆及其制品,316,保加利亚,15769.0
202607,56,第56章  絮胎、毡呢及无纺织物；特种纱线；线、绳、索、缆及其制品,318,芬兰,3596014.0
202607,56,第56章  絮胎、毡呢及无纺织物；特种纱线；线、绳、索、缆及其制品,321,匈牙利,1704157.0
202607,56,第56章  絮胎、毡呢及无纺织物；特种纱线；线、绳、索、缆及其制品,326,挪威,143846.0
202607,56,第56章  絮胎、毡呢及无纺织物；特种纱线；线、绳、索、缆及其制品,327,波兰,1012985.0
202607,56,第56章  絮胎、毡呢及无纺织物；特种纱线；线、绳、索、缆及其制品,340,白俄罗斯,1591.0
202607,56,第56章  絮胎、毡呢及无纺织物；特种纱线；线、绳、索、缆及其制品,350,斯洛文尼亚,23683.0
202607,56,第56章  絮胎、毡呢及无纺织物；特种纱线；线、绳、索、缆及其制品,410,巴西,684842.0
202607,56,第56章  絮胎、毡呢及无纺织物；特种纱线；线、绳、索、缆及其制品,415,哥斯达黎加,1255.0
202607,56,第56章  絮胎、毡呢及无纺织物；特种纱线；线、绳、索、缆及其制品,429,墨西哥,106230.0
202607,56,第56章  絮胎、毡呢及无纺织物；特种纱线；线、绳、索、缆及其制品,501,加拿大,2439975.0
202607,57,第57章  地毯及纺织材料的其他铺地制品,127,巴基斯坦,152156.0
202607,57,第57章  地毯及纺织材料的其他铺地制品,137,土耳其,6997913.0
202607,57,第57章  地毯及纺织材料的其他铺地制品,138,阿联酋,271977.0
202607,57,第57章  地毯及纺织材料的其他铺地制品,244,南非,10485.0
202607,57,第57章  地毯及纺织材料的其他铺地制品,301,比利时,622042.0
202607,57,第57章  地毯及纺织材料的其他铺地制品,305,法国,616560.0
202607,57,第57章  地毯及纺织材料的其他铺地制品,306,爱尔兰,455066.0
202607,57,第57章  地毯及纺织材料的其他铺地制品,307,意大利,2042304.0
202607,57,第57章  地毯及纺织材料的其他铺地制品,309,荷兰,411650.0
202607,57,第57章  地毯及纺织材料的其他铺地制品,310,希腊,12619.0
202607,57,第57章  地毯及纺织材料的其他铺地制品,312,西班牙,199029.0
202607,57,第57章  地毯及纺织材料的其他铺地制品,318,芬兰,57334.0
202607,57,第57章  地毯及纺织材料的其他铺地制品,321,匈牙利,173738.0
202607,57,第57章  地毯及纺织材料的其他铺地制品,327,波兰,57443.0
202607,57,第57章  地毯及纺织材料的其他铺地制品,336,立陶宛,219.0
202607,58,第58章  特种机织物；簇绒织物；花边；装饰毯；装饰带；刺绣品,127,巴基斯坦,280895.0
202607,58,第58章  特种机织物；簇绒织物；花边；装饰毯；装饰带；刺绣品,129,菲律宾,2901955.0
202607,58,第58章  特种机织物；簇绒织物；花边；装饰毯；装饰带；刺绣品,137,土耳其,1456264.0
202607,58,第58章  特种机织物；簇绒织物；花边；装饰毯；装饰带；刺绣品,138,阿联酋,259.0
202607,58,第58章  特种机织物；簇绒织物；花边；装饰毯；装饰带；刺绣品,244,南非,196.0
202607,58,第58章  特种机织物；簇绒织物；花边；装饰毯；装饰带；刺绣品,301,比利时,2085238.0
202607,58,第58章  特种机织物；簇绒织物；花边；装饰毯；装饰带；刺绣品,305,法国,8392841.0
202607,58,第58章  特种机织物；簇绒织物；花边；装饰毯；装饰带；刺绣品,306,爱尔兰,713.0
202607,58,第58章  特种机织物；簇绒织物；花边；装饰毯；装饰带；刺绣品,307,意大利,13021148.0
202607,58,第58章  特种机织物；簇绒织物；花边；装饰毯；装饰带；刺绣品,309,荷兰,43608.0
202607,58,第58章  特种机织物；簇绒织物；花边；装饰毯；装饰带；刺绣品,310,希腊,1275328.0
202607,58,第58章  特种机织物；簇绒织物；花边；装饰毯；装饰带；刺绣品,312,西班牙,2062039.0
202607,58,第58章  特种机织物；簇绒织物；花边；装饰毯；装饰带；刺绣品,315,奥地利,1339331.0
202607,58,第58章  特种机织物；簇绒织物；花边；装饰毯；装饰带；刺绣品,316,保加利亚,36542.0
202607,58,第58章  特种机织物；簇绒织物；花边；装饰毯；装饰带；刺绣品,318,芬兰,139557.0
202607,58,第58章  特种机织物；簇绒织物；花边；装饰毯；装饰带；刺绣品,321,匈牙利,605700.0
202607,58,第58章  特种机织物；簇绒织物；花边；装饰毯；装饰带；刺绣品,326,挪威,54.0
202607,58,第58章  特种机织物；簇绒织物；花边；装饰毯；装饰带；刺绣品,327,波兰,282896.0
202607,58,第58章  特种机织物；簇绒织物；花边；装饰毯；装饰带；刺绣品,410,巴西,108936.0
202607,58,第58章  特种机织物；簇绒织物；花边；装饰毯；装饰带；刺绣品,429,墨西哥,34762.0
202607,58,第58章  特种机织物；簇绒织物；花边；装饰毯；装饰带；刺绣品,501,加拿大,1242479.0
202607,59,第59章  浸渍、涂布、包覆或层压的纺织物；工业用纺织制品,129,菲律宾,37404389.0
202607,59,第59章  浸渍、涂布、包覆或层压的纺织物；工业用纺织制品,137,土耳其,8745857.0
202607,59,第59章  浸渍、涂布、包覆或层压的纺织物；工业用纺织制品,244,南非,94171.0
202607,59,第59章  浸渍、涂布、包覆或层压的纺织物；工业用纺织制品,301,比利时,4094356.0
202607,59,第59章  浸渍、涂布、包覆或层压的纺织物；工业用纺织制品,305,法国,4391706.0
202607,59,第59章  浸渍、涂布、包覆或层压的纺织物；工业用纺织制品,306,爱尔兰,283007.0
202607,59,第59章  浸渍、涂布、包覆或层压的纺织物；工业用纺织制品,307,意大利,31687770.0
202607,59,第59章  浸渍、涂布、包覆或层压的纺织物；工业用纺织制品,309,荷兰,1214734.0
202607,59,第59章  浸渍、涂布、包覆或层压的纺织物；工业用纺织制品,310,希腊,7972.0
202607,59,第59章  浸渍、涂布、包覆或层压的纺织物；工业用纺织制品,312,西班牙,7280215.0
202607,59,第59章  浸渍、涂布、包覆或层压的纺织物；工业用纺织制品,315,奥地利,4185232.0
202607,59,第59章  浸渍、涂布、包覆或层压的纺织物；工业用纺织制品,316,保加利亚,21120.0
202607,59,第59章  浸渍、涂布、包覆或层压的纺织物；工业用纺织制品,318,芬兰,7292904.0
202607,59,第59章  浸渍、涂布、包覆或层压的纺织物；工业用纺织制品,321,匈牙利,26212.0
202607,59,第59章  浸渍、涂布、包覆或层压的纺织物；工业用纺织制品,326,挪威,119392.0
202607,59,第59章  浸渍、涂布、包覆或层压的纺织物；工业用纺织制品,327,波兰,8419202.0
202607,59,第59章  浸渍、涂布、包覆或层压的纺织物；工业用纺织制品,350,斯洛文尼亚,63330.0
202607,59,第59章  浸渍、涂布、包覆或层压的纺织物；工业用纺织制品,410,巴西,1700122.0
202607,59,第59章  浸渍、涂布、包覆或层压的纺织物；工业用纺织制品,415,哥斯达黎加,104384.0
202607,59,第59章  浸渍、涂布、包覆或层压的纺织物；工业用纺织制品,429,墨西哥,954760.0
202607,59,第59章  浸渍、涂布、包覆或层压的纺织物；工业用纺织制品,501,加拿大,1797571.0
202607,60,第60章  针织物及钩编织物,127,巴基斯坦,50941.0
202607,60,第60章  针织物及钩编织物,137,土耳其,358891.0
202607,60,第60章  针织物及钩编织物,301,比利时,186373.0
202607,60,第60章  针织物及钩编织物,305,法国,683461.0
202607,60,第60章  针织物及钩编织物,307,意大利,24969108.0
202607,60,第60章  针织物及钩编织物,309,荷兰,126201.0
202607,60,第60章  针织物及钩编织物,310,希腊,99843.0
202607,60,第60章  针织物及钩编织物,312,西班牙,326192.0
202607,60,第60章  针织物及钩编织物,315,奥地利,2055306.0
202607,60,第60章  针织物及钩编织物,316,保加利亚,29761.0
202607,60,第60章  针织物及钩编织物,321,匈牙利,162347.0
202607,60,第60章  针织物及钩编织物,327,波兰,243396.0
202607,60,第60章  针织物及钩编织物,350,斯洛文尼亚,82701.0
202607,60,第60章  针织物及钩编织物,410,巴西,1349.0
202607,60,第60章  针织物及钩编织物,429,墨西哥,57967.0
202607,60,第60章  针织物及钩编织物,501,加拿大,275787.0
202607,61,第61章  针织或钩编的服装及衣着附件,118,科威特,272.0
202607,61,第61章  针织或钩编的服装及衣着附件,124,蒙古,728349.0
202607,61,第61章  针织或钩编的服装及衣着附件,127,巴基斯坦,19095241.0
202607,61,第61章  针织或钩编的服装及衣着附件,129,菲律宾,31285891.0
202607,61,第61章  针织或钩编的服装及衣着附件,137,土耳其,70235567.0
202607,61,第61章  针织或钩编的服装及衣着附件,138,阿联酋,121411.0
202607,61,第61章  针织或钩编的服装及衣着附件,224,肯尼亚,2389107.0
202607,61,第61章  针织或钩编的服装及衣着附件,227,马达加斯加,2466966.0
202607,61,第61章  针织或钩编的服装及衣着附件,244,南非,39100.0
202607,61,第61章  针织或钩编的服装及衣着附件,301,比利时,395604.0
202607,61,第61章  针织或钩编的服装及衣着附件,305,法国,14668015.0
202607,61,第61章  针织或钩编的服装及衣着附件,306,爱尔兰,473025.0
202607,61,第61章  针织或钩编的服装及衣着附件,307,意大利,542327196.0
202607,61,第61章  针织或钩编的服装及衣着附件,309,荷兰,69175.0
202607,61,第61章  针织或钩编的服装及衣着附件,310,希腊,112771.0
202607,61,第61章  针织或钩编的服装及衣着附件,312,西班牙,1717231.0
202607,61,第61章  针织或钩编的服装及衣着附件,313,阿尔巴尼亚,2736498.0
202607,61,第61章  针织或钩编的服装及衣着附件,315,奥地利,112773.0
202607,61,第61章  针织或钩编的服装及衣着附件,316,保加利亚,8295472.0
202607,61,第61章  针织或钩编的服装及衣着附件,321,匈牙利,259505.0
202607,61,第61章  针织或钩编的服装及衣着附件,326,挪威,1063248.0
202607,61,第61章  针织或钩编的服装及衣着附件,327,波兰,226944.0
202607,61,第61章  针织或钩编的服装及衣着附件,336,立陶宛,1437814.0
202607,61,第61章  针织或钩编的服装及衣着附件,340,白俄罗斯,70.0
202607,61,第61章  针织或钩编的服装及衣着附件,350,斯洛文尼亚,984107.0
202607,61,第61章  针织或钩编的服装及衣着附件,408,玻利维亚 ,38880.0
202607,61,第61章  针织或钩编的服装及衣着附件,410,巴西,98149.0
202607,61,第61章  针织或钩编的服装及衣着附件,415,哥斯达黎加,537043.0
202607,61,第61章  针织或钩编的服装及衣着附件,429,墨西哥,1446593.0
202607,61,第61章  针织或钩编的服装及衣着附件,431,尼加拉瓜,2842507.0
202607,61,第61章  针织或钩编的服装及衣着附件,435,波多黎各,4544.0
202607,61,第61章  针织或钩编的服装及衣着附件,444,乌拉圭,38071.0
202607,61,第61章  针织或钩编的服装及衣着附件,501,加拿大,19061954.0
202607,62,第62章  非针织或非钩编的服装及衣着附件,108,塞浦路斯,2875.0
202607,62,第62章  非针织或非钩编的服装及衣着附件,118,科威特,1816.0
202607,62,第62章  非针织或非钩编的服装及衣着附件,124,蒙古,199.0
202607,62,第62章  非针织或非钩编的服装及衣着附件,127,巴基斯坦,8897193.0
202607,62,第62章  非针织或非钩编的服装及衣着附件,129,菲律宾,13279199.0
202607,62,第62章  非针织或非钩编的服装及衣着附件,137,土耳其,55409116.0
202607,62,第62章  非针织或非钩编的服装及衣着附件,138,阿联酋,427722.0
202607,62,第62章  非针织或非钩编的服装及衣着附件,224,肯尼亚,9076.0
202607,62,第62章  非针织或非钩编的服装及衣着附件,227,马达加斯加,6222037.0
202607,62,第62章  非针织或非钩编的服装及衣着附件,244,南非,13932.0
202607,62,第62章  非针织或非钩编的服装及衣着附件,255,莱索托,117199.0
202607,62,第62章  非针织或非钩编的服装及衣着附件,258,厄立特里亚,7904.0
202607,62,第62章  非针织或非钩编的服装及衣着附件,301,比利时,339235.0
202607,62,第62章  非针织或非钩编的服装及衣着附件,305,法国,172346793.0
202607,62,第62章  非针织或非钩编的服装及衣着附件,306,爱尔兰,32.0
202607,62,第62章  非针织或非钩编的服装及衣着附件,307,意大利,884134993.0
202607,62,第62章  非针织或非钩编的服装及衣着附件,309,荷兰,365099.0
202607,62,第62章  非针织或非钩编的服装及衣着附件,310,希腊,473470.0
202607,62,第62章  非针织或非钩编的服装及衣着附件,312,西班牙,14631669.0
202607,62,第62章  非针织或非钩编的服装及衣着附件,313,阿尔巴尼亚,14737039.0
202607,62,第62章  非针织或非钩编的服装及衣着附件,315,奥地利,429230.0
202607,62,第62章  非针织或非钩编的服装及衣着附件,316,保加利亚,13400096.0
202607,62,第62章  非针织或非钩编的服装及衣着附件,318,芬兰,4485.0
202607,62,第62章  非针织或非钩编的服装及衣着附件,321,匈牙利,3775858.0
202607,62,第62章  非针织或非钩编的服装及衣着附件,326,挪威,1923790.0
202607,62,第62章  非针织或非钩编的服装及衣着附件,327,波兰,7606238.0
202607,62,第62章  非针织或非钩编的服装及衣着附件,336,立陶宛,2380637.0
202607,62,第62章  非针织或非钩编的服装及衣着附件,340,白俄罗斯,5652.0
202607,62,第62章  非针织或非钩编的服装及衣着附件,350,斯洛文尼亚,14187.0
202607,62,第62章  非针织或非钩编的服装及衣着附件,404,巴哈马,1195.0
202607,62,第62章  非针织或非钩编的服装及衣着附件,410,巴西,959423.0
202607,62,第62章  非针织或非钩编的服装及衣着附件,415,哥斯达黎加,1271.0
202607,62,第62章  非针织或非钩编的服装及衣着附件,429,墨西哥,2938372.0
202607,62,第62章  非针织或非钩编的服装及衣着附件,431,尼加拉瓜,138343.0
202607,62,第62章  非针织或非钩编的服装及衣着附件,446,英属维尔京群岛,679.0
202607,62,第62章  非针织或非钩编的服装及衣着附件,501,加拿大,169020438.0
202607,63,第63章  其他纺织制成品；成套物品；旧衣着及旧纺织品；碎织物,108,塞浦路斯,165.0
202607,63,第63章  其他纺织制成品；成套物品；旧衣着及旧纺织品；碎织物,118,科威特,30.0
202607,63,第63章  其他纺织制成品；成套物品；旧衣着及旧纺织品；碎织物,127,巴基斯坦,8158222.0
202607,63,第63章  其他纺织制成品；成套物品；旧衣着及旧纺织品；碎织物,129,菲律宾,1547990.0
202607,63,第63章  其他纺织制成品；成套物品；旧衣着及旧纺织品；碎织物,137,土耳其,1177527.0
202607,63,第63章  其他纺织制成品；成套物品；旧衣着及旧纺织品；碎织物,138,阿联酋,565664.0
202607,63,第63章  其他纺织制成品；成套物品；旧衣着及旧纺织品；碎织物,227,马达加斯加,4368.0
202607,63,第63章  其他纺织制成品；成套物品；旧衣着及旧纺织品；碎织物,301,比利时,743374.0
202607,63,第63章  其他纺织制成品；成套物品；旧衣着及旧纺织品；碎织物,305,法国,15939789.0
202607,63,第63章  其他纺织制成品；成套物品；旧衣着及旧纺织品；碎织物,306,爱尔兰,1756221.0
202607,63,第63章  其他纺织制成品；成套物品；旧衣着及旧纺织品；碎织物,307,意大利,9423644.0
202607,63,第63章  其他纺织制成品；成套物品；旧衣着及旧纺织品；碎织物,309,荷兰,394310.0
202607,63,第63章  其他纺织制成品；成套物品；旧衣着及旧纺织品；碎织物,310,希腊,38453.0
202607,63,第63章  其他纺织制成品；成套物品；旧衣着及旧纺织品；碎织物,312,西班牙,1912356.0
202607,63,第63章  其他纺织制成品；成套物品；旧衣着及旧纺织品；碎织物,313,阿尔巴尼亚,416676.0
202607,63,第63章  其他纺织制成品；成套物品；旧衣着及旧纺织品；碎织物,315,奥地利,38235.0
202607,63,第63章  其他纺织制成品；成套物品；旧衣着及旧纺织品；碎织物,316,保加利亚,317264.0
202607,63,第63章  其他纺织制成品；成套物品；旧衣着及旧纺织品；碎织物,318,芬兰,109606.0
202607,63,第63章  其他纺织制成品；成套物品；旧衣着及旧纺织品；碎织物,321,匈牙利,68816.0
202607,63,第63章  其他纺织制成品；成套物品；旧衣着及旧纺织品；碎织物,326,挪威,299517.0
202607,63,第63章  其他纺织制成品；成套物品；旧衣着及旧纺织品；碎织物,327,波兰,340926.0
202607,63,第63章  其他纺织制成品；成套物品；旧衣着及旧纺织品；碎织物,336,立陶宛,75190.0
202607,63,第63章  其他纺织制成品；成套物品；旧衣着及旧纺织品；碎织物,340,白俄罗斯,157.0
202607,63,第63章  其他纺织制成品；成套物品；旧衣着及旧纺织品；碎织物,408,玻利维亚 ,6840.0
202607,63,第63章  其他纺织制成品；成套物品；旧衣着及旧纺织品；碎织物,410,巴西,20429.0
202607,63,第63章  其他纺织制成品；成套物品；旧衣着及旧纺织品；碎织物,415,哥斯达黎加,267.0
202607,63,第63章  其他纺织制成品；成套物品；旧衣着及旧纺织品；碎织物,429,墨西哥,540840.0
202607,63,第63章  其他纺织制成品；成套物品；旧衣着及旧纺织品；碎织物,501,加拿大,1195344.0
202607,64,第64章  鞋靴、护腿和类似品及其零件,109,朝鲜,5627157.0
202607,64,第64章  鞋靴、护腿和类似品及其零件,123,马尔代夫,592.0
202607,64,第64章  鞋靴、护腿和类似品及其零件,127,巴基斯坦,815012.0
202607,64,第64章  鞋靴、护腿和类似品及其零件,129,菲律宾,19906892.0
202607,64,第64章  鞋靴、护腿和类似品及其零件,137,土耳其,123667.0
202607,64,第64章  鞋靴、护腿和类似品及其零件,138,阿联酋,61329.0
202607,64,第64章  鞋靴、护腿和类似品及其零件,254,津巴布韦,10848.0
202607,64,第64章  鞋靴、护腿和类似品及其零件,301,比利时,13249.0
202607,64,第64章  鞋靴、护腿和类似品及其零件,305,法国,9150822.0
202607,64,第64章  鞋靴、护腿和类似品及其零件,307,意大利,630833936.0
202607,64,第64章  鞋靴、护腿和类似品及其零件,309,荷兰,156716.0
202607,64,第64章  鞋靴、护腿和类似品及其零件,310,希腊,168620.0
202607,64,第64章  鞋靴、护腿和类似品及其零件,312,西班牙,16945680.0
202607,64,第64章  鞋靴、护腿和类似品及其零件,313,阿尔巴尼亚,1426986.0
202607,64,第64章  鞋靴、护腿和类似品及其零件,314,安道尔,306.0
202607,64,第64章  鞋靴、护腿和类似品及其零件,315,奥地利,25892.0
202607,64,第64章  鞋靴、护腿和类似品及其零件,316,保加利亚,5778.0
202607,64,第64章  鞋靴、护腿和类似品及其零件,318,芬兰,35635.0
202607,64,第64章  鞋靴、护腿和类似品及其零件,321,匈牙利,154455.0
202607,64,第64章  鞋靴、护腿和类似品及其零件,326,挪威,2658.0
202607,64,第64章  鞋靴、护腿和类似品及其零件,327,波兰,407896.0
202607,64,第64章  鞋靴、护腿和类似品及其零件,350,斯洛文尼亚,23458.0
202607,64,第64章  鞋靴、护腿和类似品及其零件,408,玻利维亚 ,1503.0
202607,64,第64章  鞋靴、护腿和类似品及其零件,410,巴西,3322863.0
202607,64,第64章  鞋靴、护腿和类似品及其零件,427,牙买加,373.0
202607,64,第64章  鞋靴、护腿和类似品及其零件,429,墨西哥,61119.0
202607,64,第64章  鞋靴、护腿和类似品及其零件,431,尼加拉瓜,471.0
202607,64,第64章  鞋靴、护腿和类似品及其零件,435,波多黎各,36127.0
202607,64,第64章  鞋靴、护腿和类似品及其零件,444,乌拉圭,5089.0
202607,64,第64章  鞋靴、护腿和类似品及其零件,501,加拿大,3346230.0
202607,65,第65章  帽类及其零件,127,巴基斯坦,1144.0
202607,65,第65章  帽类及其零件,129,菲律宾,1755340.0
202607,65,第65章  帽类及其零件,137,土耳其,68503.0
202607,65,第65章  帽类及其零件,138,阿联酋,9852.0
202607,65,第65章  帽类及其零件,227,马达加斯加,277717.0
202607,65,第65章  帽类及其零件,244,南非,706.0
202607,65,第65章  帽类及其零件,301,比利时,26349.0
202607,65,第65章  帽类及其零件,305,法国,5111408.0
202607,65,第65章  帽类及其零件,307,意大利,29658079.0
202607,65,第65章  帽类及其零件,309,荷兰,28474.0
202607,65,第65章  帽类及其零件,310,希腊,31614.0
202607,65,第65章  帽类及其零件,312,西班牙,213827.0
202607,65,第65章  帽类及其零件,315,奥地利,15131.0
202607,65,第65章  帽类及其零件,316,保加利亚,435406.0
202607,65,第65章  帽类及其零件,327,波兰,177238.0
202607,65,第65章  帽类及其零件,336,立陶宛,62684.0
202607,65,第65章  帽类及其零件,410,巴西,113639.0
202607,65,第65章  帽类及其零件,429,墨西哥,30872.0
202607,65,第65章  帽类及其零件,501,加拿大,169636.0
202607,65,第65章  帽类及其零件,699,大洋洲其他国家(地区) ,329.0
202607,66,第66章  雨伞、阳伞、手杖、鞭子、马鞭及其零件,301,比利时,154941.0
202607,66,第66章  雨伞、阳伞、手杖、鞭子、马鞭及其零件,305,法国,7336.0
202607,66,第66章  雨伞、阳伞、手杖、鞭子、马鞭及其零件,307,意大利,542339.0
202607,66,第66章  雨伞、阳伞、手杖、鞭子、马鞭及其零件,312,西班牙,1061.0
202607,66,第66章  雨伞、阳伞、手杖、鞭子、马鞭及其零件,327,波兰,3065.0
202607,66,第66章  雨伞、阳伞、手杖、鞭子、马鞭及其零件,501,加拿大,182.0
202607,67,第67章  已加工羽毛、羽绒及其制品；人造花；人发制品,108,塞浦路斯,3405.0
202607,67,第67章  已加工羽毛、羽绒及其制品；人造花；人发制品,109,朝鲜,97043257.0
202607,67,第67章  已加工羽毛、羽绒及其制品；人造花；人发制品,127,巴基斯坦,6318.0
202607,67,第67章  已加工羽毛、羽绒及其制品；人造花；人发制品,129,菲律宾,668402.0
202607,67,第67章  已加工羽毛、羽绒及其制品；人造花；人发制品,137,土耳其,152867.0
202607,67,第67章  已加工羽毛、羽绒及其制品；人造花；人发制品,138,阿联酋,289805.0
202607,67,第67章  已加工羽毛、羽绒及其制品；人造花；人发制品,244,南非,80081.0
202607,67,第67章  已加工羽毛、羽绒及其制品；人造花；人发制品,301,比利时,2890.0
202607,67,第67章  已加工羽毛、羽绒及其制品；人造花；人发制品,305,法国,265459.0
202607,67,第67章  已加工羽毛、羽绒及其制品；人造花；人发制品,306,爱尔兰,1021.0
202607,67,第67章  已加工羽毛、羽绒及其制品；人造花；人发制品,307,意大利,691320.0
202607,67,第67章  已加工羽毛、羽绒及其制品；人造花；人发制品,309,荷兰,729884.0
202607,67,第67章  已加工羽毛、羽绒及其制品；人造花；人发制品,310,希腊,109158.0
202607,67,第67章  已加工羽毛、羽绒及其制品；人造花；人发制品,312,西班牙,4426.0
202607,67,第67章  已加工羽毛、羽绒及其制品；人造花；人发制品,321,匈牙利,38635.0
202607,67,第67章  已加工羽毛、羽绒及其制品；人造花；人发制品,327,波兰,37594.0
202607,67,第67章  已加工羽毛、羽绒及其制品；人造花；人发制品,410,巴西,4494.0
202607,67,第67章  已加工羽毛、羽绒及其制品；人造花；人发制品,429,墨西哥,275697.0
202607,67,第67章  已加工羽毛、羽绒及其制品；人造花；人发制品,501,加拿大,561398.0
202607,68,第68章  石料、石膏、水泥、石棉、云母及类似材料的制品,127,巴基斯坦,473050.0
202607,68,第68章  石料、石膏、水泥、石棉、云母及类似材料的制品,129,菲律宾,4852592.0
202607,68,第68章  石料、石膏、水泥、石棉、云母及类似材料的制品,137,土耳其,506854.0
202607,68,第68章  石料、石膏、水泥、石棉、云母及类似材料的制品,138,阿联酋,193806.0
202607,68,第68章  石料、石膏、水泥、石棉、云母及类似材料的制品,224,肯尼亚,8791.0
202607,68,第68章  石料、石膏、水泥、石棉、云母及类似材料的制品,227,马达加斯加,10500.0
202607,68,第68章  石料、石膏、水泥、石棉、云母及类似材料的制品,244,南非,38016.0
202607,68,第68章  石料、石膏、水泥、石棉、云母及类似材料的制品,254,津巴布韦,1222480.0
202607,68,第68章  石料、石膏、水泥、石棉、云母及类似材料的制品,301,比利时,350898.0
202607,68,第68章  石料、石膏、水泥、石棉、云母及类似材料的制品,305,法国,26002714.0
202607,68,第68章  石料、石膏、水泥、石棉、云母及类似材料的制品,306,爱尔兰,70834.0
202607,68,第68章  石料、石膏、水泥、石棉、云母及类似材料的制品,307,意大利,29698306.0
202607,68,第68章  石料、石膏、水泥、石棉、云母及类似材料的制品,309,荷兰,36177035.0
202607,68,第68章  石料、石膏、水泥、石棉、云母及类似材料的制品,310,希腊,428023.0
202607,68,第68章  石料、石膏、水泥、石棉、云母及类似材料的制品,312,西班牙,4646291.0
202607,68,第68章  石料、石膏、水泥、石棉、云母及类似材料的制品,315,奥地利,20391434.0
202607,68,第68章  石料、石膏、水泥、石棉、云母及类似材料的制品,316,保加利亚,150823.0
202607,68,第68章  石料、石膏、水泥、石棉、云母及类似材料的制品,318,芬兰,4339930.0
202607,68,第68章  石料、石膏、水泥、石棉、云母及类似材料的制品,321,匈牙利,1584939.0
202607,68,第68章  石料、石膏、水泥、石棉、云母及类似材料的制品,326,挪威,356455.0
202607,68,第68章  石料、石膏、水泥、石棉、云母及类似材料的制品,327,波兰,2588235.0
202607,68,第68章  石料、石膏、水泥、石棉、云母及类似材料的制品,336,立陶宛,25107.0
202607,68,第68章  石料、石膏、水泥、石棉、云母及类似材料的制品,340,白俄罗斯,1512.0
202607,68,第68章  石料、石膏、水泥、石棉、云母及类似材料的制品,350,斯洛文尼亚,395460.0
202607,68,第68章  石料、石膏、水泥、石棉、云母及类似材料的制品,410,巴西,3656004.0
202607,68,第68章  石料、石膏、水泥、石棉、云母及类似材料的制品,429,墨西哥,5828867.0
202607,68,第68章  石料、石膏、水泥、石棉、云母及类似材料的制品,501,加拿大,823775.0
202607,69,第69章  陶瓷产品,109,朝鲜,27919.0
202607,69,第69章  陶瓷产品,129,菲律宾,13422469.0
202607,69,第69章  陶瓷产品,137,土耳其,815873.0
202607,69,第69章  陶瓷产品,138,阿联酋,2820.0
202607,69,第69章  陶瓷产品,301,比利时,2985930.0
202607,69,第69章  陶瓷产品,305,法国,25082436.0
202607,69,第69章  陶瓷产品,306,爱尔兰,65656.0
202607,69,第69章  陶瓷产品,307,意大利,18889490.0
202607,69,第69章  陶瓷产品,309,荷兰,3466682.0
202607,69,第69章  陶瓷产品,312,西班牙,12528587.0
202607,69,第69章  陶瓷产品,315,奥地利,6433371.0
202607,69,第69章  陶瓷产品,316,保加利亚,103997.0
202607,69,第69章  陶瓷产品,318,芬兰,146185.0
202607,69,第69章  陶瓷产品,321,匈牙利,954201.0
202607,69,第69章  陶瓷产品,326,挪威,147711.0
202607,69,第69章  陶瓷产品,327,波兰,33368386.0
202607,69,第69章  陶瓷产品,350,斯洛文尼亚,624.0
202607,69,第69章  陶瓷产品,410,巴西,254857.0
202607,69,第69章  陶瓷产品,429,墨西哥,1743939.0
202607,69,第69章  陶瓷产品,501,加拿大,224585.0
202607,70,第70章  玻璃及其制品,109,朝鲜,101070.0
202607,70,第70章  玻璃及其制品,129,菲律宾,335364.0
202607,70,第70章  玻璃及其制品,137,土耳其,1322071.0
202607,70,第70章  玻璃及其制品,138,阿联酋,779209.0
202607,70,第70章  玻璃及其制品,220,加纳,154213.0
202607,70,第70章  玻璃及其制品,244,南非,20965.0
202607,70,第70章  玻璃及其制品,301,比利时,8281741.0
202607,70,第70章  玻璃及其制品,305,法国,48037441.0
202607,70,第70章  玻璃及其制品,306,爱尔兰,1167318.0
202607,70,第70章  玻璃及其制品,307,意大利,15742404.0
202607,70,第70章  玻璃及其制品,309,荷兰,2202999.0
202607,70,第70章  玻璃及其制品,310,希腊,4438.0
202607,70,第70章  玻璃及其制品,312,西班牙,31426543.0
202607,70,第70章  玻璃及其制品,315,奥地利,12299092.0
202607,70,第70章  玻璃及其制品,316,保加利亚,105385.0
202607,70,第70章  玻璃及其制品,318,芬兰,1551370.0
202607,70,第70章  玻璃及其制品,321,匈牙利,44135732.0
202607,70,第70章  玻璃及其制品,326,挪威,14973.0
202607,70,第70章  玻璃及其制品,327,波兰,8179150.0
202607,70,第70章  玻璃及其制品,336,立陶宛,93112.0
202607,70,第70章  玻璃及其制品,340,白俄罗斯,13584.0
202607,70,第70章  玻璃及其制品,350,斯洛文尼亚,998825.0
202607,70,第70章  玻璃及其制品,410,巴西,237188.0
202607,70,第70章  玻璃及其制品,415,哥斯达黎加,3148482.0
202607,70,第70章  玻璃及其制品,429,墨西哥,5052581.0
202607,70,第70章  玻璃及其制品,501,加拿大,1894854.0
202607,71,第71章  天然或养殖珍珠、宝石或半宝石、贵金属、包贵金属及其制品；仿首饰；硬币,109,朝鲜,1385813.0
202607,71,第71章  天然或养殖珍珠、宝石或半宝石、贵金属、包贵金属及其制品；仿首饰；硬币,127,巴基斯坦,1701732.0
202607,71,第71章  天然或养殖珍珠、宝石或半宝石、贵金属、包贵金属及其制品；仿首饰；硬币,129,菲律宾,3626028.0
202607,71,第71章  天然或养殖珍珠、宝石或半宝石、贵金属、包贵金属及其制品；仿首饰；硬币,137,土耳其,7807823.0
202607,71,第71章  天然或养殖珍珠、宝石或半宝石、贵金属、包贵金属及其制品；仿首饰；硬币,138,阿联酋,763413070.0
202607,71,第71章  天然或养殖珍珠、宝石或半宝石、贵金属、包贵金属及其制品；仿首饰；硬币,147,塔吉克斯坦,7434383.0
202607,71,第71章  天然或养殖珍珠、宝石或半宝石、贵金属、包贵金属及其制品；仿首饰；硬币,213,刚果共和国,4372.0
202607,71,第71章  天然或养殖珍珠、宝石或半宝石、贵金属、包贵金属及其制品；仿首饰；硬币,220,加纳,869.0
202607,71,第71章  天然或养殖珍珠、宝石或半宝石、贵金属、包贵金属及其制品；仿首饰；硬币,224,肯尼亚,474325.0
202607,71,第71章  天然或养殖珍珠、宝石或半宝石、贵金属、包贵金属及其制品；仿首饰；硬币,227,马达加斯加,3540446.0
202607,71,第71章  天然或养殖珍珠、宝石或半宝石、贵金属、包贵金属及其制品；仿首饰；硬币,233,莫桑比克,4711553.0
202607,71,第71章  天然或养殖珍珠、宝石或半宝石、贵金属、包贵金属及其制品；仿首饰；硬币,235,尼日尔,5888.0
202607,71,第71章  天然或养殖珍珠、宝石或半宝石、贵金属、包贵金属及其制品；仿首饰；硬币,244,南非,13975375728.0
202607,71,第71章  天然或养殖珍珠、宝石或半宝石、贵金属、包贵金属及其制品；仿首饰；硬币,250,乌干达,3813376.0
202607,71,第71章  天然或养殖珍珠、宝石或半宝石、贵金属、包贵金属及其制品；仿首饰；硬币,252,刚果民主共和国,14437.0
202607,71,第71章  天然或养殖珍珠、宝石或半宝石、贵金属、包贵金属及其制品；仿首饰；硬币,254,津巴布韦,39313.0
202607,71,第71章  天然或养殖珍珠、宝石或半宝石、贵金属、包贵金属及其制品；仿首饰；硬币,301,比利时,358272542.0
202607,71,第71章  天然或养殖珍珠、宝石或半宝石、贵金属、包贵金属及其制品；仿首饰；硬币,305,法国,952065224.0
202607,71,第71章  天然或养殖珍珠、宝石或半宝石、贵金属、包贵金属及其制品；仿首饰；硬币,306,爱尔兰,4266452.0
202607,71,第71章  天然或养殖珍珠、宝石或半宝石、贵金属、包贵金属及其制品；仿首饰；硬币,307,意大利,582686548.0
202607,71,第71章  天然或养殖珍珠、宝石或半宝石、贵金属、包贵金属及其制品；仿首饰；硬币,309,荷兰,2626361.0
202607,71,第71章  天然或养殖珍珠、宝石或半宝石、贵金属、包贵金属及其制品；仿首饰；硬币,310,希腊,408419.0
202607,71,第71章  天然或养殖珍珠、宝石或半宝石、贵金属、包贵金属及其制品；仿首饰；硬币,312,西班牙,8138266.0
202607,71,第71章  天然或养殖珍珠、宝石或半宝石、贵金属、包贵金属及其制品；仿首饰；硬币,315,奥地利,15722906.0
202607,71,第71章  天然或养殖珍珠、宝石或半宝石、贵金属、包贵金属及其制品；仿首饰；硬币,316,保加利亚,49123.0
202607,71,第71章  天然或养殖珍珠、宝石或半宝石、贵金属、包贵金属及其制品；仿首饰；硬币,321,匈牙利,1129893.0
202607,71,第71章  天然或养殖珍珠、宝石或半宝石、贵金属、包贵金属及其制品；仿首饰；硬币,326,挪威,6451.0
202607,71,第71章  天然或养殖珍珠、宝石或半宝石、贵金属、包贵金属及其制品；仿首饰；硬币,327,波兰,1016257.0
202607,71,第71章  天然或养殖珍珠、宝石或半宝石、贵金属、包贵金属及其制品；仿首饰；硬币,336,立陶宛,569434.0
202607,71,第71章  天然或养殖珍珠、宝石或半宝石、贵金属、包贵金属及其制品；仿首饰；硬币,408,玻利维亚 ,1183521.0
202607,71,第71章  天然或养殖珍珠、宝石或半宝石、贵金属、包贵金属及其制品；仿首饰；硬币,410,巴西,11657518.0
202607,71,第71章  天然或养殖珍珠、宝石或半宝石、贵金属、包贵金属及其制品；仿首饰；硬币,415,哥斯达黎加,234385.0
202607,71,第71章  天然或养殖珍珠、宝石或半宝石、贵金属、包贵金属及其制品；仿首饰；硬币,429,墨西哥,1694486.0
202607,71,第71章  天然或养殖珍珠、宝石或半宝石、贵金属、包贵金属及其制品；仿首饰；硬币,444,乌拉圭,7239222.0
202607,71,第71章  天然或养殖珍珠、宝石或半宝石、贵金属、包贵金属及其制品；仿首饰；硬币,501,加拿大,11002720411.0
202607,72,第72章  钢铁,109,朝鲜,10596437.0
202607,72,第72章  钢铁,127,巴基斯坦,2044379.0
202607,72,第72章  钢铁,129,菲律宾,5951645.0
202607,72,第72章  钢铁,137,土耳其,2931790.0
202607,72,第72章  钢铁,138,阿联酋,63768.0
202607,72,第72章  钢铁,213,刚果共和国,242602.0
202607,72,第72章  钢铁,244,南非,924623.0
202607,72,第72章  钢铁,254,津巴布韦,173779627.0
202607,72,第72章  钢铁,301,比利时,23986117.0
202607,72,第72章  钢铁,305,法国,51201969.0
202607,72,第72章  钢铁,306,爱尔兰,3319173.0
202607,72,第72章  钢铁,307,意大利,37772775.0
202607,72,第72章  钢铁,309,荷兰,5854846.0
202607,72,第72章  钢铁,312,西班牙,1945678.0
202607,72,第72章  钢铁,313,阿尔巴尼亚,4709.0
202607,72,第72章  钢铁,315,奥地利,62568641.0
202607,72,第72章  钢铁,316,保加利亚,21337.0
202607,72,第72章  钢铁,318,芬兰,14606093.0
202607,72,第72章  钢铁,321,匈牙利,69560.0
202607,72,第72章  钢铁,326,挪威,3851772.0
202607,72,第72章  钢铁,327,波兰,482481.0
202607,72,第72章  钢铁,336,立陶宛,895.0
202607,72,第72章  钢铁,350,斯洛文尼亚,2716936.0
202607,72,第72章  钢铁,410,巴西,956306647.0
202607,72,第72章  钢铁,415,哥斯达黎加,1936.0
202607,72,第72章  钢铁,429,墨西哥,1680874.0
202607,72,第72章  钢铁,501,加拿大,87301384.0
202607,73,第73章  钢铁制品,108,塞浦路斯,13303.0
202607,73,第73章  钢铁制品,127,巴基斯坦,282230.0
202607,73,第73章  钢铁制品,129,菲律宾,11198785.0
202607,73,第73章  钢铁制品,137,土耳其,22967099.0
202607,73,第73章  钢铁制品,138,阿联酋,4781718.0
202607,73,第73章  钢铁制品,244,南非,21604828.0
202607,73,第73章  钢铁制品,250,乌干达,959.0
202607,73,第73章  钢铁制品,301,比利时,12159405.0
202607,73,第73章  钢铁制品,305,法国,248806409.0
202607,73,第73章  钢铁制品,306,爱尔兰,2724890.0
202607,73,第73章  钢铁制品,307,意大利,231738908.0
202607,73,第73章  钢铁制品,309,荷兰,43930848.0
202607,73,第73章  钢铁制品,310,希腊,1160464.0
202607,73,第73章  钢铁制品,312,西班牙,63933835.0
202607,73,第73章  钢铁制品,314,安道尔,5773.0
202607,73,第73章  钢铁制品,315,奥地利,169306312.0
202607,73,第73章  钢铁制品,316,保加利亚,797141.0
202607,73,第73章  钢铁制品,318,芬兰,15107628.0
202607,73,第73章  钢铁制品,321,匈牙利,24291405.0
202607,73,第73章  钢铁制品,326,挪威,36791785.0
202607,73,第73章  钢铁制品,327,波兰,25817547.0
202607,73,第73章  钢铁制品,336,立陶宛,598875.0
202607,73,第73章  钢铁制品,340,白俄罗斯,39217.0
202607,73,第73章  钢铁制品,350,斯洛文尼亚,3756651.0
202607,73,第73章  钢铁制品,410,巴西,3351648.0
202607,73,第73章  钢铁制品,415,哥斯达黎加,1485928.0
202607,73,第73章  钢铁制品,429,墨西哥,23468560.0
202607,73,第73章  钢铁制品,501,加拿大,103849376.0
202607,73,第73章  钢铁制品,699,大洋洲其他国家(地区) ,988.0
202607,74,第74章  铜及其制品,108,塞浦路斯,6943469.0
202607,74,第74章  铜及其制品,124,蒙古,128869306.0
202607,74,第74章  铜及其制品,127,巴基斯坦,803061635.0
202607,74,第74章  铜及其制品,129,菲律宾,440937269.0
202607,74,第74章  铜及其制品,137,土耳其,307363663.0
202607,74,第74章  铜及其制品,138,阿联酋,480050883.0
202607,74,第74章  铜及其制品,147,塔吉克斯坦,46774624.0
202607,74,第74章  铜及其制品,213,刚果共和国,732073.0
202607,74,第74章  铜及其制品,220,加纳,25480789.0
202607,74,第74章  铜及其制品,224,肯尼亚,56960012.0
202607,74,第74章  铜及其制品,233,莫桑比克,1501212.0
202607,74,第74章  铜及其制品,244,南非,933413939.0
202607,74,第74章  铜及其制品,252,刚果民主共和国,11471045533.0
202607,74,第74章  铜及其制品,301,比利时,87418230.0
202607,74,第74章  铜及其制品,305,法国,273905387.0
202607,74,第74章  铜及其制品,306,爱尔兰,2852656.0
202607,74,第74章  铜及其制品,307,意大利,558679827.0
202607,74,第74章  铜及其制品,309,荷兰,381469566.0
202607,74,第74章  铜及其制品,310,希腊,31733424.0
202607,74,第74章  铜及其制品,312,西班牙,1178866066.0
202607,74,第74章  铜及其制品,315,奥地利,9062331.0
202607,74,第74章  铜及其制品,316,保加利亚,9674572.0
202607,74,第74章  铜及其制品,318,芬兰,80640763.0
202607,74,第74章  铜及其制品,321,匈牙利,29063023.0
202607,74,第74章  铜及其制品,326,挪威,24541801.0
202607,74,第74章  铜及其制品,327,波兰,490354938.0
202607,74,第74章  铜及其制品,336,立陶宛,8965580.0
202607,74,第74章  铜及其制品,350,斯洛文尼亚,515779.0
202607,74,第74章  铜及其制品,408,玻利维亚 ,71001866.0
202607,74,第74章  铜及其制品,410,巴西,123479430.0
202607,74,第74章  铜及其制品,415,哥斯达黎加,381.0
202607,74,第74章  铜及其制品,429,墨西哥,486228422.0
202607,74,第74章  铜及其制品,431,尼加拉瓜,1789094.0
202607,74,第74章  铜及其制品,435,波多黎各,30967373.0
202607,74,第74章  铜及其制品,442,特立尼达和多巴哥,32037025.0
202607,74,第74章  铜及其制品,444,乌拉圭,9366795.0
202607,74,第74章  铜及其制品,501,加拿大,827106686.0
202607,75,第75章  镍及其制品,137,土耳其,1037944.0
202607,75,第75章  镍及其制品,138,阿联酋,549642.0
202607,75,第75章  镍及其制品,244,南非,253000858.0
202607,75,第75章  镍及其制品,301,比利时,9496696.0
202607,75,第75章  镍及其制品,305,法国,31041266.0
202607,75,第75章  镍及其制品,306,爱尔兰,116614.0
202607,75,第75章  镍及其制品,307,意大利,24580703.0
202607,75,第75章  镍及其制品,309,荷兰,1730525.0
202607,75,第75章  镍及其制品,312,西班牙,1466359.0
202607,75,第75章  镍及其制品,314,安道尔,19576.0
202607,75,第75章  镍及其制品,315,奥地利,26147956.0
202607,75,第75章  镍及其制品,318,芬兰,219535503.0
202607,75,第75章  镍及其制品,321,匈牙利,85618.0
202607,75,第75章  镍及其制品,326,挪威,172727977.0
202607,75,第75章  镍及其制品,327,波兰,134402.0
202607,75,第75章  镍及其制品,415,哥斯达黎加,250017.0
202607,75,第75章  镍及其制品,429,墨西哥,22453171.0
202607,75,第75章  镍及其制品,501,加拿大,71776285.0
202607,76,第76章  铝及其制品,108,塞浦路斯,284.0
202607,76,第76章  铝及其制品,118,科威特,3746.0
202607,76,第76章  铝及其制品,124,蒙古,13292177.0
202607,76,第76章  铝及其制品,127,巴基斯坦,3542331.0
202607,76,第76章  铝及其制品,129,菲律宾,28305361.0
202607,76,第76章  铝及其制品,137,土耳其,4317816.0
202607,76,第76章  铝及其制品,138,阿联酋,11530092.0
202607,76,第76章  铝及其制品,147,塔吉克斯坦,1861689.0
202607,76,第76章  铝及其制品,220,加纳,568471.0
202607,76,第76章  铝及其制品,224,肯尼亚,1122258.0
202607,76,第76章  铝及其制品,227,马达加斯加,17119.0
202607,76,第76章  铝及其制品,233,莫桑比克,464902.0
202607,76,第76章  铝及其制品,244,南非,47575873.0
202607,76,第76章  铝及其制品,250,乌干达,2853531.0
202607,76,第76章  铝及其制品,252,刚果民主共和国,1041562.0
202607,76,第76章  铝及其制品,301,比利时,91921678.0
202607,76,第76章  铝及其制品,305,法国,133021963.0
202607,76,第76章  铝及其制品,306,爱尔兰,5885742.0
202607,76,第76章  铝及其制品,307,意大利,66152237.0
202607,76,第76章  铝及其制品,309,荷兰,44663657.0
202607,76,第76章  铝及其制品,310,希腊,3711075.0
202607,76,第76章  铝及其制品,312,西班牙,120983018.0
202607,76,第76章  铝及其制品,313,阿尔巴尼亚,7432.0
202607,76,第76章  铝及其制品,315,奥地利,30918593.0
202607,76,第76章  铝及其制品,316,保加利亚,3613302.0
202607,76,第76章  铝及其制品,318,芬兰,24594363.0
202607,76,第76章  铝及其制品,321,匈牙利,1668247.0
202607,76,第76章  铝及其制品,326,挪威,4776710.0
202607,76,第76章  铝及其制品,327,波兰,13972679.0
202607,76,第76章  铝及其制品,336,立陶宛,76670.0
202607,76,第76章  铝及其制品,340,白俄罗斯,5862.0
202607,76,第76章  铝及其制品,350,斯洛文尼亚,772105.0
202607,76,第76章  铝及其制品,408,玻利维亚 ,1335906.0
202607,76,第76章  铝及其制品,410,巴西,6192981.0
202607,76,第76章  铝及其制品,415,哥斯达黎加,952089.0
202607,76,第76章  铝及其制品,429,墨西哥,39121610.0
202607,76,第76章  铝及其制品,435,波多黎各,348145.0
202607,76,第76章  铝及其制品,442,特立尼达和多巴哥,380288.0
202607,76,第76章  铝及其制品,444,乌拉圭,423453.0
202607,76,第76章  铝及其制品,501,加拿大,172949741.0
202607,78,第78章  铅及其制品,124,蒙古,13027632.0
202607,78,第78章  铅及其制品,127,巴基斯坦,5259577.0
202607,78,第78章  铅及其制品,129,菲律宾,27172540.0
202607,78,第78章  铅及其制品,137,土耳其,103.0
202607,78,第78章  铅及其制品,147,塔吉克斯坦,1139577.0
202607,78,第78章  铅及其制品,224,肯尼亚,119168.0
202607,78,第78章  铅及其制品,244,南非,422422.0
202607,78,第78章  铅及其制品,301,比利时,37736.0
202607,78,第78章  铅及其制品,305,法国,9902.0
202607,78,第78章  铅及其制品,309,荷兰,102560.0
202607,78,第78章  铅及其制品,310,希腊,777.0
202607,78,第78章  铅及其制品,327,波兰,1705927.0
202607,78,第78章  铅及其制品,429,墨西哥,9193013.0
202607,79,第79章  锌及其制品,129,菲律宾,431649.0
202607,79,第79章  锌及其制品,137,土耳其,1514.0
202607,79,第79章  锌及其制品,138,阿联酋,7649.0
202607,79,第79章  锌及其制品,301,比利时,11432.0
202607,79,第79章  锌及其制品,305,法国,1149950.0
202607,79,第79章  锌及其制品,307,意大利,374304.0
202607,79,第79章  锌及其制品,309,荷兰,47410.0
202607,79,第79章  锌及其制品,310,希腊,10601.0
202607,79,第79章  锌及其制品,312,西班牙,132167.0
202607,79,第79章  锌及其制品,315,奥地利,2676807.0
202607,79,第79章  锌及其制品,316,保加利亚,231559.0
202607,79,第79章  锌及其制品,321,匈牙利,158582.0
202607,79,第79章  锌及其制品,326,挪威,38539.0
202607,79,第79章  锌及其制品,327,波兰,46129.0
202607,79,第79章  锌及其制品,350,斯洛文尼亚,28897.0
202607,79,第79章  锌及其制品,429,墨西哥,4727522.0
202607,79,第79章  锌及其制品,501,加拿大,20666.0
202607,80,第80章  锡及其制品,127,巴基斯坦,603097.0
202607,80,第80章  锡及其制品,129,菲律宾,4474805.0
202607,80,第80章  锡及其制品,137,土耳其,57266.0
202607,80,第80章  锡及其制品,305,法国,33237.0
202607,80,第80章  锡及其制品,307,意大利,6930.0
202607,80,第80章  锡及其制品,309,荷兰,36113.0
202607,80,第80章  锡及其制品,312,西班牙,321012.0
202607,80,第80章  锡及其制品,429,墨西哥,215432.0
202607,80,第80章  锡及其制品,501,加拿大,135206.0
202607,81,第81章  其他贱金属、金属陶瓷及其制品,127,巴基斯坦,1914179.0
202607,81,第81章  其他贱金属、金属陶瓷及其制品,129,菲律宾,19153.0
202607,81,第81章  其他贱金属、金属陶瓷及其制品,137,土耳其,14043823.0
202607,81,第81章  其他贱金属、金属陶瓷及其制品,244,南非,6238844.0
202607,81,第81章  其他贱金属、金属陶瓷及其制品,252,刚果民主共和国,1953611949.0
202607,81,第81章  其他贱金属、金属陶瓷及其制品,301,比利时,2072620.0
202607,81,第81章  其他贱金属、金属陶瓷及其制品,305,法国,65971071.0
202607,81,第81章  其他贱金属、金属陶瓷及其制品,306,爱尔兰,2921159.0
202607,81,第81章  其他贱金属、金属陶瓷及其制品,307,意大利,932852.0
202607,81,第81章  其他贱金属、金属陶瓷及其制品,309,荷兰,2856014.0
202607,81,第81章  其他贱金属、金属陶瓷及其制品,312,西班牙,15152992.0
202607,81,第81章  其他贱金属、金属陶瓷及其制品,314,安道尔,3900.0
202607,81,第81章  其他贱金属、金属陶瓷及其制品,315,奥地利,8731108.0
202607,81,第81章  其他贱金属、金属陶瓷及其制品,318,芬兰,11871933.0
202607,81,第81章  其他贱金属、金属陶瓷及其制品,321,匈牙利,41293.0
202607,81,第81章  其他贱金属、金属陶瓷及其制品,326,挪威,358228.0
202607,81,第81章  其他贱金属、金属陶瓷及其制品,327,波兰,7512559.0
202607,81,第81章  其他贱金属、金属陶瓷及其制品,410,巴西,24106211.0
202607,81,第81章  其他贱金属、金属陶瓷及其制品,415,哥斯达黎加,1119191.0
202607,81,第81章  其他贱金属、金属陶瓷及其制品,429,墨西哥,2611774.0
202607,81,第81章  其他贱金属、金属陶瓷及其制品,501,加拿大,53212723.0
202607,82,第82章  贱金属工具、器具、利口器、餐匙、餐叉及其零件,127,巴基斯坦,4532964.0
202607,82,第82章  贱金属工具、器具、利口器、餐匙、餐叉及其零件,129,菲律宾,442274.0
202607,82,第82章  贱金属工具、器具、利口器、餐匙、餐叉及其零件,137,土耳其,903020.0
202607,82,第82章  贱金属工具、器具、利口器、餐匙、餐叉及其零件,138,阿联酋,4349.0
202607,82,第82章  贱金属工具、器具、利口器、餐匙、餐叉及其零件,244,南非,63644.0
202607,82,第82章  贱金属工具、器具、利口器、餐匙、餐叉及其零件,301,比利时,1559681.0
202607,82,第82章  贱金属工具、器具、利口器、餐匙、餐叉及其零件,305,法国,19019453.0
202607,82,第82章  贱金属工具、器具、利口器、餐匙、餐叉及其零件,306,爱尔兰,3140309.0
202607,82,第82章  贱金属工具、器具、利口器、餐匙、餐叉及其零件,307,意大利,22427069.0
202607,82,第82章  贱金属工具、器具、利口器、餐匙、餐叉及其零件,309,荷兰,6805459.0
202607,82,第82章  贱金属工具、器具、利口器、餐匙、餐叉及其零件,310,希腊,775541.0
202607,82,第82章  贱金属工具、器具、利口器、餐匙、餐叉及其零件,312,西班牙,7817315.0
202607,82,第82章  贱金属工具、器具、利口器、餐匙、餐叉及其零件,315,奥地利,14528816.0
202607,82,第82章  贱金属工具、器具、利口器、餐匙、餐叉及其零件,316,保加利亚,259820.0
202607,82,第82章  贱金属工具、器具、利口器、餐匙、餐叉及其零件,318,芬兰,1502793.0
202607,82,第82章  贱金属工具、器具、利口器、餐匙、餐叉及其零件,321,匈牙利,2043196.0
202607,82,第82章  贱金属工具、器具、利口器、餐匙、餐叉及其零件,326,挪威,115697.0
202607,82,第82章  贱金属工具、器具、利口器、餐匙、餐叉及其零件,327,波兰,8702240.0
202607,82,第82章  贱金属工具、器具、利口器、餐匙、餐叉及其零件,340,白俄罗斯,840384.0
202607,82,第82章  贱金属工具、器具、利口器、餐匙、餐叉及其零件,350,斯洛文尼亚,580746.0
202607,82,第82章  贱金属工具、器具、利口器、餐匙、餐叉及其零件,410,巴西,3872750.0
202607,82,第82章  贱金属工具、器具、利口器、餐匙、餐叉及其零件,429,墨西哥,3128809.0
202607,82,第82章  贱金属工具、器具、利口器、餐匙、餐叉及其零件,501,加拿大,2527458.0
202607,83,第83章  贱金属杂项制品,109,朝鲜,53947.0
202607,83,第83章  贱金属杂项制品,127,巴基斯坦,1647.0
202607,83,第83章  贱金属杂项制品,129,菲律宾,13632223.0
202607,83,第83章  贱金属杂项制品,137,土耳其,1824919.0
202607,83,第83章  贱金属杂项制品,138,阿联酋,253955.0
202607,83,第83章  贱金属杂项制品,244,南非,335288.0
202607,83,第83章  贱金属杂项制品,301,比利时,6410774.0
202607,83,第83章  贱金属杂项制品,305,法国,18131001.0
202607,83,第83章  贱金属杂项制品,306,爱尔兰,1104953.0
202607,83,第83章  贱金属杂项制品,307,意大利,37112723.0
202607,83,第83章  贱金属杂项制品,309,荷兰,6119320.0
202607,83,第83章  贱金属杂项制品,310,希腊,61824.0
202607,83,第83章  贱金属杂项制品,312,西班牙,14214862.0
202607,83,第83章  贱金属杂项制品,315,奥地利,80553371.0
202607,83,第83章  贱金属杂项制品,316,保加利亚,2289371.0
202607,83,第83章  贱金属杂项制品,318,芬兰,1228810.0
202607,83,第83章  贱金属杂项制品,321,匈牙利,4225982.0
202607,83,第83章  贱金属杂项制品,326,挪威,975107.0
202607,83,第83章  贱金属杂项制品,327,波兰,7297250.0
202607,83,第83章  贱金属杂项制品,336,立陶宛,22275.0
202607,83,第83章  贱金属杂项制品,340,白俄罗斯,3415.0
202607,83,第83章  贱金属杂项制品,350,斯洛文尼亚,1910979.0
202607,83,第83章  贱金属杂项制品,410,巴西,590335.0
202607,83,第83章  贱金属杂项制品,415,哥斯达黎加,5764.0
202607,83,第83章  贱金属杂项制品,429,墨西哥,17914471.0
202607,83,第83章  贱金属杂项制品,501,加拿大,16951708.0
202607,84,第84章  核反应堆、锅炉、机器、机械器具及零件,108,塞浦路斯,6522768.0
202607,84,第84章  核反应堆、锅炉、机器、机械器具及零件,118,科威特,38893.0
202607,84,第84章  核反应堆、锅炉、机器、机械器具及零件,124,蒙古,126954.0
202607,84,第84章  核反应堆、锅炉、机器、机械器具及零件,127,巴基斯坦,357501.0
202607,84,第84章  核反应堆、锅炉、机器、机械器具及零件,129,菲律宾,10519593676.0
202607,84,第84章  核反应堆、锅炉、机器、机械器具及零件,137,土耳其,237932799.0
202607,84,第84章  核反应堆、锅炉、机器、机械器具及零件,138,阿联酋,18532977.0
202607,84,第84章  核反应堆、锅炉、机器、机械器具及零件,227,马达加斯加,6605.0
202607,84,第84章  核反应堆、锅炉、机器、机械器具及零件,235,尼日尔,997.0
202607,84,第84章  核反应堆、锅炉、机器、机械器具及零件,244,南非,34112594.0
202607,84,第84章  核反应堆、锅炉、机器、机械器具及零件,250,乌干达,477351.0
202607,84,第84章  核反应堆、锅炉、机器、机械器具及零件,301,比利时,207296167.0
202607,84,第84章  核反应堆、锅炉、机器、机械器具及零件,305,法国,6031939780.0
202607,84,第84章  核反应堆、锅炉、机器、机械器具及零件,306,爱尔兰,133532775.0
202607,84,第84章  核反应堆、锅炉、机器、机械器具及零件,307,意大利,2530340080.0
202607,84,第84章  核反应堆、锅炉、机器、机械器具及零件,309,荷兰,6357830318.0
202607,84,第84章  核反应堆、锅炉、机器、机械器具及零件,310,希腊,31116307.0
202607,84,第84章  核反应堆、锅炉、机器、机械器具及零件,312,西班牙,320045004.0
202607,84,第84章  核反应堆、锅炉、机器、机械器具及零件,313,阿尔巴尼亚,268724.0
202607,84,第84章  核反应堆、锅炉、机器、机械器具及零件,314,安道尔,1443.0
202607,84,第84章  核反应堆、锅炉、机器、机械器具及零件,315,奥地利,1687616943.0
202607,84,第84章  核反应堆、锅炉、机器、机械器具及零件,316,保加利亚,26780549.0
202607,84,第84章  核反应堆、锅炉、机器、机械器具及零件,318,芬兰,515676124.0
202607,84,第84章  核反应堆、锅炉、机器、机械器具及零件,321,匈牙利,361189463.0
202607,84,第84章  核反应堆、锅炉、机器、机械器具及零件,326,挪威,482649034.0
202607,84,第84章  核反应堆、锅炉、机器、机械器具及零件,327,波兰,516632956.0
202607,84,第84章  核反应堆、锅炉、机器、机械器具及零件,336,立陶宛,8233890.0
202607,84,第84章  核反应堆、锅炉、机器、机械器具及零件,340,白俄罗斯,108680.0
202607,84,第84章  核反应堆、锅炉、机器、机械器具及零件,350,斯洛文尼亚,40992685.0
202607,84,第84章  核反应堆、锅炉、机器、机械器具及零件,359,黑山,358032.0
202607,84,第84章  核反应堆、锅炉、机器、机械器具及零件,404,巴哈马,139596.0
202607,84,第84章  核反应堆、锅炉、机器、机械器具及零件,410,巴西,164149376.0
202607,84,第84章  核反应堆、锅炉、机器、机械器具及零件,415,哥斯达黎加,51300.0
202607,84,第84章  核反应堆、锅炉、机器、机械器具及零件,429,墨西哥,2151237310.0
202607,84,第84章  核反应堆、锅炉、机器、机械器具及零件,431,尼加拉瓜,1764.0
202607,84,第84章  核反应堆、锅炉、机器、机械器具及零件,435,波多黎各,5586934.0
202607,84,第84章  核反应堆、锅炉、机器、机械器具及零件,444,乌拉圭,5146.0
202607,84,第84章  核反应堆、锅炉、机器、机械器具及零件,501,加拿大,321251993.0
202607,84,第84章  核反应堆、锅炉、机器、机械器具及零件,621,马绍尔群岛,47668.0
202607,85,第85章  电机、电气设备及其零件；录音机及放声机、电视图像、声音的录制和重放设备及其零件、附件,108,塞浦路斯,312560.0
202607,85,第85章  电机、电气设备及其零件；录音机及放声机、电视图像、声音的录制和重放设备及其零件、附件,118,科威特,5808.0
202607,85,第85章  电机、电气设备及其零件；录音机及放声机、电视图像、声音的录制和重放设备及其零件、附件,123,马尔代夫,2973.0
202607,85,第85章  电机、电气设备及其零件；录音机及放声机、电视图像、声音的录制和重放设备及其零件、附件,127,巴基斯坦,68764.0
202607,85,第85章  电机、电气设备及其零件；录音机及放声机、电视图像、声音的录制和重放设备及其零件、附件,129,菲律宾,2829498061.0
202607,85,第85章  电机、电气设备及其零件；录音机及放声机、电视图像、声音的录制和重放设备及其零件、附件,137,土耳其,62301006.0
202607,85,第85章  电机、电气设备及其零件；录音机及放声机、电视图像、声音的录制和重放设备及其零件、附件,138,阿联酋,22207471.0
202607,85,第85章  电机、电气设备及其零件；录音机及放声机、电视图像、声音的录制和重放设备及其零件、附件,220,加纳,23709.0
202607,85,第85章  电机、电气设备及其零件；录音机及放声机、电视图像、声音的录制和重放设备及其零件、附件,224,肯尼亚,47871.0
202607,85,第85章  电机、电气设备及其零件；录音机及放声机、电视图像、声音的录制和重放设备及其零件、附件,235,尼日尔,5033.0
202607,85,第85章  电机、电气设备及其零件；录音机及放声机、电视图像、声音的录制和重放设备及其零件、附件,244,南非,9091311.0
202607,85,第85章  电机、电气设备及其零件；录音机及放声机、电视图像、声音的录制和重放设备及其零件、附件,255,莱索托,619518.0
202607,85,第85章  电机、电气设备及其零件；录音机及放声机、电视图像、声音的录制和重放设备及其零件、附件,301,比利时,114944437.0
202607,85,第85章  电机、电气设备及其零件；录音机及放声机、电视图像、声音的录制和重放设备及其零件、附件,305,法国,3749429915.0
202607,85,第85章  电机、电气设备及其零件；录音机及放声机、电视图像、声音的录制和重放设备及其零件、附件,306,爱尔兰,4677130677.0
202607,85,第85章  电机、电气设备及其零件；录音机及放声机、电视图像、声音的录制和重放设备及其零件、附件,307,意大利,2064171143.0
202607,85,第85章  电机、电气设备及其零件；录音机及放声机、电视图像、声音的录制和重放设备及其零件、附件,309,荷兰,818108581.0
202607,85,第85章  电机、电气设备及其零件；录音机及放声机、电视图像、声音的录制和重放设备及其零件、附件,310,希腊,15090844.0
202607,85,第85章  电机、电气设备及其零件；录音机及放声机、电视图像、声音的录制和重放设备及其零件、附件,312,西班牙,284818035.0
202607,85,第85章  电机、电气设备及其零件；录音机及放声机、电视图像、声音的录制和重放设备及其零件、附件,313,阿尔巴尼亚,555326.0
202607,85,第85章  电机、电气设备及其零件；录音机及放声机、电视图像、声音的录制和重放设备及其零件、附件,314,安道尔,5263.0
202607,85,第85章  电机、电气设备及其零件；录音机及放声机、电视图像、声音的录制和重放设备及其零件、附件,315,奥地利,1033196937.0
202607,85,第85章  电机、电气设备及其零件；录音机及放声机、电视图像、声音的录制和重放设备及其零件、附件,316,保加利亚,67624175.0
202607,85,第85章  电机、电气设备及其零件；录音机及放声机、电视图像、声音的录制和重放设备及其零件、附件,318,芬兰,325537171.0
202607,85,第85章  电机、电气设备及其零件；录音机及放声机、电视图像、声音的录制和重放设备及其零件、附件,320,直布罗陀,3944.0
202607,85,第85章  电机、电气设备及其零件；录音机及放声机、电视图像、声音的录制和重放设备及其零件、附件,321,匈牙利,1866753637.0
202607,85,第85章  电机、电气设备及其零件；录音机及放声机、电视图像、声音的录制和重放设备及其零件、附件,326,挪威,109296412.0
202607,85,第85章  电机、电气设备及其零件；录音机及放声机、电视图像、声音的录制和重放设备及其零件、附件,327,波兰,599220759.0
202607,85,第85章  电机、电气设备及其零件；录音机及放声机、电视图像、声音的录制和重放设备及其零件、附件,336,立陶宛,75819031.0
202607,85,第85章  电机、电气设备及其零件；录音机及放声机、电视图像、声音的录制和重放设备及其零件、附件,340,白俄罗斯,8280306.0
202607,85,第85章  电机、电气设备及其零件；录音机及放声机、电视图像、声音的录制和重放设备及其零件、附件,350,斯洛文尼亚,121503003.0
202607,85,第85章  电机、电气设备及其零件；录音机及放声机、电视图像、声音的录制和重放设备及其零件、附件,357,法罗群岛,1969.0
202607,85,第85章  电机、电气设备及其零件；录音机及放声机、电视图像、声音的录制和重放设备及其零件、附件,359,黑山,4265.0
202607,85,第85章  电机、电气设备及其零件；录音机及放声机、电视图像、声音的录制和重放设备及其零件、附件,405,巴巴多斯,2663.0
202607,85,第85章  电机、电气设备及其零件；录音机及放声机、电视图像、声音的录制和重放设备及其零件、附件,406,伯利兹,86.0
202607,85,第85章  电机、电气设备及其零件；录音机及放声机、电视图像、声音的录制和重放设备及其零件、附件,408,玻利维亚 ,1030.0
202607,85,第85章  电机、电气设备及其零件；录音机及放声机、电视图像、声音的录制和重放设备及其零件、附件,410,巴西,99131606.0
202607,85,第85章  电机、电气设备及其零件；录音机及放声机、电视图像、声音的录制和重放设备及其零件、附件,415,哥斯达黎加,41982596.0
202607,85,第85章  电机、电气设备及其零件；录音机及放声机、电视图像、声音的录制和重放设备及其零件、附件,427,牙买加,22.0
202607,85,第85章  电机、电气设备及其零件；录音机及放声机、电视图像、声音的录制和重放设备及其零件、附件,429,墨西哥,1814218860.0
202607,85,第85章  电机、电气设备及其零件；录音机及放声机、电视图像、声音的录制和重放设备及其零件、附件,430,蒙特塞拉特,6006.0
202607,85,第85章  电机、电气设备及其零件；录音机及放声机、电视图像、声音的录制和重放设备及其零件、附件,431,尼加拉瓜,118630.0
202607,85,第85章  电机、电气设备及其零件；录音机及放声机、电视图像、声音的录制和重放设备及其零件、附件,435,波多黎各,66147.0
202607,85,第85章  电机、电气设备及其零件；录音机及放声机、电视图像、声音的录制和重放设备及其零件、附件,444,乌拉圭,729.0
202607,85,第85章  电机、电气设备及其零件；录音机及放声机、电视图像、声音的录制和重放设备及其零件、附件,446,英属维尔京群岛,191.0
202607,85,第85章  电机、电气设备及其零件；录音机及放声机、电视图像、声音的录制和重放设备及其零件、附件,501,加拿大,213782458.0
202607,86,第86章  铁道及电车道机车、车辆及其零件；铁道及电车道轨道固定装置及其零件；附件；各种机械（包括电动机械）交通信号设备,129,菲律宾,340744.0
202607,86,第86章  铁道及电车道机车、车辆及其零件；铁道及电车道轨道固定装置及其零件；附件；各种机械（包括电动机械）交通信号设备,137,土耳其,29925436.0
202607,86,第86章  铁道及电车道机车、车辆及其零件；铁道及电车道轨道固定装置及其零件；附件；各种机械（包括电动机械）交通信号设备,147,塔吉克斯坦,10896.0
202607,86,第86章  铁道及电车道机车、车辆及其零件；铁道及电车道轨道固定装置及其零件；附件；各种机械（包括电动机械）交通信号设备,244,南非,3032620.0
202607,86,第86章  铁道及电车道机车、车辆及其零件；铁道及电车道轨道固定装置及其零件；附件；各种机械（包括电动机械）交通信号设备,301,比利时,5349918.0
202607,86,第86章  铁道及电车道机车、车辆及其零件；铁道及电车道轨道固定装置及其零件；附件；各种机械（包括电动机械）交通信号设备,305,法国,1479409.0
202607,86,第86章  铁道及电车道机车、车辆及其零件；铁道及电车道轨道固定装置及其零件；附件；各种机械（包括电动机械）交通信号设备,307,意大利,85462667.0
202607,86,第86章  铁道及电车道机车、车辆及其零件；铁道及电车道轨道固定装置及其零件；附件；各种机械（包括电动机械）交通信号设备,309,荷兰,1109727.0
202607,86,第86章  铁道及电车道机车、车辆及其零件；铁道及电车道轨道固定装置及其零件；附件；各种机械（包括电动机械）交通信号设备,312,西班牙,33756703.0
202607,86,第86章  铁道及电车道机车、车辆及其零件；铁道及电车道轨道固定装置及其零件；附件；各种机械（包括电动机械）交通信号设备,315,奥地利,6434831.0
202607,86,第86章  铁道及电车道机车、车辆及其零件；铁道及电车道轨道固定装置及其零件；附件；各种机械（包括电动机械）交通信号设备,321,匈牙利,3711280.0
202607,86,第86章  铁道及电车道机车、车辆及其零件；铁道及电车道轨道固定装置及其零件；附件；各种机械（包括电动机械）交通信号设备,327,波兰,4841572.0
202607,86,第86章  铁道及电车道机车、车辆及其零件；铁道及电车道轨道固定装置及其零件；附件；各种机械（包括电动机械）交通信号设备,350,斯洛文尼亚,2366843.0
202607,86,第86章  铁道及电车道机车、车辆及其零件；铁道及电车道轨道固定装置及其零件；附件；各种机械（包括电动机械）交通信号设备,429,墨西哥,3544516.0
202607,86,第86章  铁道及电车道机车、车辆及其零件；铁道及电车道轨道固定装置及其零件；附件；各种机械（包括电动机械）交通信号设备,501,加拿大,1062298.0
202607,87,第87章  车辆及其零件、附件，但铁道及电车道车辆除外,118,科威特,8904.0
202607,87,第87章  车辆及其零件、附件，但铁道及电车道车辆除外,127,巴基斯坦,36057.0
202607,87,第87章  车辆及其零件、附件，但铁道及电车道车辆除外,129,菲律宾,24824901.0
202607,87,第87章  车辆及其零件、附件，但铁道及电车道车辆除外,137,土耳其,23668767.0
202607,87,第87章  车辆及其零件、附件，但铁道及电车道车辆除外,138,阿联酋,73218.0
202607,87,第87章  车辆及其零件、附件，但铁道及电车道车辆除外,244,南非,28616270.0
202607,87,第87章  车辆及其零件、附件，但铁道及电车道车辆除外,301,比利时,50114220.0
202607,87,第87章  车辆及其零件、附件，但铁道及电车道车辆除外,305,法国,86976613.0
202607,87,第87章  车辆及其零件、附件，但铁道及电车道车辆除外,306,爱尔兰,2531124.0
202607,87,第87章  车辆及其零件、附件，但铁道及电车道车辆除外,307,意大利,228562752.0
202607,87,第87章  车辆及其零件、附件，但铁道及电车道车辆除外,309,荷兰,48924271.0
202607,87,第87章  车辆及其零件、附件，但铁道及电车道车辆除外,310,希腊,127054.0
202607,87,第87章  车辆及其零件、附件，但铁道及电车道车辆除外,312,西班牙,67461358.0
202607,87,第87章  车辆及其零件、附件，但铁道及电车道车辆除外,315,奥地利,1209302471.0
202607,87,第87章  车辆及其零件、附件，但铁道及电车道车辆除外,316,保加利亚,20537919.0
202607,87,第87章  车辆及其零件、附件，但铁道及电车道车辆除外,318,芬兰,1219837.0
202607,87,第87章  车辆及其零件、附件，但铁道及电车道车辆除外,321,匈牙利,186607505.0
202607,87,第87章  车辆及其零件、附件，但铁道及电车道车辆除外,326,挪威,14668374.0
202607,87,第87章  车辆及其零件、附件，但铁道及电车道车辆除外,327,波兰,254998865.0
202607,87,第87章  车辆及其零件、附件，但铁道及电车道车辆除外,336,立陶宛,348722.0
202607,87,第87章  车辆及其零件、附件，但铁道及电车道车辆除外,340,白俄罗斯,42887.0
202607,87,第87章  车辆及其零件、附件，但铁道及电车道车辆除外,350,斯洛文尼亚,33095046.0
202607,87,第87章  车辆及其零件、附件，但铁道及电车道车辆除外,410,巴西,18387492.0
202607,87,第87章  车辆及其零件、附件，但铁道及电车道车辆除外,415,哥斯达黎加,199390.0
202607,87,第87章  车辆及其零件、附件，但铁道及电车道车辆除外,429,墨西哥,472351768.0
202607,87,第87章  车辆及其零件、附件，但铁道及电车道车辆除外,444,乌拉圭,1043.0
202607,87,第87章  车辆及其零件、附件，但铁道及电车道车辆除外,501,加拿大,42388525.0
202607,88,第88章  航空器、航天器及其零件,129,菲律宾,9596674.0
202607,88,第88章  航空器、航天器及其零件,137,土耳其,5661860.0
202607,88,第88章  航空器、航天器及其零件,138,阿联酋,65741.0
202607,88,第88章  航空器、航天器及其零件,244,南非,104033.0
202607,88,第88章  航空器、航天器及其零件,301,比利时,25273227.0
202607,88,第88章  航空器、航天器及其零件,305,法国,2020266023.0
202607,88,第88章  航空器、航天器及其零件,306,爱尔兰,130551.0
202607,88,第88章  航空器、航天器及其零件,307,意大利,8865504.0
202607,88,第88章  航空器、航天器及其零件,309,荷兰,808352.0
202607,88,第88章  航空器、航天器及其零件,312,西班牙,86304180.0
202607,88,第88章  航空器、航天器及其零件,315,奥地利,36461647.0
202607,88,第88章  航空器、航天器及其零件,318,芬兰,2498.0
202607,88,第88章  航空器、航天器及其零件,321,匈牙利,429908.0
202607,88,第88章  航空器、航天器及其零件,327,波兰,1325796.0
202607,88,第88章  航空器、航天器及其零件,350,斯洛文尼亚,550274.0
202607,88,第88章  航空器、航天器及其零件,410,巴西,4158404.0
202607,88,第88章  航空器、航天器及其零件,415,哥斯达黎加,16363.0
202607,88,第88章  航空器、航天器及其零件,429,墨西哥,48827719.0
202607,88,第88章  航空器、航天器及其零件,501,加拿大,264134868.0
202607,89,第89章  船舶及浮动结构体,305,法国,748881.0
202607,89,第89章  船舶及浮动结构体,307,意大利,43056793.0
202607,89,第89章  船舶及浮动结构体,309,荷兰,551282.0
202607,89,第89章  船舶及浮动结构体,310,希腊,4180.0
202607,89,第89章  船舶及浮动结构体,326,挪威,350781.0
202607,89,第89章  船舶及浮动结构体,327,波兰,217816.0
202607,89,第89章  船舶及浮动结构体,429,墨西哥,8143842.0
202607,89,第89章  船舶及浮动结构体,501,加拿大,183089.0
202607,90,第90章  光学、照相、电影、计量、检验、医疗或外科用仪器及设备、精密仪器及设备；上述物品的零件、附件,108,塞浦路斯,112697.0
202607,90,第90章  光学、照相、电影、计量、检验、医疗或外科用仪器及设备、精密仪器及设备；上述物品的零件、附件,109,朝鲜,8750593.0
202607,90,第90章  光学、照相、电影、计量、检验、医疗或外科用仪器及设备、精密仪器及设备；上述物品的零件、附件,127,巴基斯坦,5994472.0
202607,90,第90章  光学、照相、电影、计量、检验、医疗或外科用仪器及设备、精密仪器及设备；上述物品的零件、附件,129,菲律宾,227145093.0
202607,90,第90章  光学、照相、电影、计量、检验、医疗或外科用仪器及设备、精密仪器及设备；上述物品的零件、附件,137,土耳其,52429854.0
202607,90,第90章  光学、照相、电影、计量、检验、医疗或外科用仪器及设备、精密仪器及设备；上述物品的零件、附件,138,阿联酋,26972596.0
202607,90,第90章  光学、照相、电影、计量、检验、医疗或外科用仪器及设备、精密仪器及设备；上述物品的零件、附件,220,加纳,26217.0
202607,90,第90章  光学、照相、电影、计量、检验、医疗或外科用仪器及设备、精密仪器及设备；上述物品的零件、附件,227,马达加斯加,66989.0
202607,90,第90章  光学、照相、电影、计量、检验、医疗或外科用仪器及设备、精密仪器及设备；上述物品的零件、附件,244,南非,1935115.0
202607,90,第90章  光学、照相、电影、计量、检验、医疗或外科用仪器及设备、精密仪器及设备；上述物品的零件、附件,301,比利时,138939844.0
202607,90,第90章  光学、照相、电影、计量、检验、医疗或外科用仪器及设备、精密仪器及设备；上述物品的零件、附件,305,法国,837519091.0
202607,90,第90章  光学、照相、电影、计量、检验、医疗或外科用仪器及设备、精密仪器及设备；上述物品的零件、附件,306,爱尔兰,1094614656.0
202607,90,第90章  光学、照相、电影、计量、检验、医疗或外科用仪器及设备、精密仪器及设备；上述物品的零件、附件,307,意大利,618021607.0
202607,90,第90章  光学、照相、电影、计量、检验、医疗或外科用仪器及设备、精密仪器及设备；上述物品的零件、附件,309,荷兰,656410014.0
202607,90,第90章  光学、照相、电影、计量、检验、医疗或外科用仪器及设备、精密仪器及设备；上述物品的零件、附件,310,希腊,3499302.0
202607,90,第90章  光学、照相、电影、计量、检验、医疗或外科用仪器及设备、精密仪器及设备；上述物品的零件、附件,312,西班牙,118151288.0
202607,90,第90章  光学、照相、电影、计量、检验、医疗或外科用仪器及设备、精密仪器及设备；上述物品的零件、附件,315,奥地利,229322646.0
202607,90,第90章  光学、照相、电影、计量、检验、医疗或外科用仪器及设备、精密仪器及设备；上述物品的零件、附件,316,保加利亚,37733877.0
202607,90,第90章  光学、照相、电影、计量、检验、医疗或外科用仪器及设备、精密仪器及设备；上述物品的零件、附件,318,芬兰,153010226.0
202607,90,第90章  光学、照相、电影、计量、检验、医疗或外科用仪器及设备、精密仪器及设备；上述物品的零件、附件,321,匈牙利,160281301.0
202607,90,第90章  光学、照相、电影、计量、检验、医疗或外科用仪器及设备、精密仪器及设备；上述物品的零件、附件,326,挪威,127905042.0
202607,90,第90章  光学、照相、电影、计量、检验、医疗或外科用仪器及设备、精密仪器及设备；上述物品的零件、附件,327,波兰,138244870.0
202607,90,第90章  光学、照相、电影、计量、检验、医疗或外科用仪器及设备、精密仪器及设备；上述物品的零件、附件,336,立陶宛,60027715.0
202607,90,第90章  光学、照相、电影、计量、检验、医疗或外科用仪器及设备、精密仪器及设备；上述物品的零件、附件,340,白俄罗斯,2479149.0
202607,90,第90章  光学、照相、电影、计量、检验、医疗或外科用仪器及设备、精密仪器及设备；上述物品的零件、附件,350,斯洛文尼亚,34884838.0
202607,90,第90章  光学、照相、电影、计量、检验、医疗或外科用仪器及设备、精密仪器及设备；上述物品的零件、附件,359,黑山,3410606.0
202607,90,第90章  光学、照相、电影、计量、检验、医疗或外科用仪器及设备、精密仪器及设备；上述物品的零件、附件,405,巴巴多斯,4064938.0
202607,90,第90章  光学、照相、电影、计量、检验、医疗或外科用仪器及设备、精密仪器及设备；上述物品的零件、附件,410,巴西,35623980.0
202607,90,第90章  光学、照相、电影、计量、检验、医疗或外科用仪器及设备、精密仪器及设备；上述物品的零件、附件,415,哥斯达黎加,456140670.0
202607,90,第90章  光学、照相、电影、计量、检验、医疗或外科用仪器及设备、精密仪器及设备；上述物品的零件、附件,429,墨西哥,1710920846.0
202607,90,第90章  光学、照相、电影、计量、检验、医疗或外科用仪器及设备、精密仪器及设备；上述物品的零件、附件,431,尼加拉瓜,23571.0
202607,90,第90章  光学、照相、电影、计量、检验、医疗或外科用仪器及设备、精密仪器及设备；上述物品的零件、附件,435,波多黎各,248418743.0
202607,90,第90章  光学、照相、电影、计量、检验、医疗或外科用仪器及设备、精密仪器及设备；上述物品的零件、附件,501,加拿大,357058083.0
202607,90,第90章  光学、照相、电影、计量、检验、医疗或外科用仪器及设备、精密仪器及设备；上述物品的零件、附件,621,马绍尔群岛,14300.0
202607,91,第91章  钟表及其零件,109,朝鲜,14734262.0
202607,91,第91章  钟表及其零件,129,菲律宾,664584.0
202607,91,第91章  钟表及其零件,137,土耳其,1290.0
202607,91,第91章  钟表及其零件,138,阿联酋,7257.0
202607,91,第91章  钟表及其零件,227,马达加斯加,20458.0
202607,91,第91章  钟表及其零件,305,法国,31788017.0
202607,91,第91章  钟表及其零件,307,意大利,2264037.0
202607,91,第91章  钟表及其零件,309,荷兰,67363.0
202607,91,第91章  钟表及其零件,310,希腊,8269.0
202607,91,第91章  钟表及其零件,312,西班牙,19435.0
202607,91,第91章  钟表及其零件,315,奥地利,343774.0
202607,91,第91章  钟表及其零件,316,保加利亚,7109.0
202607,91,第91章  钟表及其零件,318,芬兰,9995.0
202607,91,第91章  钟表及其零件,321,匈牙利,175536.0
202607,91,第91章  钟表及其零件,326,挪威,2059.0
202607,91,第91章  钟表及其零件,327,波兰,226756.0
202607,91,第91章  钟表及其零件,350,斯洛文尼亚,50948.0
202607,91,第91章  钟表及其零件,429,墨西哥,23199.0
202607,91,第91章  钟表及其零件,501,加拿大,11095.0
202607,92,第92章  乐器及其零件、附件,137,土耳其,265583.0
202607,92,第92章  乐器及其零件、附件,220,加纳,11533.0
202607,92,第92章  乐器及其零件、附件,305,法国,9454981.0
202607,92,第92章  乐器及其零件、附件,306,爱尔兰,130272.0
202607,92,第92章  乐器及其零件、附件,307,意大利,6494330.0
202607,92,第92章  乐器及其零件、附件,309,荷兰,15755.0
202607,92,第92章  乐器及其零件、附件,312,西班牙,321208.0
202607,92,第92章  乐器及其零件、附件,315,奥地利,4215583.0
202607,92,第92章  乐器及其零件、附件,316,保加利亚,111712.0
202607,92,第92章  乐器及其零件、附件,318,芬兰,109986.0
202607,92,第92章  乐器及其零件、附件,350,斯洛文尼亚,80714.0
202607,92,第92章  乐器及其零件、附件,410,巴西,23526.0
202607,92,第92章  乐器及其零件、附件,429,墨西哥,3618101.0
202607,92,第92章  乐器及其零件、附件,501,加拿大,2231346.0
202607,93,第93章  武器、弹药及其零件、附件,307,意大利,39415.0
202607,94,第94章  家具；寝具、褥垫、弹簧床垫、软坐垫及类似的填充制品；未列名灯具及照明装置；发光标志、发光铭牌及类似品；活动房屋,124,蒙古,38066.0
202607,94,第94章  家具；寝具、褥垫、弹簧床垫、软坐垫及类似的填充制品；未列名灯具及照明装置；发光标志、发光铭牌及类似品；活动房屋,127,巴基斯坦,29579.0
202607,94,第94章  家具；寝具、褥垫、弹簧床垫、软坐垫及类似的填充制品；未列名灯具及照明装置；发光标志、发光铭牌及类似品；活动房屋,129,菲律宾,5112674.0
202607,94,第94章  家具；寝具、褥垫、弹簧床垫、软坐垫及类似的填充制品；未列名灯具及照明装置；发光标志、发光铭牌及类似品；活动房屋,137,土耳其,1715419.0
202607,94,第94章  家具；寝具、褥垫、弹簧床垫、软坐垫及类似的填充制品；未列名灯具及照明装置；发光标志、发光铭牌及类似品；活动房屋,138,阿联酋,24963.0
202607,94,第94章  家具；寝具、褥垫、弹簧床垫、软坐垫及类似的填充制品；未列名灯具及照明装置；发光标志、发光铭牌及类似品；活动房屋,224,肯尼亚,10598.0
202607,94,第94章  家具；寝具、褥垫、弹簧床垫、软坐垫及类似的填充制品；未列名灯具及照明装置；发光标志、发光铭牌及类似品；活动房屋,233,莫桑比克,133670.0
202607,94,第94章  家具；寝具、褥垫、弹簧床垫、软坐垫及类似的填充制品；未列名灯具及照明装置；发光标志、发光铭牌及类似品；活动房屋,244,南非,1026572.0
202607,94,第94章  家具；寝具、褥垫、弹簧床垫、软坐垫及类似的填充制品；未列名灯具及照明装置；发光标志、发光铭牌及类似品；活动房屋,301,比利时,2327740.0
202607,94,第94章  家具；寝具、褥垫、弹簧床垫、软坐垫及类似的填充制品；未列名灯具及照明装置；发光标志、发光铭牌及类似品；活动房屋,305,法国,45832802.0
202607,94,第94章  家具；寝具、褥垫、弹簧床垫、软坐垫及类似的填充制品；未列名灯具及照明装置；发光标志、发光铭牌及类似品；活动房屋,306,爱尔兰,1137180.0
202607,94,第94章  家具；寝具、褥垫、弹簧床垫、软坐垫及类似的填充制品；未列名灯具及照明装置；发光标志、发光铭牌及类似品；活动房屋,307,意大利,205772020.0
202607,94,第94章  家具；寝具、褥垫、弹簧床垫、软坐垫及类似的填充制品；未列名灯具及照明装置；发光标志、发光铭牌及类似品；活动房屋,309,荷兰,11455018.0
202607,94,第94章  家具；寝具、褥垫、弹簧床垫、软坐垫及类似的填充制品；未列名灯具及照明装置；发光标志、发光铭牌及类似品；活动房屋,310,希腊,652656.0
202607,94,第94章  家具；寝具、褥垫、弹簧床垫、软坐垫及类似的填充制品；未列名灯具及照明装置；发光标志、发光铭牌及类似品；活动房屋,312,西班牙,8609222.0
202607,94,第94章  家具；寝具、褥垫、弹簧床垫、软坐垫及类似的填充制品；未列名灯具及照明装置；发光标志、发光铭牌及类似品；活动房屋,315,奥地利,10306916.0
202607,94,第94章  家具；寝具、褥垫、弹簧床垫、软坐垫及类似的填充制品；未列名灯具及照明装置；发光标志、发光铭牌及类似品；活动房屋,316,保加利亚,1730644.0
202607,94,第94章  家具；寝具、褥垫、弹簧床垫、软坐垫及类似的填充制品；未列名灯具及照明装置；发光标志、发光铭牌及类似品；活动房屋,318,芬兰,4862454.0
202607,94,第94章  家具；寝具、褥垫、弹簧床垫、软坐垫及类似的填充制品；未列名灯具及照明装置；发光标志、发光铭牌及类似品；活动房屋,321,匈牙利,6447283.0
202607,94,第94章  家具；寝具、褥垫、弹簧床垫、软坐垫及类似的填充制品；未列名灯具及照明装置；发光标志、发光铭牌及类似品；活动房屋,326,挪威,16507882.0
202607,94,第94章  家具；寝具、褥垫、弹簧床垫、软坐垫及类似的填充制品；未列名灯具及照明装置；发光标志、发光铭牌及类似品；活动房屋,327,波兰,22919137.0
202607,94,第94章  家具；寝具、褥垫、弹簧床垫、软坐垫及类似的填充制品；未列名灯具及照明装置；发光标志、发光铭牌及类似品；活动房屋,336,立陶宛,2456287.0
202607,94,第94章  家具；寝具、褥垫、弹簧床垫、软坐垫及类似的填充制品；未列名灯具及照明装置；发光标志、发光铭牌及类似品；活动房屋,340,白俄罗斯,11757.0
202607,94,第94章  家具；寝具、褥垫、弹簧床垫、软坐垫及类似的填充制品；未列名灯具及照明装置；发光标志、发光铭牌及类似品；活动房屋,350,斯洛文尼亚,1299594.0
202607,94,第94章  家具；寝具、褥垫、弹簧床垫、软坐垫及类似的填充制品；未列名灯具及照明装置；发光标志、发光铭牌及类似品；活动房屋,410,巴西,939250.0
202607,94,第94章  家具；寝具、褥垫、弹簧床垫、软坐垫及类似的填充制品；未列名灯具及照明装置；发光标志、发光铭牌及类似品；活动房屋,429,墨西哥,10419559.0
202607,94,第94章  家具；寝具、褥垫、弹簧床垫、软坐垫及类似的填充制品；未列名灯具及照明装置；发光标志、发光铭牌及类似品；活动房屋,501,加拿大,2936337.0
202607,95,第95章  玩具、游戏品、运动用品及其零件、附件,109,朝鲜,22046431.0
202607,95,第95章  玩具、游戏品、运动用品及其零件、附件,127,巴基斯坦,5677320.0
202607,95,第95章  玩具、游戏品、运动用品及其零件、附件,129,菲律宾,16381429.0
202607,95,第95章  玩具、游戏品、运动用品及其零件、附件,137,土耳其,1343.0
202607,95,第95章  玩具、游戏品、运动用品及其零件、附件,138,阿联酋,781352.0
202607,95,第95章  玩具、游戏品、运动用品及其零件、附件,224,肯尼亚,145330.0
202607,95,第95章  玩具、游戏品、运动用品及其零件、附件,227,马达加斯加,5951.0
202607,95,第95章  玩具、游戏品、运动用品及其零件、附件,244,南非,777.0
202607,95,第95章  玩具、游戏品、运动用品及其零件、附件,301,比利时,1023477.0
202607,95,第95章  玩具、游戏品、运动用品及其零件、附件,305,法国,6166388.0
202607,95,第95章  玩具、游戏品、运动用品及其零件、附件,306,爱尔兰,16673.0
202607,95,第95章  玩具、游戏品、运动用品及其零件、附件,307,意大利,26504124.0
202607,95,第95章  玩具、游戏品、运动用品及其零件、附件,309,荷兰,17266283.0
202607,95,第95章  玩具、游戏品、运动用品及其零件、附件,310,希腊,440335.0
202607,95,第95章  玩具、游戏品、运动用品及其零件、附件,312,西班牙,2747760.0
202607,95,第95章  玩具、游戏品、运动用品及其零件、附件,315,奥地利,8466970.0
202607,95,第95章  玩具、游戏品、运动用品及其零件、附件,316,保加利亚,2316764.0
202607,95,第95章  玩具、游戏品、运动用品及其零件、附件,318,芬兰,640529.0
202607,95,第95章  玩具、游戏品、运动用品及其零件、附件,321,匈牙利,28345436.0
202607,95,第95章  玩具、游戏品、运动用品及其零件、附件,326,挪威,770715.0
202607,95,第95章  玩具、游戏品、运动用品及其零件、附件,327,波兰,11779954.0
202607,95,第95章  玩具、游戏品、运动用品及其零件、附件,350,斯洛文尼亚,1235810.0
202607,95,第95章  玩具、游戏品、运动用品及其零件、附件,359,黑山,435.0
202607,95,第95章  玩具、游戏品、运动用品及其零件、附件,410,巴西,451914.0
202607,95,第95章  玩具、游戏品、运动用品及其零件、附件,415,哥斯达黎加,9571.0
202607,95,第95章  玩具、游戏品、运动用品及其零件、附件,429,墨西哥,19055956.0
202607,95,第95章  玩具、游戏品、运动用品及其零件、附件,501,加拿大,4259844.0
202607,96,第96章  杂项制品,108,塞浦路斯,378.0
202607,96,第96章  杂项制品,109,朝鲜,119506.0
202607,96,第96章  杂项制品,127,巴基斯坦,88400.0
202607,96,第96章  杂项制品,129,菲律宾,8649868.0
202607,96,第96章  杂项制品,137,土耳其,372484.0
202607,96,第96章  杂项制品,138,阿联酋,801.0
202607,96,第96章  杂项制品,227,马达加斯加,33103.0
202607,96,第96章  杂项制品,244,南非,237229.0
202607,96,第96章  杂项制品,301,比利时,492483.0
202607,96,第96章  杂项制品,305,法国,18219784.0
202607,96,第96章  杂项制品,306,爱尔兰,698823.0
202607,96,第96章  杂项制品,307,意大利,16525844.0
202607,96,第96章  杂项制品,309,荷兰,1021607.0
202607,96,第96章  杂项制品,310,希腊,18445.0
202607,96,第96章  杂项制品,312,西班牙,5696831.0
202607,96,第96章  杂项制品,315,奥地利,2708437.0
202607,96,第96章  杂项制品,316,保加利亚,226924.0
202607,96,第96章  杂项制品,318,芬兰,87001.0
202607,96,第96章  杂项制品,321,匈牙利,39692436.0
202607,96,第96章  杂项制品,326,挪威,36508.0
202607,96,第96章  杂项制品,327,波兰,223870.0
202607,96,第96章  杂项制品,336,立陶宛,2138145.0
202607,96,第96章  杂项制品,350,斯洛文尼亚,156413.0
202607,96,第96章  杂项制品,410,巴西,148441.0
202607,96,第96章  杂项制品,429,墨西哥,1272233.0
202607,96,第96章  杂项制品,501,加拿大,6778311.0
202607,97,第97章  艺术品、收藏品及古物,129,菲律宾,51690.0
202607,97,第97章  艺术品、收藏品及古物,203,贝宁,502691.0
202607,97,第97章  艺术品、收藏品及古物,209,中非,49233.0
202607,97,第97章  艺术品、收藏品及古物,227,马达加斯加,39065.0
202607,97,第97章  艺术品、收藏品及古物,244,南非,20000.0
202607,97,第97章  艺术品、收藏品及古物,301,比利时,1089520.0
202607,97,第97章  艺术品、收藏品及古物,305,法国,23294515.0
202607,97,第97章  艺术品、收藏品及古物,306,爱尔兰,5419788.0
202607,97,第97章  艺术品、收藏品及古物,307,意大利,11679804.0
202607,97,第97章  艺术品、收藏品及古物,309,荷兰,208344.0
202607,97,第97章  艺术品、收藏品及古物,310,希腊,202110.0
202607,97,第97章  艺术品、收藏品及古物,312,西班牙,909974.0
202607,97,第97章  艺术品、收藏品及古物,313,阿尔巴尼亚,6183.0
202607,97,第97章  艺术品、收藏品及古物,315,奥地利,528745.0
202607,97,第97章  艺术品、收藏品及古物,318,芬兰,195.0
202607,97,第97章  艺术品、收藏品及古物,327,波兰,2012237.0
202607,97,第97章  艺术品、收藏品及古物,350,斯洛文尼亚,4889.0
202607,97,第97章  艺术品、收藏品及古物,410,巴西,3447414.0
202607,97,第97章  艺术品、收藏品及古物,415,哥斯达黎加,6467.0
202607,97,第97章  艺术品、收藏品及古物,429,墨西哥,5411.0
202607,97,第97章  艺术品、收藏品及古物,501,加拿大,283647.0
202607,98,第98章  特殊交易品及未分类商品,108,塞浦路斯,50772.0
202607,98,第98章  特殊交易品及未分类商品,109,朝鲜,10550192.0
202607,98,第98章  特殊交易品及未分类商品,118,科威特,112612.0
202607,98,第98章  特殊交易品及未分类商品,123,马尔代夫,12599.0
202607,98,第98章  特殊交易品及未分类商品,124,蒙古,145566744.0
202607,98,第98章  特殊交易品及未分类商品,127,巴基斯坦,1181452.0
202607,98,第98章  特殊交易品及未分类商品,129,菲律宾,3369473.0
202607,98,第98章  特殊交易品及未分类商品,137,土耳其,5561461.0
202607,98,第98章  特殊交易品及未分类商品,138,阿联酋,2919281.0
202607,98,第98章  特殊交易品及未分类商品,147,塔吉克斯坦,5737.0
202607,98,第98章  特殊交易品及未分类商品,203,贝宁,16161.0
202607,98,第98章  特殊交易品及未分类商品,208,佛得角,2499.0
202607,98,第98章  特殊交易品及未分类商品,209,中非,3500.0
202607,98,第98章  特殊交易品及未分类商品,211,乍得,3348.0
202607,98,第98章  特殊交易品及未分类商品,213,刚果共和国,2529.0
202607,98,第98章  特殊交易品及未分类商品,219,冈比亚,3929.0
202607,98,第98章  特殊交易品及未分类商品,220,加纳,43907.0
202607,98,第98章  特殊交易品及未分类商品,222,几内亚比绍,420.0
202607,98,第98章  特殊交易品及未分类商品,224,肯尼亚,143772.0
202607,98,第98章  特殊交易品及未分类商品,227,马达加斯加,217339.0
202607,98,第98章  特殊交易品及未分类商品,233,莫桑比克,54204.0
202607,98,第98章  特殊交易品及未分类商品,235,尼日尔,6495.0
202607,98,第98章  特殊交易品及未分类商品,239,圣多美和普林西比,11808.0
202607,98,第98章  特殊交易品及未分类商品,241,塞舌尔,2825.0
202607,98,第98章  特殊交易品及未分类商品,244,南非,656562.0
202607,98,第98章  特殊交易品及未分类商品,250,乌干达,17469.0
202607,98,第98章  特殊交易品及未分类商品,252,刚果民主共和国,30120.0
202607,98,第98章  特殊交易品及未分类商品,254,津巴布韦,22336.0
202607,98,第98章  特殊交易品及未分类商品,255,莱索托,545.0
202607,98,第98章  特殊交易品及未分类商品,258,厄立特里亚,426.0
202607,98,第98章  特殊交易品及未分类商品,299,非洲其他国家(地区),5341.0
202607,98,第98章  特殊交易品及未分类商品,301,比利时,1505241.0
202607,98,第98章  特殊交易品及未分类商品,305,法国,15521083.0
202607,98,第98章  特殊交易品及未分类商品,306,爱尔兰,973252.0
202607,98,第98章  特殊交易品及未分类商品,307,意大利,26304770.0
202607,98,第98章  特殊交易品及未分类商品,309,荷兰,8443875.0
202607,98,第98章  特殊交易品及未分类商品,310,希腊,2225652.0
202607,98,第98章  特殊交易品及未分类商品,312,西班牙,7090668.0
202607,98,第98章  特殊交易品及未分类商品,313,阿尔巴尼亚,76519.0
202607,98,第98章  特殊交易品及未分类商品,314,安道尔,1413.0
202607,98,第98章  特殊交易品及未分类商品,315,奥地利,1211767.0
202607,98,第98章  特殊交易品及未分类商品,316,保加利亚,718220.0
202607,98,第98章  特殊交易品及未分类商品,318,芬兰,965609.0
202607,98,第98章  特殊交易品及未分类商品,320,直布罗陀,94.0
202607,98,第98章  特殊交易品及未分类商品,321,匈牙利,651666.0
202607,98,第98章  特殊交易品及未分类商品,326,挪威,1247371.0
202607,98,第98章  特殊交易品及未分类商品,327,波兰,2414770.0
202607,98,第98章  特殊交易品及未分类商品,336,立陶宛,331974.0
202607,98,第98章  特殊交易品及未分类商品,340,白俄罗斯,5178.0
202607,98,第98章  特殊交易品及未分类商品,350,斯洛文尼亚,192584.0
202607,98,第98章  特殊交易品及未分类商品,357,法罗群岛,1440.0
202607,98,第98章  特殊交易品及未分类商品,359,黑山,1360.0
202607,98,第98章  特殊交易品及未分类商品,404,巴哈马,211.0
202607,98,第98章  特殊交易品及未分类商品,405,巴巴多斯,1352.0
202607,98,第98章  特殊交易品及未分类商品,406,伯利兹,2141.0
202607,98,第98章  特殊交易品及未分类商品,408,玻利维亚 ,69578.0
202607,98,第98章  特殊交易品及未分类商品,410,巴西,1951970.0
202607,98,第98章  特殊交易品及未分类商品,415,哥斯达黎加,63233.0
202607,98,第98章  特殊交易品及未分类商品,422,瓜德罗普,225.0
202607,98,第98章  特殊交易品及未分类商品,427,牙买加,22856.0
202607,98,第98章  特殊交易品及未分类商品,429,墨西哥,3966936.0
202607,98,第98章  特殊交易品及未分类商品,431,尼加拉瓜,109576.0
202607,98,第98章  特殊交易品及未分类商品,435,波多黎各,27982.0
202607,98,第98章  特殊交易品及未分类商品,442,特立尼达和多巴哥,23070.0
202607,98,第98章  特殊交易品及未分类商品,443,特克斯和凯科斯群岛,225.0
202607,98,第98章  特殊交易品及未分类商品,444,乌拉圭,54012.0
202607,98,第98章  特殊交易品及未分类商品,446,英属维尔京群岛,1525.0
202607,98,第98章  特殊交易品及未分类商品,501,加拿大,69123945.0
202607,98,第98章  特殊交易品及未分类商品,614,汤加,1586.0
202607,98,第98章  特殊交易品及未分类商品,617,萨摩亚,24631.0
202607,98,第98章  特殊交易品及未分类商品,621,马绍尔群岛,5.0
202607,98,第98章  特殊交易品及未分类商品,699,大洋洲其他国家(地区) ,288.0
